{"type": "FeatureCollection", "features": [{"type": "Feature", "geometry": {"type": "Point", "coordinates": [136.605942, 35.360088]}, "properties": {"name": "ＴＳＵＣＨＩＹＡ（株）", "address": "岐阜県大垣市神田町２ー５５", "tel": "0584-81-5111"}}, {"type": "Feature", "geometry": {"type": "Point", "coordinates": [132.111893, 33.954395]}, "properties": {"name": "井森工業（株）", "address": "山口県柳井市伊保庄４９０７", "tel": "0820-22-1500"}}, {"type": "Feature", "geometry": {"type": "Point", "coordinates": [139.786301, 35.670841]}, "properties": {"name": "三井住友建設（株）", "address": "東京都中央区佃２ー１ー６", "tel": "03-4582-3022"}}, {"type": "Feature", "geometry": {"type": "Point", "coordinates": [131.807465, 34.051044]}, "properties": {"name": "洋林建設（株）", "address": "山口県周南市平和通１ー２６", "tel": "0834-31-2555"}}, {"type": "Feature", "geometry": {"type": "Point", "coordinates": [139.696381, 35.691788]}, "properties": {"name": "大成建設（株）", "address": "東京都新宿区西新宿１ー２５ー１", "tel": "03-3348-1111"}}, {"type": "Feature", "geometry": {"type": "Point", "coordinates": [139.755447, 35.698421]}, "properties": {"name": "（株）セントラルユニ", "address": "東京都千代田区西神田２ー３ー１６", "tel": "03-3556-1331"}}, {"type": "Feature", "geometry": {"type": "Point", "coordinates": [139.775681, 35.690891]}, "properties": {"name": "佐藤工業（株）", "address": "東京都中央区日本橋本町４ー１２ー１９", "tel": "03-3661-0502"}}, {"type": "Feature", "geometry": {"type": "Point", "coordinates": [130.506287, 33.319187]}, "properties": {"name": "大和建設（株）", "address": "福岡県久留米市中央町２２ー１７", "tel": "0942-33-7376"}}, {"type": "Feature", "geometry": {"type": "Point", "coordinates": [130.420731, 33.583092]}, "properties": {"name": "（株）九州日立システムズ", "address": "福岡県福岡市博多区博多駅南２ー１２ー２２", "tel": "092-434-9291"}}, {"type": "Feature", "geometry": {"type": "Point", "coordinates": [130.367783, 33.591366]}, "properties": {"name": "西部建設（株）", "address": "福岡県福岡市中央区地行１ー１５ー２９", "tel": "092-771-1766"}}, {"type": "Feature", "geometry": {"type": "Point", "coordinates": [136.6008, 36.60651]}, "properties": {"name": "日成ビルド工業（株）", "address": "石川県金沢市金石北３ー１６ー１０", "tel": "076-268-1111"}}, {"type": "Feature", "geometry": {"type": "Point", "coordinates": [131.073029, 31.729662]}, "properties": {"name": "吉原建設（株）", "address": "宮崎県都城市中原町３２ー１", "tel": "0986-25-7000"}}, {"type": "Feature", "geometry": {"type": "Point", "coordinates": [131.219543, 33.995743]}, "properties": {"name": "新光産業（株）", "address": "山口県宇部市厚南中央２ー１ー１４", "tel": "0836-45-1120"}}, {"type": "Feature", "geometry": {"type": "Point", "coordinates": [130.722183, 32.822834]}, "properties": {"name": "（株）建吉組", "address": "熊本県熊本市中央区坪井６ー３８ー１５", "tel": "096-343-1111"}}, {"type": "Feature", "geometry": {"type": "Point", "coordinates": [130.599274, 32.499184]}, "properties": {"name": "和久田建設（株）", "address": "熊本県八代市迎町２ー９ー１０", "tel": "0965-32-5171"}}, {"type": "Feature", "geometry": {"type": "Point", "coordinates": [130.427414, 33.568115]}, "properties": {"name": "安藤工事（株）", "address": "福岡県福岡市南区塩原１丁目５ー３６ベイシック塩原２０２", "tel": "092-561-7012"}}, {"type": "Feature", "geometry": {"type": "Point", "coordinates": [131.661209, 32.58226]}, "properties": {"name": "日新興業（株）", "address": "宮崎県延岡市本小路７４", "tel": "0982-33-2455"}}, {"type": "Feature", "geometry": {"type": "Point", "coordinates": [139.727585, 35.687206]}, "properties": {"name": "（株）第一ヒューテック", "address": "東京都新宿区四谷１ー２３", "tel": "03-3359-8818"}}, {"type": "Feature", "geometry": {"type": "Point", "coordinates": [139.743912, 35.664398]}, "properties": {"name": "日本国土開発（株）", "address": "東京都港区虎ノ門４ー３ー１３", "tel": "03-6777-7957"}}, {"type": "Feature", "geometry": {"type": "Point", "coordinates": [130.935318, 33.910477]}, "properties": {"name": "池田興業（株）", "address": "福岡県北九州市門司区大里本町２ー２ー５", "tel": "093-371-0968"}}, {"type": "Feature", "geometry": {"type": "Point", "coordinates": [139.776321, 35.627892]}, "properties": {"name": "（株）乃村工藝社", "address": "東京都港区台場２ー３ー４", "tel": "03-5962-1171"}}, {"type": "Feature", "geometry": {"type": "Point", "coordinates": [139.749924, 35.667774]}, "properties": {"name": "西松建設（株）", "address": "東京都港区虎ノ門１ー１７ー１", "tel": "03-3502-0232"}}, {"type": "Feature", "geometry": {"type": "Point", "coordinates": [139.744934, 35.703671]}, "properties": {"name": "五洋建設（株）", "address": "東京都文京区後楽２ー２ー８", "tel": "03-3816-7111"}}, {"type": "Feature", "geometry": {"type": "Point", "coordinates": [139.741638, 35.70295]}, "properties": {"name": "（株）熊谷組", "address": "東京都新宿区津久戸町２ー１", "tel": "03-3260-2111"}}, {"type": "Feature", "geometry": {"type": "Point", "coordinates": [132.474197, 34.400108]}, "properties": {"name": "広成建設（株）", "address": "広島県広島市東区上大須賀町１ー１", "tel": "082-264-1711"}}, {"type": "Feature", "geometry": {"type": "Point", "coordinates": [139.753464, 35.700012]}, "properties": {"name": "鉄建建設（株）", "address": "東京都千代田区神田三崎町２ー５ー３", "tel": "03-3221-2131"}}, {"type": "Feature", "geometry": {"type": "Point", "coordinates": [139.760895, 35.662498]}, "properties": {"name": "ピーエス・コンストラクション（株）", "address": "東京都港区東新橋１ー９ー１", "tel": "03-6385-9111"}}, {"type": "Feature", "geometry": {"type": "Point", "coordinates": [139.743988, 35.630123]}, "properties": {"name": "飛島建設（株）", "address": "東京都港区港南一丁目８番１５号", "tel": "03-6455-8300"}}, {"type": "Feature", "geometry": {"type": "Point", "coordinates": [130.417526, 33.618572]}, "properties": {"name": "九州総合建設（株）", "address": "福岡県福岡市東区箱崎２ー５４ー２１", "tel": "092-631-4040"}}, {"type": "Feature", "geometry": {"type": "Point", "coordinates": [130.418686, 33.582111]}, "properties": {"name": "ニシム電子工業（株）", "address": "福岡県福岡市博多区美野島１ー２ー１", "tel": "092-461-0246"}}, {"type": "Feature", "geometry": {"type": "Point", "coordinates": [130.40036, 33.590576]}, "properties": {"name": "（株）クラフティア", "address": "福岡県福岡市中央区天神１ー１１ー１ＯＮＥＦＵＫＵＯＫＡＢＬＤＧ．１４階", "tel": "050-6864-6331"}}, {"type": "Feature", "geometry": {"type": "Point", "coordinates": [136.736633, 35.396397]}, "properties": {"name": "大日本土木（株）", "address": "岐阜県岐阜市宇佐南１ー３ー１１", "tel": "058-276-1111"}}, {"type": "Feature", "geometry": {"type": "Point", "coordinates": [130.405045, 33.597343]}, "properties": {"name": "（株）福島工務店", "address": "福岡県福岡市博多区古門戸町１ー１３", "tel": "092-281-6856"}}, {"type": "Feature", "geometry": {"type": "Point", "coordinates": [130.422318, 33.586327]}, "properties": {"name": "九州建設（株）", "address": "福岡県福岡市博多区博多駅南１ー８ー３１", "tel": "092-461-1100"}}, {"type": "Feature", "geometry": {"type": "Point", "coordinates": [130.923965, 33.894558]}, "properties": {"name": "高藤建設（株）", "address": "福岡県北九州市門司区東新町１ー１ー３０", "tel": "093-381-0461"}}, {"type": "Feature", "geometry": {"type": "Point", "coordinates": [131.618912, 33.239399]}, "properties": {"name": "梅林建設（株）", "address": "大分県大分市舞鶴町１ー３ー１８", "tel": "0975-34-4151"}}, {"type": "Feature", "geometry": {"type": "Point", "coordinates": [139.733948, 35.67704]}, "properties": {"name": "鹿島建設（株）", "address": "東京都港区元赤坂１ー３ー１", "tel": "03-5544-1111"}}, {"type": "Feature", "geometry": {"type": "Point", "coordinates": [130.407425, 33.580898]}, "properties": {"name": "西日本プラント工業（株）", "address": "福岡県福岡市中央区高砂１ー１０ー１", "tel": "092-533-1741"}}, {"type": "Feature", "geometry": {"type": "Point", "coordinates": [135.516983, 34.644279]}, "properties": {"name": "（株）奥村組", "address": "大阪府大阪市阿倍野区松崎町２ー２ー２", "tel": "06-6621-1101"}}, {"type": "Feature", "geometry": {"type": "Point", "coordinates": [137.218704, 36.704605]}, "properties": {"name": "（株）宮本工業所", "address": "富山県富山市奥田新町１２ー３", "tel": "076-441-2201"}}, {"type": "Feature", "geometry": {"type": "Point", "coordinates": [139.793976, 35.656776]}, "properties": {"name": "（株）フジヤ", "address": "東京都江東区豊洲２ー１ー９豊洲セイルパークビル６階", "tel": "03-5548-2811"}}, {"type": "Feature", "geometry": {"type": "Point", "coordinates": [139.742813, 35.70155]}, "properties": {"name": "ＤＡＩＫＯ　ＸＴＥＣＨ（株）", "address": "東京都新宿区揚場町２ー１", "tel": "03-3266-8111"}}, {"type": "Feature", "geometry": {"type": "Point", "coordinates": [130.398254, 33.582554]}, "properties": {"name": "（株）富士ピー・エス", "address": "福岡県福岡市中央区薬院１ー１３ー８", "tel": "092-721-3468"}}, {"type": "Feature", "geometry": {"type": "Point", "coordinates": [139.753555, 35.653858]}, "properties": {"name": "りんかい日産建設（株）", "address": "東京都港区芝大門２ー１１ー８", "tel": "03-6897-4801"}}, {"type": "Feature", "geometry": {"type": "Point", "coordinates": [139.474945, 35.786091]}, "properties": {"name": "西武建設（株）", "address": "埼玉県所沢市くすのき台１ー１１ー１", "tel": "04-2926-3344"}}, {"type": "Feature", "geometry": {"type": "Point", "coordinates": [135.500717, 34.679649]}, "properties": {"name": "（株）鴻池組", "address": "大阪府大阪市中央区北久宝寺町３ー６ー１", "tel": "06-6245-6500"}}, {"type": "Feature", "geometry": {"type": "Point", "coordinates": [139.760376, 35.694241]}, "properties": {"name": "東洋建設（株）", "address": "東京都千代田区神田神保町１ー１０５", "tel": "03-6361-5462"}}, {"type": "Feature", "geometry": {"type": "Point", "coordinates": [139.690826, 35.68668]}, "properties": {"name": "東亜建設工業（株）", "address": "東京都新宿区西新宿３ー７ー１", "tel": "03-6757-3840"}}, {"type": "Feature", "geometry": {"type": "Point", "coordinates": [135.49678, 34.666981]}, "properties": {"name": "（株）淺沼組", "address": "大阪府大阪市浪速区湊町１ー２ー３マルイト難波ビル", "tel": "06-6585-5500"}}, {"type": "Feature", "geometry": {"type": "Point", "coordinates": [136.993927, 36.482067]}, "properties": {"name": "（株）岡部", "address": "富山県南砺市祖山３９", "tel": "0763-66-2306"}}, {"type": "Feature", "geometry": {"type": "Point", "coordinates": [139.785629, 35.676659]}, "properties": {"name": "大豊建設（株）", "address": "東京都中央区新川１ー２４ー４", "tel": "03-3297-7000"}}, {"type": "Feature", "geometry": {"type": "Point", "coordinates": [139.775299, 35.693775]}, "properties": {"name": "（株）東京久栄", "address": "東京都千代田区岩本町２ー４ー２", "tel": "03-5809-3964"}}, {"type": "Feature", "geometry": {"type": "Point", "coordinates": [130.309814, 33.248474]}, "properties": {"name": "（株）中野建設", "address": "佐賀県佐賀市水ヶ江２ー１１ー２３", "tel": "0952-24-3211"}}, {"type": "Feature", "geometry": {"type": "Point", "coordinates": [130.388733, 33.555759]}, "properties": {"name": "（株）末永工務店", "address": "福岡県福岡市南区長丘５ー２１ー２０", "tel": "092-541-3764"}}, {"type": "Feature", "geometry": {"type": "Point", "coordinates": [133.931046, 34.661716]}, "properties": {"name": "（株）大本組", "address": "岡山県岡山市北区内山下１ー１ー１３", "tel": "086-225-5131"}}, {"type": "Feature", "geometry": {"type": "Point", "coordinates": [139.744629, 35.699116]}, "properties": {"name": "前田建設工業（株）", "address": "東京都千代田区富士見２ー１０ー２", "tel": "03-3265-5551"}}, {"type": "Feature", "geometry": {"type": "Point", "coordinates": [135.504013, 34.681515]}, "properties": {"name": "大末建設（株）", "address": "大阪府大阪市中央区久太郎町２ー５ー２８", "tel": "06-6121-7121"}}, {"type": "Feature", "geometry": {"type": "Point", "coordinates": [135.500427, 34.684093]}, "properties": {"name": "（株）竹中工務店", "address": "大阪府大阪市中央区本町４ー１ー１３", "tel": "06-6252-1201"}}, {"type": "Feature", "geometry": {"type": "Point", "coordinates": [135.507263, 34.685123]}, "properties": {"name": "（株）藤木工務店", "address": "大阪府大阪市中央区備後町１ー７ー１０", "tel": "06-4964-8700"}}, {"type": "Feature", "geometry": {"type": "Point", "coordinates": [139.753113, 35.648811]}, "properties": {"name": "青木あすなろ建設（株）", "address": "東京都港区芝４ー８ー２", "tel": "03-5419-1011"}}, {"type": "Feature", "geometry": {"type": "Point", "coordinates": [135.349304, 34.738209]}, "properties": {"name": "（株）新井組", "address": "兵庫県西宮市池田町１２ー２０", "tel": "0798-26-3111"}}, {"type": "Feature", "geometry": {"type": "Point", "coordinates": [130.292099, 33.254993]}, "properties": {"name": "松尾建設（株）", "address": "佐賀県佐賀市多布施１ー４ー２７", "tel": "0952-24-1181"}}, {"type": "Feature", "geometry": {"type": "Point", "coordinates": [139.742004, 35.626335]}, "properties": {"name": "（株）大林組", "address": "東京都港区港南２ー１５ー２", "tel": "03-5769-1017"}}, {"type": "Feature", "geometry": {"type": "Point", "coordinates": [139.035461, 37.913635]}, "properties": {"name": "（株）福田組", "address": "新潟県新潟市中央区一番堀通町３ー１０", "tel": "025-266-9111"}}, {"type": "Feature", "geometry": {"type": "Point", "coordinates": [139.764404, 35.691795]}, "properties": {"name": "日本総合住生活（株）", "address": "東京都千代田区神田錦町１ー９", "tel": "03-3294-3381"}}, {"type": "Feature", "geometry": {"type": "Point", "coordinates": [139.773056, 35.676777]}, "properties": {"name": "清水建設（株）", "address": "東京都中央区京橋２ー１６ー１", "tel": "03-3561-1111"}}, {"type": "Feature", "geometry": {"type": "Point", "coordinates": [135.492767, 34.682327]}, "properties": {"name": "（株）錢高組", "address": "大阪府大阪市西区西本町２ー２ー４", "tel": "06-6531-6431"}}, {"type": "Feature", "geometry": {"type": "Point", "coordinates": [139.783661, 35.678116]}, "properties": {"name": "松井建設（株）", "address": "東京都中央区新川１ー１７ー２２", "tel": "03-3553-1151"}}, {"type": "Feature", "geometry": {"type": "Point", "coordinates": [130.854736, 33.872257]}, "properties": {"name": "（株）新大倉", "address": "福岡県北九州市小倉北区真鶴２ー５ー１６", "tel": "093-561-1434"}}, {"type": "Feature", "geometry": {"type": "Point", "coordinates": [135.168839, 34.22139]}, "properties": {"name": "（株）淺川組", "address": "和歌山県和歌山市小松原通３ー６９", "tel": "073-423-7161"}}, {"type": "Feature", "geometry": {"type": "Point", "coordinates": [139.710251, 35.630154]}, "properties": {"name": "若築建設（株）", "address": "東京都目黒区下目黒２ー２３ー１８", "tel": "03-3492-0271"}}, {"type": "Feature", "geometry": {"type": "Point", "coordinates": [139.825333, 35.6964]}, "properties": {"name": "多田建設（株）", "address": "東京都江東区亀戸１ー３９ー７", "tel": "03-3683-3111"}}, {"type": "Feature", "geometry": {"type": "Point", "coordinates": [139.819748, 35.66724]}, "properties": {"name": "（株）竹中土木", "address": "東京都江東区新砂１ー１ー１", "tel": "03-6810-6200"}}, {"type": "Feature", "geometry": {"type": "Point", "coordinates": [130.939255, 33.914829]}, "properties": {"name": "九鉄工業（株）", "address": "福岡県北九州市門司区小森江３ー１２ー１０", "tel": "093-371-1731"}}, {"type": "Feature", "geometry": {"type": "Point", "coordinates": [134.009537, 34.351387]}, "properties": {"name": "（株）フソウ", "address": "香川県高松市郷東町７９２ー８", "tel": "087-881-0210"}}, {"type": "Feature", "geometry": {"type": "Point", "coordinates": [139.794495, 35.656982]}, "properties": {"name": "（株）ムラヤマ", "address": "東京都江東区豊洲３ー２ー２４", "tel": "03-6221-0808"}}, {"type": "Feature", "geometry": {"type": "Point", "coordinates": [139.771576, 35.678707]}, "properties": {"name": "戸田建設（株）", "address": "東京都中央区京橋１ー７ー１", "tel": "03-3535-1354"}}, {"type": "Feature", "geometry": {"type": "Point", "coordinates": [139.742004, 35.626335]}, "properties": {"name": "（株）イチケン", "address": "東京都港区港南２ー１５ー１", "tel": "03-5931-5610"}}, {"type": "Feature", "geometry": {"type": "Point", "coordinates": [136.904877, 35.171478]}, "properties": {"name": "徳倉建設（株）", "address": "愛知県名古屋市中区錦３ー１３ー５", "tel": "052-961-3275"}}, {"type": "Feature", "geometry": {"type": "Point", "coordinates": [135.740326, 34.53754]}, "properties": {"name": "村本建設（株）", "address": "奈良県北葛城郡広陵町平尾１１ー１", "tel": "06-6772-8133"}}, {"type": "Feature", "geometry": {"type": "Point", "coordinates": [139.762772, 35.690838]}, "properties": {"name": "日本ケーブル（株）", "address": "東京都千代田区神田錦町２ー１１", "tel": "03-3292-1171"}}, {"type": "Feature", "geometry": {"type": "Point", "coordinates": [130.937454, 33.910801]}, "properties": {"name": "（株）工材社", "address": "福岡県北九州市門司区大里東口３ー１０", "tel": "093-371-1468"}}, {"type": "Feature", "geometry": {"type": "Point", "coordinates": [139.799591, 35.651131]}, "properties": {"name": "オリエンタル白石（株）", "address": "東京都江東区豊洲５ー６ー５２", "tel": "03-6220-0630"}}, {"type": "Feature", "geometry": {"type": "Point", "coordinates": [139.746216, 35.690395]}, "properties": {"name": "（株）松村組", "address": "東京都千代田区三番町２番地", "tel": "03-5210-6152"}}, {"type": "Feature", "geometry": {"type": "Point", "coordinates": [130.865677, 33.901405]}, "properties": {"name": "大栄（株）", "address": "福岡県北九州市小倉北区西港町６１ー１３", "tel": "093-571-4581"}}, {"type": "Feature", "geometry": {"type": "Point", "coordinates": [139.741684, 35.641243]}, "properties": {"name": "（株）システムハウスアールアンドシー", "address": "東京都港区三田３ー１１ー２４国際興業三田第二ビル７階", "tel": "03-4554-3170"}}, {"type": "Feature", "geometry": {"type": "Point", "coordinates": [139.734039, 35.684734]}, "properties": {"name": "日本工営エナジーソリューションズ（株）", "address": "東京都千代田区麹町５ー４", "tel": "03-5215-7483"}}, {"type": "Feature", "geometry": {"type": "Point", "coordinates": [135.416916, 34.63821]}, "properties": {"name": "美津濃（株）", "address": "大阪府大阪市住之江区南港北１ー１２ー３５", "tel": "06-6614-8188"}}, {"type": "Feature", "geometry": {"type": "Point", "coordinates": [130.685791, 33.633419]}, "properties": {"name": "（株）鈴木建設", "address": "福岡県飯塚市菰田西３ー１４ー４０", "tel": "0948-22-0112"}}, {"type": "Feature", "geometry": {"type": "Point", "coordinates": [139.73793, 35.692371]}, "properties": {"name": "（株）ナカノフドー建設", "address": "東京都千代田区九段北４ー２ー２８", "tel": "03-3265-4661"}}, {"type": "Feature", "geometry": {"type": "Point", "coordinates": [130.422974, 33.586143]}, "properties": {"name": "（株）菱熱", "address": "福岡県福岡市博多区博多駅南１ー８ー１３", "tel": "092-411-5741"}}, {"type": "Feature", "geometry": {"type": "Point", "coordinates": [139.778091, 35.657032]}, "properties": {"name": "（株）巴コーポレーション", "address": "東京都中央区勝どき４ー６ー２", "tel": "03-3533-5311"}}, {"type": "Feature", "geometry": {"type": "Point", "coordinates": [130.433563, 33.575882]}, "properties": {"name": "三軌建設（株）", "address": "福岡県福岡市博多区東光寺町１ー１３ー５", "tel": "092-441-5421"}}, {"type": "Feature", "geometry": {"type": "Point", "coordinates": [139.796997, 35.653736]}, "properties": {"name": "電気興業（株）", "address": "東京都江東区豊洲５ー５ー１３", "tel": "03-3520-9870"}}, {"type": "Feature", "geometry": {"type": "Point", "coordinates": [134.692459, 34.82246]}, "properties": {"name": "（株）ノバック", "address": "兵庫県姫路市北条１ー９２", "tel": "079-288-3601"}}, {"type": "Feature", "geometry": {"type": "Point", "coordinates": [139.752701, 35.713039]}, "properties": {"name": "文化シヤッター（株）", "address": "東京都文京区西片１ー１７ー３", "tel": "03-5844-7215"}}, {"type": "Feature", "geometry": {"type": "Point", "coordinates": [131.607498, 33.245136]}, "properties": {"name": "（株）佐伯建設", "address": "大分県大分市中島西３ー５ー１", "tel": "097-536-1540"}}, {"type": "Feature", "geometry": {"type": "Point", "coordinates": [138.386414, 35.763264]}, "properties": {"name": "（株）内藤ハウス", "address": "山梨県韮崎市円野町上円井３１３９", "tel": "0551-27-2131"}}, {"type": "Feature", "geometry": {"type": "Point", "coordinates": [135.492889, 34.699188]}, "properties": {"name": "大和ハウス工業（株）", "address": "大阪府大阪市北区梅田３ー３ー５", "tel": "06-6346-2111"}}, {"type": "Feature", "geometry": {"type": "Point", "coordinates": [139.71402, 35.496178]}, "properties": {"name": "シンヨー（株）", "address": "神奈川県川崎市川崎区大川町８ー６", "tel": "044-366-4771"}}, {"type": "Feature", "geometry": {"type": "Point", "coordinates": [129.876083, 32.749664]}, "properties": {"name": "（株）西海建設", "address": "長崎県長崎市興善町２ー８", "tel": "095-825-1413"}}, {"type": "Feature", "geometry": {"type": "Point", "coordinates": [135.508499, 34.695137]}, "properties": {"name": "（株）ケー・エフ・シー", "address": "大阪府大阪市北区西天満３ー２ー１７", "tel": "06-6363-4188"}}, {"type": "Feature", "geometry": {"type": "Point", "coordinates": [135.513962, 34.681252]}, "properties": {"name": "大和リース（株）", "address": "大阪府大阪市中央区農人橋２ー１ー３６", "tel": "06-6942-8011"}}, {"type": "Feature", "geometry": {"type": "Point", "coordinates": [139.697784, 35.696999]}, "properties": {"name": "日東工営（株）", "address": "東京都新宿区西新宿７ー７ー３０", "tel": "03-3366-1311"}}, {"type": "Feature", "geometry": {"type": "Point", "coordinates": [130.354156, 33.59325]}, "properties": {"name": "麻生商事（株）", "address": "福岡県福岡市早良区百道浜２ー４ー２７", "tel": "092-832-5022"}}, {"type": "Feature", "geometry": {"type": "Point", "coordinates": [137.384796, 34.787636]}, "properties": {"name": "（株）大仙", "address": "愛知県豊橋市下地町字柳目８番地", "tel": "0532-54-6527"}}, {"type": "Feature", "geometry": {"type": "Point", "coordinates": [130.500412, 33.380013]}, "properties": {"name": "（株）大島", "address": "佐賀県鳥栖市養父町３８", "tel": "0942-83-2655"}}, {"type": "Feature", "geometry": {"type": "Point", "coordinates": [139.694031, 35.646667]}, "properties": {"name": "ＴＳＰ太陽（株）", "address": "東京都目黒区東山１ー１７ー１６", "tel": "03-3719-3721"}}, {"type": "Feature", "geometry": {"type": "Point", "coordinates": [130.84108, 33.900097]}, "properties": {"name": "（株）フジコー", "address": "福岡県北九州市戸畑区中原西２ー１８ー１２", "tel": "093-871-3724"}}, {"type": "Feature", "geometry": {"type": "Point", "coordinates": [139.731949, 35.658768]}, "properties": {"name": "郡リース（株）", "address": "東京都港区六本木６ー１１ー１７", "tel": "03-3470-0291"}}, {"type": "Feature", "geometry": {"type": "Point", "coordinates": [135.511154, 34.697838]}, "properties": {"name": "東海リース（株）", "address": "大阪府大阪市北区天神橋２ー北２ー６", "tel": "06-6352-0007"}}, {"type": "Feature", "geometry": {"type": "Point", "coordinates": [130.912857, 33.842869]}, "properties": {"name": "（株）瀬口組", "address": "福岡県北九州市小倉南区葛原５ー２ー５", "tel": "093-471-1043"}}, {"type": "Feature", "geometry": {"type": "Point", "coordinates": [130.422607, 33.607124]}, "properties": {"name": "（株）松本組", "address": "福岡県福岡市東区馬出１ー１ー１９", "tel": "092-651-1031"}}, {"type": "Feature", "geometry": {"type": "Point", "coordinates": [139.743622, 35.631985]}, "properties": {"name": "（株）丹青社", "address": "東京都港区港南１ー２ー７０", "tel": "03-6455-8104"}}, {"type": "Feature", "geometry": {"type": "Point", "coordinates": [130.709579, 32.78854]}, "properties": {"name": "（株）岩永組", "address": "熊本県熊本市中央区南熊本４ー８ー３２", "tel": "096-372-3333"}}, {"type": "Feature", "geometry": {"type": "Point", "coordinates": [130.418365, 33.593754]}, "properties": {"name": "（株）ファビルス", "address": "福岡県福岡市博多区博多区上呉服町１０番１号", "tel": "092-710-5670"}}, {"type": "Feature", "geometry": {"type": "Point", "coordinates": [130.429962, 33.607491]}, "properties": {"name": "（株）環境開発", "address": "福岡県福岡市博多区吉塚６ー６ー３６", "tel": "092-611-5231"}}, {"type": "Feature", "geometry": {"type": "Point", "coordinates": [129.863785, 32.77758]}, "properties": {"name": "（株）谷川建設", "address": "長崎県長崎市岡町９ー１", "tel": "095-813-0370"}}, {"type": "Feature", "geometry": {"type": "Point", "coordinates": [136.929718, 35.173645]}, "properties": {"name": "愛知（株）", "address": "愛知県名古屋市東区筒井３ー２７ー２５", "tel": "052-937-5931"}}, {"type": "Feature", "geometry": {"type": "Point", "coordinates": [129.863373, 32.781288]}, "properties": {"name": "（株）三基", "address": "長崎県長崎市大橋町２２ー１４", "tel": "095-847-7171"}}, {"type": "Feature", "geometry": {"type": "Point", "coordinates": [135.511261, 34.690109]}, "properties": {"name": "（株）コンステック", "address": "大阪府大阪市中央区北浜東４ー３３", "tel": "06-4791-3100"}}, {"type": "Feature", "geometry": {"type": "Point", "coordinates": [139.783249, 35.717216]}, "properties": {"name": "浅野アタカ（株）", "address": "東京都台東区北上野２ー８ー７", "tel": "03-5827-7051"}}, {"type": "Feature", "geometry": {"type": "Point", "coordinates": [136.077835, 35.631813]}, "properties": {"name": "（株）塩浜工業", "address": "福井県敦賀市観音町１２ー１", "tel": "0770-25-6027"}}, {"type": "Feature", "geometry": {"type": "Point", "coordinates": [135.412613, 34.638329]}, "properties": {"name": "富士産業（株）", "address": "大阪府大阪市住之江区南港北２ー１ー１０", "tel": "06-4703-2345"}}, {"type": "Feature", "geometry": {"type": "Point", "coordinates": [139.583359, 35.633293]}, "properties": {"name": "間瀬建設（株）", "address": "東京都狛江市岩戸北３ー１６ー１５", "tel": "03-3430-9111"}}, {"type": "Feature", "geometry": {"type": "Point", "coordinates": [135.730972, 35.012207]}, "properties": {"name": "オリエントハウス（株）", "address": "京都府京都市中京区西ノ京東中合町４２", "tel": "075-821-1014"}}, {"type": "Feature", "geometry": {"type": "Point", "coordinates": [130.390823, 33.587963]}, "properties": {"name": "溝江建設（株）", "address": "福岡県福岡市中央区赤坂１ー９ー２０", "tel": "092-725-8888"}}, {"type": "Feature", "geometry": {"type": "Point", "coordinates": [130.461243, 33.512054]}, "properties": {"name": "（株）塩月工業", "address": "福岡県春日市大土居３ー１４５ー１", "tel": "092-585-3355"}}, {"type": "Feature", "geometry": {"type": "Point", "coordinates": [130.417023, 33.596111]}, "properties": {"name": "（株）サンコービルド", "address": "福岡県福岡市博多区博多駅前１ー３１ー１７", "tel": "092-414-6610"}}, {"type": "Feature", "geometry": {"type": "Point", "coordinates": [130.403214, 33.58424]}, "properties": {"name": "（株）ニシコー", "address": "福岡県福岡市中央区渡辺通２ー９ー２２", "tel": "092-711-8811"}}, {"type": "Feature", "geometry": {"type": "Point", "coordinates": [130.392151, 33.592804]}, "properties": {"name": "オリエント産業（株）", "address": "福岡県福岡市中央区舞鶴１ー４ー１９", "tel": "092-781-0511"}}, {"type": "Feature", "geometry": {"type": "Point", "coordinates": [130.425797, 33.152298]}, "properties": {"name": "（株）オーツボ", "address": "福岡県柳川市大和町徳益７１１ー２", "tel": "0944-73-9216"}}, {"type": "Feature", "geometry": {"type": "Point", "coordinates": [130.443283, 33.560883]}, "properties": {"name": "（株）三洋工業九州システム", "address": "福岡県福岡市博多区諸岡３ー２０ー１７", "tel": "092-501-3001"}}, {"type": "Feature", "geometry": {"type": "Point", "coordinates": [139.7668, 35.667973]}, "properties": {"name": "鹿島建物総合管理（株）", "address": "東京都中央区銀座６ー１７ー１", "tel": "03-6748-7111"}}, {"type": "Feature", "geometry": {"type": "Point", "coordinates": [135.468582, 34.696491]}, "properties": {"name": "（株）博電舎", "address": "大阪府大阪市福島区海老江８ー９ー９", "tel": "06-6452-2325"}}, {"type": "Feature", "geometry": {"type": "Point", "coordinates": [130.165985, 33.534966]}, "properties": {"name": "農建産業（株）", "address": "福岡県糸島市二丈田中５ー１９ー２０", "tel": "092-323-3801"}}, {"type": "Feature", "geometry": {"type": "Point", "coordinates": [139.72789, 35.745014]}, "properties": {"name": "文化シヤッターサービス（株）", "address": "東京都豊島区西巣鴨４ー１４ー５", "tel": "03-5980-3160"}}, {"type": "Feature", "geometry": {"type": "Point", "coordinates": [139.74646, 35.640091]}, "properties": {"name": "ＮＥＣフィールディング（株）", "address": "東京都港区芝浦４ー９ー２５", "tel": "03-3457-7101"}}, {"type": "Feature", "geometry": {"type": "Point", "coordinates": [130.452179, 33.560959]}, "properties": {"name": "（株）北洋建設", "address": "福岡県福岡市博多区板付４ー６ー３３", "tel": "092-589-0151"}}, {"type": "Feature", "geometry": {"type": "Point", "coordinates": [135.384995, 34.757782]}, "properties": {"name": "（株）伊藤テック", "address": "兵庫県尼崎市武庫元町１ー２１ー１８", "tel": "06-6431-1104"}}, {"type": "Feature", "geometry": {"type": "Point", "coordinates": [137.379837, 34.727024]}, "properties": {"name": "イノチオアグリ（株）", "address": "愛知県豊橋市向草間町字北新切９５", "tel": "0532-48-5711"}}, {"type": "Feature", "geometry": {"type": "Point", "coordinates": [130.416061, 33.593197]}, "properties": {"name": "松鶴建設（株）", "address": "福岡県福岡市博多区博多駅前１ー５ー１", "tel": "092-411-1510"}}, {"type": "Feature", "geometry": {"type": "Point", "coordinates": [130.423477, 33.637699]}, "properties": {"name": "西部ガスリビング（株）", "address": "福岡県福岡市東区箱崎ふ頭３ー１ー３５", "tel": "092-633-2100"}}, {"type": "Feature", "geometry": {"type": "Point", "coordinates": [130.778763, 33.893669]}, "properties": {"name": "大島建設（株）", "address": "福岡県北九州市若松区赤島町２ー３１", "tel": "093-791-1031"}}, {"type": "Feature", "geometry": {"type": "Point", "coordinates": [130.422241, 33.589432]}, "properties": {"name": "共和技研（株）", "address": "福岡県福岡市博多区博多駅中央街５ー１１", "tel": "092-475-9117"}}, {"type": "Feature", "geometry": {"type": "Point", "coordinates": [130.923676, 34.012222]}, "properties": {"name": "（株）安成工務店", "address": "山口県下関市綾羅木新町３ー７ー１", "tel": "083-252-2419"}}, {"type": "Feature", "geometry": {"type": "Point", "coordinates": [133.886169, 34.645317]}, "properties": {"name": "ライフデザイン・カバヤ（株）", "address": "岡山県岡山市北区中仙道２ー９ー１１", "tel": "086-241-8811"}}, {"type": "Feature", "geometry": {"type": "Point", "coordinates": [139.805893, 35.67054]}, "properties": {"name": "（株）ウチダテクノ", "address": "東京都江東区木場２ー１７ー１６ビサイド木場１階", "tel": "03-5931-8507"}}, {"type": "Feature", "geometry": {"type": "Point", "coordinates": [135.59024, 34.807156]}, "properties": {"name": "（株）エフワンエヌ", "address": "大阪府茨木市星見町２２ー１１", "tel": "072-630-2880"}}, {"type": "Feature", "geometry": {"type": "Point", "coordinates": [130.046021, 33.450062]}, "properties": {"name": "溝田農材（株）", "address": "佐賀県唐津市浜玉町大江２３ー１", "tel": "0955-56-8870"}}, {"type": "Feature", "geometry": {"type": "Point", "coordinates": [139.948929, 35.906425]}, "properties": {"name": "三協フロンテア（株）", "address": "千葉県柏市新十余二５", "tel": "0471-33-6666"}}, {"type": "Feature", "geometry": {"type": "Point", "coordinates": [130.461258, 33.110409]}, "properties": {"name": "（株）河建", "address": "福岡県みやま市高田町今福７６６", "tel": "0944-22-3711"}}, {"type": "Feature", "geometry": {"type": "Point", "coordinates": [139.738174, 35.682549]}, "properties": {"name": "（株）トータルメディア開発研究所", "address": "東京都千代田区紀尾井町３ー２３", "tel": "03-3221-5558"}}, {"type": "Feature", "geometry": {"type": "Point", "coordinates": [139.66156, 35.572044]}, "properties": {"name": "エフサステクノロジーズ（株）", "address": "神奈川県川崎市中原区中丸子１３ー２", "tel": "044-754-2453"}}, {"type": "Feature", "geometry": {"type": "Point", "coordinates": [139.744965, 35.700809]}, "properties": {"name": "ケーアンドイー（株）", "address": "東京都千代田区富士見２ー７ー２　ステージビルディング１５階", "tel": "03-3512-2211"}}, {"type": "Feature", "geometry": {"type": "Point", "coordinates": [139.762375, 35.690128]}, "properties": {"name": "渡辺パイプ（株）", "address": "東京都千代田区大手町１ー３ー２", "tel": "03-6478-1330"}}, {"type": "Feature", "geometry": {"type": "Point", "coordinates": [139.784195, 35.674683]}, "properties": {"name": "（株）ＳＭＣＲ", "address": "東京都中央区新川２ー２７ー１　東京住友ツインビルディング東館１８階", "tel": "03-4582-3400"}}, {"type": "Feature", "geometry": {"type": "Point", "coordinates": [139.791718, 35.694122]}, "properties": {"name": "ダイキンエアテクノ（株）", "address": "東京都墨田区両国２ー１０ー８住友不動産両国ビル", "tel": "03-5624-6301"}}, {"type": "Feature", "geometry": {"type": "Point", "coordinates": [139.704834, 35.68063]}, "properties": {"name": "（株）フジタ", "address": "東京都渋谷区千駄ヶ谷４ー２５ー２", "tel": "03-3402-1911"}}, {"type": "Feature", "geometry": {"type": "Point", "coordinates": [130.737793, 33.71286]}, "properties": {"name": "（株）はせがわ美術工芸", "address": "福岡県直方市大字中泉字今林８８５ー２６", "tel": "0949-24-7211"}}, {"type": "Feature", "geometry": {"type": "Point", "coordinates": [139.702408, 35.66153]}, "properties": {"name": "東急建設（株）", "address": "東京都渋谷区渋谷１ー１６ー１４", "tel": "03-5466-6299"}}, {"type": "Feature", "geometry": {"type": "Point", "coordinates": [132.445724, 34.408314]}, "properties": {"name": "中外テクノス（株）", "address": "広島県広島市西区横川新町９ー１２", "tel": "082-295-2222"}}, {"type": "Feature", "geometry": {"type": "Point", "coordinates": [139.760895, 35.662498]}, "properties": {"name": "（株）安藤・間", "address": "東京都港区東新橋１ー９ー１", "tel": "03-3575-6102"}}, {"type": "Feature", "geometry": {"type": "Point", "coordinates": [130.447769, 33.579399]}, "properties": {"name": "コウフ・フィールド（株）", "address": "福岡県福岡市博多区東那珂２ー１９ー２５", "tel": "092-481-8639"}}, {"type": "Feature", "geometry": {"type": "Point", "coordinates": [130.313858, 33.586094]}, "properties": {"name": "（株）環境施設", "address": "福岡県福岡市西区小戸３ー５０ー２０", "tel": "092-894-6168"}}, {"type": "Feature", "geometry": {"type": "Point", "coordinates": [135.542526, 34.60318]}, "properties": {"name": "ダイワテック（株）", "address": "大阪府大阪市東住吉区住道矢田８ー１３ー２６", "tel": "06-6703-0388"}}, {"type": "Feature", "geometry": {"type": "Point", "coordinates": [130.412872, 33.593445]}, "properties": {"name": "（株）不二サッシ九州", "address": "福岡県福岡市博多区冷泉町２ー１", "tel": "092-291-1134"}}, {"type": "Feature", "geometry": {"type": "Point", "coordinates": [135.503677, 34.682255]}, "properties": {"name": "（株）森本組", "address": "大阪府大阪市中央区南本町２ー６ー１２", "tel": "06-7711-8800"}}, {"type": "Feature", "geometry": {"type": "Point", "coordinates": [130.058334, 32.841576]}, "properties": {"name": "八江グリーンポート（株）", "address": "長崎県諫早市厚生町３ー１８", "tel": "0957-24-3455"}}, {"type": "Feature", "geometry": {"type": "Point", "coordinates": [130.681168, 32.729664]}, "properties": {"name": "（株）前田産業", "address": "熊本県熊本市南区野田３ー１３ー１", "tel": "096-358-6600"}}, {"type": "Feature", "geometry": {"type": "Point", "coordinates": [130.427811, 33.584118]}, "properties": {"name": "（株）長建", "address": "福岡県福岡市博多区比恵町１ー１８", "tel": "092-433-0191"}}, {"type": "Feature", "geometry": {"type": "Point", "coordinates": [139.825592, 35.702442]}, "properties": {"name": "大木建設（株）", "address": "東京都江東区亀戸４ー２２ー１", "tel": "03-5628-0801"}}, {"type": "Feature", "geometry": {"type": "Point", "coordinates": [139.707047, 35.682983]}, "properties": {"name": "（株）綜合デザイン", "address": "東京都渋谷区千駄ヶ谷５ー４ー５", "tel": "03-3355-8713"}}, {"type": "Feature", "geometry": {"type": "Point", "coordinates": [139.746948, 35.652493]}, "properties": {"name": "日本建設（株）", "address": "東京都港区芝３ー８ー２", "tel": "03-4321-0756"}}, {"type": "Feature", "geometry": {"type": "Point", "coordinates": [130.410385, 33.57737]}, "properties": {"name": "セキスイファミエス九州（株）", "address": "福岡県福岡市中央区高砂２ー８ー１（６階）", "tel": "092-533-8081"}}, {"type": "Feature", "geometry": {"type": "Point", "coordinates": [130.410385, 33.57737]}, "properties": {"name": "セキスイハイム九州（株）", "address": "福岡県福岡市中央区高砂２ー８ー１", "tel": "092-533-8071"}}, {"type": "Feature", "geometry": {"type": "Point", "coordinates": [139.764648, 35.692947]}, "properties": {"name": "大林ファシリティーズ（株）", "address": "東京都千代田区神田錦町１ー６", "tel": "03-5281-8311"}}, {"type": "Feature", "geometry": {"type": "Point", "coordinates": [135.51384, 34.654736]}, "properties": {"name": "（株）金剛組", "address": "大阪府大阪市天王寺区四天王寺１ー１４ー２９", "tel": "06-6779-7731"}}, {"type": "Feature", "geometry": {"type": "Point", "coordinates": [139.820969, 38.93676]}, "properties": {"name": "（株）みなと", "address": "山形県酒田市浜松町３ー５６", "tel": "0234-33-5411"}}, {"type": "Feature", "geometry": {"type": "Point", "coordinates": [139.764786, 35.684025]}, "properties": {"name": "（株）ナガワ", "address": "東京都千代田区丸の内１ー４ー１", "tel": "03-5288-8666"}}, {"type": "Feature", "geometry": {"type": "Point", "coordinates": [135.435394, 34.73164]}, "properties": {"name": "（株）クボタ建設", "address": "兵庫県尼崎市浜１ー１ー１", "tel": "06-4396-2310"}}, {"type": "Feature", "geometry": {"type": "Point", "coordinates": [135.463608, 34.800251]}, "properties": {"name": "（株）エイチエスケイ", "address": "大阪府豊中市桜の町３ー１ー３", "tel": "06-6858-4567"}}, {"type": "Feature", "geometry": {"type": "Point", "coordinates": [135.491226, 34.66853]}, "properties": {"name": "（株）ミライト・モバイル・ウエスト", "address": "大阪府大阪市浪速区幸町２ー２ー１３", "tel": "06-6684-8300"}}, {"type": "Feature", "geometry": {"type": "Point", "coordinates": [130.415787, 33.561401]}, "properties": {"name": "（株）未来図建設", "address": "福岡県福岡市南区野間２ー７ー１", "tel": "092-511-1311"}}, {"type": "Feature", "geometry": {"type": "Point", "coordinates": [139.798187, 35.669456]}, "properties": {"name": "（株）前川製作所", "address": "東京都江東区牡丹３ー１４ー１５", "tel": "03-3642-8181"}}, {"type": "Feature", "geometry": {"type": "Point", "coordinates": [130.485947, 33.591473]}, "properties": {"name": "（株）ＳＮＣ", "address": "福岡県糟屋郡志免町大字志免９０", "tel": "092-935-1382"}}, {"type": "Feature", "geometry": {"type": "Point", "coordinates": [130.387909, 33.539852]}, "properties": {"name": "十島工事（株）", "address": "福岡県福岡市南区桧原７ー２３ー１３", "tel": "092-551-0111"}}, {"type": "Feature", "geometry": {"type": "Point", "coordinates": [130.467957, 33.5536]}, "properties": {"name": "積水ハウス建設九州（株）", "address": "福岡県福岡市博多区井相田２ー１０ー１３", "tel": "092-588-0200"}}, {"type": "Feature", "geometry": {"type": "Point", "coordinates": [135.568115, 34.81496]}, "properties": {"name": "西日本高速道路ファシリティーズ（株）", "address": "大阪府茨木市東中条町１ー６", "tel": "072-645-7078"}}, {"type": "Feature", "geometry": {"type": "Point", "coordinates": [130.411591, 33.583015]}, "properties": {"name": "（株）エス技建", "address": "福岡県福岡市博多区住吉４ー２７ー３ー２０２", "tel": "092-432-6117"}}, {"type": "Feature", "geometry": {"type": "Point", "coordinates": [130.393234, 33.585335]}, "properties": {"name": "（株）西鉄グリーン土木", "address": "福岡県福岡市中央区大名１ー４ー１", "tel": "092-720-6820"}}, {"type": "Feature", "geometry": {"type": "Point", "coordinates": [130.44014, 33.516029]}, "properties": {"name": "理研イー・エム・シー（株）", "address": "福岡県春日市白水ヶ丘５ー９７", "tel": "092-571-2181"}}, {"type": "Feature", "geometry": {"type": "Point", "coordinates": [130.404099, 33.598743]}, "properties": {"name": "（株）レイメイ藤井", "address": "福岡県福岡市博多区古門戸町５ー１５", "tel": "092-262-2222"}}, {"type": "Feature", "geometry": {"type": "Point", "coordinates": [130.530167, 31.615326]}, "properties": {"name": "（株）江藤建設工業", "address": "鹿児島県鹿児島市下伊敷１ー５３ー１６", "tel": "099-229-7500"}}, {"type": "Feature", "geometry": {"type": "Point", "coordinates": [130.252182, 33.576649]}, "properties": {"name": "日光建設（株）", "address": "福岡県福岡市西区周船寺３ー２６ー６５", "tel": "092-806-8889"}}, {"type": "Feature", "geometry": {"type": "Point", "coordinates": [131.374084, 33.568977]}, "properties": {"name": "森田建設（株）", "address": "大分県宇佐市大字長洲５５４ー５", "tel": "0978-38-0271"}}, {"type": "Feature", "geometry": {"type": "Point", "coordinates": [130.959442, 33.94408]}, "properties": {"name": "（株）ハウジングプラザ", "address": "福岡県北九州市門司区西海岸１ー３ー１", "tel": "093-332-7373"}}, {"type": "Feature", "geometry": {"type": "Point", "coordinates": [130.407379, 33.578785]}, "properties": {"name": "松山建設（株）", "address": "福岡県福岡市中央区高砂２ー２４ー２３", "tel": "092-533-0001"}}, {"type": "Feature", "geometry": {"type": "Point", "coordinates": [130.51683, 33.583069]}, "properties": {"name": "（株）大奉金属", "address": "福岡県糟屋郡須惠町大字上須恵１３３９ー１", "tel": "092-692-5462"}}, {"type": "Feature", "geometry": {"type": "Point", "coordinates": [135.188171, 34.234142]}, "properties": {"name": "弘安建設（株）", "address": "和歌山県和歌山市吉田５６３ー１", "tel": "073-422-7151"}}, {"type": "Feature", "geometry": {"type": "Point", "coordinates": [130.897018, 33.835442]}, "properties": {"name": "計築建設（株）", "address": "福岡県北九州市小倉南区横代北町３ー１１ー２", "tel": "093-965-0066"}}, {"type": "Feature", "geometry": {"type": "Point", "coordinates": [130.445663, 33.611259]}, "properties": {"name": "日章興産（株）", "address": "福岡県糟屋郡粕屋町大字仲原２８１３ー１", "tel": "092-611-4271"}}, {"type": "Feature", "geometry": {"type": "Point", "coordinates": [130.399979, 33.594444]}, "properties": {"name": "クレアプランニング（株）", "address": "福岡県福岡市中央区天神４ー７ー１１", "tel": "092-724-1115"}}, {"type": "Feature", "geometry": {"type": "Point", "coordinates": [130.430862, 33.590538]}, "properties": {"name": "松田都市開発（株）", "address": "福岡県福岡市博多区東比恵２ー１８ー１２", "tel": "092-411-4811"}}, {"type": "Feature", "geometry": {"type": "Point", "coordinates": [130.867065, 33.886108]}, "properties": {"name": "（株）内外美装", "address": "福岡県北九州市小倉北区青葉２ー１ー１５", "tel": "093-571-4563"}}, {"type": "Feature", "geometry": {"type": "Point", "coordinates": [130.436829, 33.588795]}, "properties": {"name": "博多装工（株）", "address": "福岡県福岡市博多区上牟田１ー７ー２２", "tel": "092-434-1185"}}, {"type": "Feature", "geometry": {"type": "Point", "coordinates": [130.424271, 33.570484]}, "properties": {"name": "シンカ（株）", "address": "福岡県福岡市南区清水２ー１５ー１８", "tel": "092-552-1311"}}, {"type": "Feature", "geometry": {"type": "Point", "coordinates": [130.43399, 33.577335]}, "properties": {"name": "（株）ネクステック", "address": "福岡県福岡市博多区博多駅南６ー４ー６", "tel": "092-260-8203"}}, {"type": "Feature", "geometry": {"type": "Point", "coordinates": [135.573761, 34.739052]}, "properties": {"name": "パナソニックエイジフリー（株）", "address": "大阪府門真市大字門真１０４８", "tel": "06-6906-7269"}}, {"type": "Feature", "geometry": {"type": "Point", "coordinates": [132.747925, 33.851189]}, "properties": {"name": "（株）ティーメック", "address": "愛媛県松山市美沢１ー８ー４６", "tel": "089-922-1060"}}, {"type": "Feature", "geometry": {"type": "Point", "coordinates": [130.419464, 33.561932]}, "properties": {"name": "（株）川崎技研", "address": "福岡県福岡市南区向野１ー２２ー１１", "tel": "092-551-2121"}}, {"type": "Feature", "geometry": {"type": "Point", "coordinates": [130.440826, 33.626019]}, "properties": {"name": "正晃（株）", "address": "福岡県福岡市東区松島３ー３４ー３３", "tel": "092-621-8199"}}, {"type": "Feature", "geometry": {"type": "Point", "coordinates": [139.776321, 35.627892]}, "properties": {"name": "（株）ノムラメディアス", "address": "東京都港区台場２ー３ー５", "tel": "03-6426-0198"}}, {"type": "Feature", "geometry": {"type": "Point", "coordinates": [131.165375, 33.593433]}, "properties": {"name": "（株）真興", "address": "福岡県築上郡吉富町大字幸子８２９ー６", "tel": "0979-22-8087"}}, {"type": "Feature", "geometry": {"type": "Point", "coordinates": [130.352341, 33.575634]}, "properties": {"name": "（株）ムトウ", "address": "福岡県福岡市早良区昭代３ー２ー５", "tel": "092-851-0111"}}, {"type": "Feature", "geometry": {"type": "Point", "coordinates": [130.935074, 33.838093]}, "properties": {"name": "（株）三和技巧", "address": "福岡県北九州市小倉南区葛原東３ー１ー１", "tel": "093-474-0030"}}, {"type": "Feature", "geometry": {"type": "Point", "coordinates": [133.474792, 33.532459]}, "properties": {"name": "（株）オアシス・イラボレーション", "address": "高知県高知市針木東町２６ー５４", "tel": "088-843-6811"}}, {"type": "Feature", "geometry": {"type": "Point", "coordinates": [135.47287, 34.81443]}, "properties": {"name": "（株）ギケンテック", "address": "大阪府豊中市向丘３ー１２ー１１", "tel": "06-6846-0484"}}, {"type": "Feature", "geometry": {"type": "Point", "coordinates": [129.879608, 32.750576]}, "properties": {"name": "（株）森美工務店", "address": "長崎県長崎市勝山町２６ー９", "tel": "095-825-7541"}}, {"type": "Feature", "geometry": {"type": "Point", "coordinates": [130.441864, 33.580658]}, "properties": {"name": "（株）エイワ産業", "address": "福岡県福岡市博多区東那珂２ー１ー８", "tel": "092-260-3908"}}, {"type": "Feature", "geometry": {"type": "Point", "coordinates": [130.419647, 33.514183]}, "properties": {"name": "（株）大匠建設", "address": "福岡県那珂川市恵子１ー４７", "tel": "092-953-3063"}}, {"type": "Feature", "geometry": {"type": "Point", "coordinates": [130.411667, 33.578648]}, "properties": {"name": "（株）ＨＩＲＡＴＡ", "address": "福岡県福岡市中央区清川３ー３１ー１", "tel": "092-531-0835"}}, {"type": "Feature", "geometry": {"type": "Point", "coordinates": [130.427658, 33.591995]}, "properties": {"name": "セイワパーク（株）", "address": "福岡県福岡市博多区東比恵２ー１ー３", "tel": "092-474-8000"}}, {"type": "Feature", "geometry": {"type": "Point", "coordinates": [135.517975, 34.694386]}, "properties": {"name": "壽環境機材（株）", "address": "大阪府大阪市北区天満１ー１９ー４", "tel": "06-6352-5880"}}, {"type": "Feature", "geometry": {"type": "Point", "coordinates": [130.544708, 33.315708]}, "properties": {"name": "（株）キューボウ", "address": "福岡県久留米市合川町４２２ー１８", "tel": "0942-41-0358"}}, {"type": "Feature", "geometry": {"type": "Point", "coordinates": [130.421707, 33.592136]}, "properties": {"name": "（株）トータルスタッフ", "address": "福岡県福岡市博多区博多駅東１ー１ー３３", "tel": "092-431-9671"}}, {"type": "Feature", "geometry": {"type": "Point", "coordinates": [130.427124, 33.588364]}, "properties": {"name": "（株）栄住産業", "address": "福岡県福岡市博多区博多駅東２ー１３ー３４", "tel": "092-402-8120"}}, {"type": "Feature", "geometry": {"type": "Point", "coordinates": [130.867737, 33.891117]}, "properties": {"name": "シンコー（株）", "address": "福岡県北九州市小倉北区東港１ー３ー１３", "tel": "093-581-7232"}}, {"type": "Feature", "geometry": {"type": "Point", "coordinates": [130.89064, 33.840939]}, "properties": {"name": "（株）カヤ工業", "address": "福岡県北九州市小倉南区八重洲町７ー５５", "tel": "093-982-6111"}}, {"type": "Feature", "geometry": {"type": "Point", "coordinates": [130.869339, 33.895641]}, "properties": {"name": "キングテック（株）", "address": "福岡県北九州市小倉北区東港２ー５ー１", "tel": "093-561-4117"}}, {"type": "Feature", "geometry": {"type": "Point", "coordinates": [139.377258, 35.743393]}, "properties": {"name": "ＫＳＳ（株）", "address": "東京都武蔵村山市伊奈平１ー７０ー２", "tel": "042-560-2042"}}, {"type": "Feature", "geometry": {"type": "Point", "coordinates": [130.496643, 33.249786]}, "properties": {"name": "（株）フジクロ", "address": "福岡県久留米市三潴町西牟田６４４２ー１", "tel": "0942-51-5021"}}, {"type": "Feature", "geometry": {"type": "Point", "coordinates": [130.863358, 33.885014]}, "properties": {"name": "（株）月形", "address": "福岡県北九州市小倉北区菜園場２ー１ー９", "tel": "093-561-2443"}}, {"type": "Feature", "geometry": {"type": "Point", "coordinates": [130.315598, 33.578014]}, "properties": {"name": "（株）アスムコーポレーション", "address": "福岡県福岡市西区下山門１ー１６ー２６", "tel": "092-400-3999"}}, {"type": "Feature", "geometry": {"type": "Point", "coordinates": [139.400375, 36.143757]}, "properties": {"name": "（株）リケン環境システム", "address": "埼玉県熊谷市末広４ー１４ー１", "tel": "048-525-7233"}}, {"type": "Feature", "geometry": {"type": "Point", "coordinates": [139.765427, 35.662609]}, "properties": {"name": "東西産業貿易（株）", "address": "東京都中央区築地５ー６ー１０", "tel": "03-3815-5445"}}, {"type": "Feature", "geometry": {"type": "Point", "coordinates": [139.422134, 35.638046]}, "properties": {"name": "（株）トリアド工房", "address": "東京都八王子市大塚６３６ー２", "tel": "042-675-2696"}}, {"type": "Feature", "geometry": {"type": "Point", "coordinates": [139.788727, 35.537174]}, "properties": {"name": "ＡＮＡスカイビルサービス（株）", "address": "東京都大田区羽田空港３ー５ー１０", "tel": "03-6849-6450"}}, {"type": "Feature", "geometry": {"type": "Point", "coordinates": [139.796036, 35.656506]}, "properties": {"name": "（株）ＮＴＴデータ", "address": "東京都江東区豊洲３ー３ー３", "tel": "03-5546-8202"}}, {"type": "Feature", "geometry": {"type": "Point", "coordinates": [139.781998, 35.678772]}, "properties": {"name": "東商アソシエート（株）", "address": "東京都中央区新川１ー３ー３", "tel": "03-4321-0140"}}, {"type": "Feature", "geometry": {"type": "Point", "coordinates": [139.47879, 35.65773]}, "properties": {"name": "（株）五藤光学研究所", "address": "東京都府中市矢崎町４ー１６", "tel": "042-362-5311"}}, {"type": "Feature", "geometry": {"type": "Point", "coordinates": [135.540314, 34.704632]}, "properties": {"name": "（株）エコ・テクノ", "address": "大阪府大阪市城東区野江２ー１７ー１３", "tel": "06-4255-5550"}}, {"type": "Feature", "geometry": {"type": "Point", "coordinates": [135.218735, 34.704777]}, "properties": {"name": "（株）コベルコＥ＆Ｍ", "address": "兵庫県神戸市灘区岩屋北町４ー５ー２２", "tel": "078-803-2901"}}, {"type": "Feature", "geometry": {"type": "Point", "coordinates": [132.764267, 34.285553]}, "properties": {"name": "橋本工業（有）", "address": "広島県呉市安浦町三津口５ー１２ー１６", "tel": "0823-84-5700"}}, {"type": "Feature", "geometry": {"type": "Point", "coordinates": [130.864151, 33.877735]}, "properties": {"name": "（株）麻生島工務店", "address": "福岡県北九州市小倉北区原町１ー８ー１", "tel": "093-561-1471"}}, {"type": "Feature", "geometry": {"type": "Point", "coordinates": [130.432541, 33.57951]}, "properties": {"name": "有澤建設（株）", "address": "福岡県福岡市博多区博多駅南４ー４ー１２", "tel": "092-433-1811"}}, {"type": "Feature", "geometry": {"type": "Point", "coordinates": [130.441299, 33.611137]}, "properties": {"name": "（株）阿部工務店", "address": "福岡県福岡市東区二又瀬新町１４ー１８", "tel": "092-621-2092"}}, {"type": "Feature", "geometry": {"type": "Point", "coordinates": [130.383438, 33.534679]}, "properties": {"name": "（株）穴井工務店", "address": "福岡県福岡市城南区東油山１ー３５ー７", "tel": "092-861-4321"}}, {"type": "Feature", "geometry": {"type": "Point", "coordinates": [130.831192, 33.612392]}, "properties": {"name": "旭工業（株）", "address": "福岡県田川市大字伊加利２１８７ー６", "tel": "0947-44-1265"}}, {"type": "Feature", "geometry": {"type": "Point", "coordinates": [130.857346, 33.665901]}, "properties": {"name": "（株）秋田建設", "address": "福岡県田川郡香春町大字高野１１１２ー３", "tel": "0947-32-2409"}}, {"type": "Feature", "geometry": {"type": "Point", "coordinates": [130.699615, 33.784771]}, "properties": {"name": "有田建設（株）", "address": "福岡県直方市大字植木２１３３ー１", "tel": "0949-28-1311"}}, {"type": "Feature", "geometry": {"type": "Point", "coordinates": [130.909851, 33.834072]}, "properties": {"name": "（株）葵設備工業", "address": "福岡県北九州市小倉南区長野１ー１９ー３", "tel": "093-473-5802"}}, {"type": "Feature", "geometry": {"type": "Point", "coordinates": [130.647339, 33.619583]}, "properties": {"name": "（有）安藤工務店", "address": "福岡県飯塚市椿６０７ー１５", "tel": "0948-22-9589"}}, {"type": "Feature", "geometry": {"type": "Point", "coordinates": [130.804642, 33.868542]}, "properties": {"name": "（株）東建設", "address": "福岡県北九州市八幡東区春の町５ー５ー７", "tel": "093-671-3911"}}, {"type": "Feature", "geometry": {"type": "Point", "coordinates": [130.510986, 33.302959]}, "properties": {"name": "（株）麻生工務店", "address": "福岡県久留米市津福本町２１９", "tel": "0942-34-7643"}}, {"type": "Feature", "geometry": {"type": "Point", "coordinates": [130.729568, 33.784615]}, "properties": {"name": "（株）安部工務店", "address": "福岡県北九州市八幡西区真名子２ー３ー３５", "tel": "093-618-4538"}}, {"type": "Feature", "geometry": {"type": "Point", "coordinates": [130.400314, 33.582481]}, "properties": {"name": "（株）今林工務店", "address": "福岡県福岡市中央区薬院１ー４ー３", "tel": "092-731-4111"}}, {"type": "Feature", "geometry": {"type": "Point", "coordinates": [130.456116, 33.595181]}, "properties": {"name": "（株）飯田工務店", "address": "福岡県福岡市博多区空港前５ー５ー５", "tel": "092-626-3237"}}, {"type": "Feature", "geometry": {"type": "Point", "coordinates": [130.863556, 33.888962]}, "properties": {"name": "以和貴商事（株）", "address": "福岡県北九州市小倉北区愛宕１ー３ー３", "tel": "093-561-6060"}}, {"type": "Feature", "geometry": {"type": "Point", "coordinates": [130.414825, 33.552002]}, "properties": {"name": "（株）岩堀工務店", "address": "福岡県福岡市南区若久２ー３３ー１８", "tel": "092-541-4301"}}, {"type": "Feature", "geometry": {"type": "Point", "coordinates": [130.483459, 33.765106]}, "properties": {"name": "（株）井上建設", "address": "福岡県福津市中央６ー２ー２８", "tel": "0940-42-0323"}}, {"type": "Feature", "geometry": {"type": "Point", "coordinates": [130.380585, 33.546093]}, "properties": {"name": "（株）井口工務店", "address": "福岡県福岡市城南区堤１ー１３ー４３", "tel": "092-871-1587"}}, {"type": "Feature", "geometry": {"type": "Point", "coordinates": [130.973129, 33.940174]}, "properties": {"name": "岩本工業（株）", "address": "福岡県北九州市門司区長谷２ー３ー１４", "tel": "093-321-0306"}}, {"type": "Feature", "geometry": {"type": "Point", "coordinates": [130.844086, 33.881062]}, "properties": {"name": "（株）石田組", "address": "福岡県北九州市小倉北区井堀４ー１０ー２", "tel": "093-561-1647"}}, {"type": "Feature", "geometry": {"type": "Point", "coordinates": [130.518417, 33.487793]}, "properties": {"name": "入江建設（株）", "address": "福岡県筑紫野市上古賀１ー１２ー１０", "tel": "092-924-2675"}}, {"type": "Feature", "geometry": {"type": "Point", "coordinates": [130.67572, 33.66925]}, "properties": {"name": "（株）石山工業", "address": "福岡県飯塚市中１０８８ー１", "tel": "0948-23-0249"}}, {"type": "Feature", "geometry": {"type": "Point", "coordinates": [130.942413, 33.919312]}, "properties": {"name": "（株）井上組", "address": "福岡県北九州市門司区羽山１ー４ー１４", "tel": "093-381-0571"}}, {"type": "Feature", "geometry": {"type": "Point", "coordinates": [131.042633, 33.654587]}, "properties": {"name": "（有）一木工業", "address": "福岡県築上郡築上町大字越路５２８ー１", "tel": "0930-56-1724"}}, {"type": "Feature", "geometry": {"type": "Point", "coordinates": [130.552887, 33.214859]}, "properties": {"name": "牛島電機工業（株）", "address": "福岡県八女市本村４２５ー８５", "tel": "0943-24-2171"}}, {"type": "Feature", "geometry": {"type": "Point", "coordinates": [130.457901, 33.023533]}, "properties": {"name": "内野建設工業（株）", "address": "福岡県大牟田市三坑町１９ー１５", "tel": "0944-52-5317"}}, {"type": "Feature", "geometry": {"type": "Point", "coordinates": [130.483871, 33.542061]}, "properties": {"name": "（株）梅野工務店", "address": "福岡県大野城市御笠川２ー７ー８", "tel": "092-586-6266"}}, {"type": "Feature", "geometry": {"type": "Point", "coordinates": [130.815445, 33.877422]}, "properties": {"name": "上田建設工業（株）", "address": "福岡県北九州市八幡東区宮田町７ー６", "tel": "093-661-0145"}}, {"type": "Feature", "geometry": {"type": "Point", "coordinates": [130.343063, 33.496716]}, "properties": {"name": "（株）上田組", "address": "福岡県福岡市早良区内野７ー２７ー１", "tel": "092-804-5384"}}, {"type": "Feature", "geometry": {"type": "Point", "coordinates": [130.406723, 33.552624]}, "properties": {"name": "（株）浮羽工務店", "address": "福岡県福岡市南区柳河内１ー２ー１２", "tel": "092-511-3121"}}, {"type": "Feature", "geometry": {"type": "Point", "coordinates": [130.507599, 33.310688]}, "properties": {"name": "梅原建設（株）", "address": "福岡県久留米市本町１５ー２５", "tel": "0942-33-3156"}}, {"type": "Feature", "geometry": {"type": "Point", "coordinates": [130.476746, 33.539787]}, "properties": {"name": "（有）内山工務店", "address": "福岡県大野城市筒井２ー３ー４６", "tel": "092-591-2655"}}, {"type": "Feature", "geometry": {"type": "Point", "coordinates": [130.404266, 33.605392]}, "properties": {"name": "占部建設（株）", "address": "福岡県福岡市博多区石城町１２ー５", "tel": "092-283-6006"}}, {"type": "Feature", "geometry": {"type": "Point", "coordinates": [131.023239, 33.669556]}, "properties": {"name": "（株）ウエダ", "address": "福岡県築上郡築上町大字上別府５７９ー１", "tel": "0930-52-2476"}}, {"type": "Feature", "geometry": {"type": "Point", "coordinates": [130.563797, 33.347652]}, "properties": {"name": "（株）内野三建設", "address": "福岡県久留米市宮ノ陣町八丁島１３３ー６", "tel": "0942-34-0334"}}, {"type": "Feature", "geometry": {"type": "Point", "coordinates": [130.338699, 33.561806]}, "properties": {"name": "（有）江副商店", "address": "福岡県福岡市早良区原８ー６ー１５", "tel": "092-871-5253"}}, {"type": "Feature", "geometry": {"type": "Point", "coordinates": [130.432266, 33.627769]}, "properties": {"name": "（株）恵利工務店", "address": "福岡県福岡市東区松島２ー７ー１２", "tel": "092-621-0077"}}, {"type": "Feature", "geometry": {"type": "Point", "coordinates": [130.567215, 33.330593]}, "properties": {"name": "九州技建（株）", "address": "福岡県久留米市北野町石崎１２４ー１", "tel": "0942-41-3328"}}, {"type": "Feature", "geometry": {"type": "Point", "coordinates": [130.4384, 33.030842]}, "properties": {"name": "（株）衛藤工務店", "address": "福岡県大牟田市小浜町１ー７ー２", "tel": "0944-55-2651"}}, {"type": "Feature", "geometry": {"type": "Point", "coordinates": [130.492661, 33.506382]}, "properties": {"name": "エース建設（株）", "address": "福岡県太宰府市向佐野４ー５ー１９", "tel": "092-928-7755"}}, {"type": "Feature", "geometry": {"type": "Point", "coordinates": [130.344193, 33.201458]}, "properties": {"name": "（有）永島建設", "address": "福岡県大川市大字大野島１５８２ー２", "tel": "0944-87-7756"}}, {"type": "Feature", "geometry": {"type": "Point", "coordinates": [130.347153, 33.186172]}, "properties": {"name": "（有）江頭建設", "address": "福岡県大川市大野島４０２１ー１", "tel": "0944-87-7137"}}, {"type": "Feature", "geometry": {"type": "Point", "coordinates": [130.890579, 33.825375]}, "properties": {"name": "（株）エスケイテクノ", "address": "福岡県北九州市小倉南区横代南町５ー１０ー１５", "tel": "093-963-2484"}}, {"type": "Feature", "geometry": {"type": "Point", "coordinates": [131.011414, 33.719215]}, "properties": {"name": "（有）永幸設備", "address": "福岡県行橋市大字元永字新開７７７ー３", "tel": "0930-22-6240"}}, {"type": "Feature", "geometry": {"type": "Point", "coordinates": [130.803528, 33.646057]}, "properties": {"name": "（株）栄六津開発", "address": "福岡県田川市大字伊田５０００", "tel": "0947-45-8191"}}, {"type": "Feature", "geometry": {"type": "Point", "coordinates": [130.413849, 33.58773]}, "properties": {"name": "（株）アルシスホーム", "address": "福岡県福岡市博多区博多駅前３ー１４ー１０", "tel": "092-473-6151"}}, {"type": "Feature", "geometry": {"type": "Point", "coordinates": [130.539688, 33.210445]}, "properties": {"name": "大坪建設（株）", "address": "福岡県八女市蒲原１３６３", "tel": "09432-3-5115"}}, {"type": "Feature", "geometry": {"type": "Point", "coordinates": [130.497162, 33.290154]}, "properties": {"name": "大橋建設工業（株）", "address": "福岡県久留米市津福本町１６０８ー３", "tel": "0942-32-5061"}}, {"type": "Feature", "geometry": {"type": "Point", "coordinates": [130.412216, 33.170494]}, "properties": {"name": "（株）荻島組", "address": "福岡県柳川市隅町２８", "tel": "0944-73-5500"}}, {"type": "Feature", "geometry": {"type": "Point", "coordinates": [130.539703, 33.307644]}, "properties": {"name": "大石建設（株）", "address": "福岡県久留米市野中町１４７ー１", "tel": "0942-45-0014"}}, {"type": "Feature", "geometry": {"type": "Point", "coordinates": [130.660767, 33.418812]}, "properties": {"name": "（株）大坪組", "address": "福岡県朝倉市甘木７４９ー１", "tel": "0946-22-2430"}}, {"type": "Feature", "geometry": {"type": "Point", "coordinates": [130.453735, 33.609051]}, "properties": {"name": "（株）落合工務店", "address": "福岡県糟屋郡志免町別府北１ー２１ー２３", "tel": "092-611-1733"}}, {"type": "Feature", "geometry": {"type": "Point", "coordinates": [130.435165, 33.713078]}, "properties": {"name": "（株）落石建設", "address": "福岡県糟屋郡新宮町下府５ー１３ー６", "tel": "092-962-0023"}}, {"type": "Feature", "geometry": {"type": "Point", "coordinates": [130.756516, 33.840496]}, "properties": {"name": "（株）ムサシ", "address": "福岡県北九州市八幡西区割子川２ー１５ー２８", "tel": "093-616-0180"}}, {"type": "Feature", "geometry": {"type": "Point", "coordinates": [130.714874, 33.802189]}, "properties": {"name": "（株）緒方組", "address": "福岡県北九州市八幡西区高江２ー８ー１０", "tel": "093-617-1519"}}, {"type": "Feature", "geometry": {"type": "Point", "coordinates": [130.66011, 33.644321]}, "properties": {"name": "（株）オカベ工事", "address": "福岡県飯塚市花瀬１０２ー７２", "tel": "0948-22-0303"}}, {"type": "Feature", "geometry": {"type": "Point", "coordinates": [130.340576, 33.555965]}, "properties": {"name": "小川建設（株）", "address": "福岡県福岡市早良区賀茂１ー１８ー１", "tel": "092-871-0273"}}, {"type": "Feature", "geometry": {"type": "Point", "coordinates": [130.453659, 33.632793]}, "properties": {"name": "（株）大神産業", "address": "福岡県福岡市東区多々良１ー１５ー１７", "tel": "092-681-6972"}}, {"type": "Feature", "geometry": {"type": "Point", "coordinates": [130.438812, 33.587868]}, "properties": {"name": "大高建設（株）", "address": "福岡県福岡市博多区上牟田１ー２９ー６", "tel": "092-414-2222"}}, {"type": "Feature", "geometry": {"type": "Point", "coordinates": [130.726913, 33.737377]}, "properties": {"name": "（株）ＱーＳＡＮリフォームおがわ", "address": "福岡県直方市新町３ー３ー１０", "tel": "0949-23-2525"}}, {"type": "Feature", "geometry": {"type": "Point", "coordinates": [130.968079, 33.732639]}, "properties": {"name": "（株）大塚建材店", "address": "福岡県行橋市行事７ー５ー１", "tel": "0930-23-2377"}}, {"type": "Feature", "geometry": {"type": "Point", "coordinates": [130.557022, 33.196316]}, "properties": {"name": "オオキタ建設（株）", "address": "福岡県八女市酒井田３１５ー１", "tel": "0943-23-3746"}}, {"type": "Feature", "geometry": {"type": "Point", "coordinates": [130.464996, 33.544224]}, "properties": {"name": "（有）柿原産業", "address": "福岡県福岡市博多区竹丘町２ー５ー１０", "tel": "092-581-0906"}}, {"type": "Feature", "geometry": {"type": "Point", "coordinates": [130.402679, 33.574261]}, "properties": {"name": "粕屋製畳（有）", "address": "福岡県福岡市中央区平尾２ー１７ー１４", "tel": "092-401-1162"}}, {"type": "Feature", "geometry": {"type": "Point", "coordinates": [130.659012, 33.424477]}, "properties": {"name": "（株）柿原工務店", "address": "福岡県朝倉市甘木９２４ー１１", "tel": "0946-22-2426"}}, {"type": "Feature", "geometry": {"type": "Point", "coordinates": [130.521088, 33.323521]}, "properties": {"name": "金子建設（株）", "address": "福岡県久留米市東櫛原町４８７", "tel": "0942-31-0001"}}, {"type": "Feature", "geometry": {"type": "Point", "coordinates": [130.378265, 33.552135]}, "properties": {"name": "（株）カネモ", "address": "福岡県福岡市城南区片江１ー２３ー２", "tel": "092-871-7255"}}, {"type": "Feature", "geometry": {"type": "Point", "coordinates": [130.468567, 33.138016]}, "properties": {"name": "（株）金子技建", "address": "福岡県みやま市瀬高町大江７３５ー１", "tel": "09446-2-3101"}}, {"type": "Feature", "geometry": {"type": "Point", "coordinates": [130.984482, 33.782623]}, "properties": {"name": "河津工業（株）", "address": "福岡県京都郡苅田町磯浜町１ー１８ー１０", "tel": "093-434-1888"}}, {"type": "Feature", "geometry": {"type": "Point", "coordinates": [130.36496, 33.559258]}, "properties": {"name": "（株）加来工務店", "address": "福岡県福岡市城南区茶山４ー２２ー２６", "tel": "092-866-8333"}}, {"type": "Feature", "geometry": {"type": "Point", "coordinates": [130.438629, 33.542149]}, "properties": {"name": "（株）柿本建設", "address": "福岡県福岡市南区曰佐２ー６ー１０", "tel": "092-581-3425"}}, {"type": "Feature", "geometry": {"type": "Point", "coordinates": [130.659576, 33.414879]}, "properties": {"name": "（株）梶原工務店", "address": "福岡県朝倉市甘木２１５ー７", "tel": "0946-22-3288"}}, {"type": "Feature", "geometry": {"type": "Point", "coordinates": [130.448242, 33.60326]}, "properties": {"name": "粕屋殖産（株）", "address": "福岡県福岡市博多区空港前１ー７ー１５", "tel": "092-710-4861"}}, {"type": "Feature", "geometry": {"type": "Point", "coordinates": [130.884521, 33.882149]}, "properties": {"name": "（株）川口建設", "address": "福岡県北九州市小倉北区堺町１ー９ー６ー６Ｆ", "tel": "093-513-2671"}}, {"type": "Feature", "geometry": {"type": "Point", "coordinates": [130.749603, 33.602844]}, "properties": {"name": "（株）川端組", "address": "福岡県飯塚市筒野２３１", "tel": "0948-82-0225"}}, {"type": "Feature", "geometry": {"type": "Point", "coordinates": [130.403061, 33.49017]}, "properties": {"name": "（株）金崎建設", "address": "福岡県那珂川市大字別所８７０ー１０", "tel": "092-953-1166"}}, {"type": "Feature", "geometry": {"type": "Point", "coordinates": [130.306046, 33.582935]}, "properties": {"name": "（株）川口", "address": "福岡県福岡市西区生の松原１ー２０ー２４", "tel": "092-895-3322"}}, {"type": "Feature", "geometry": {"type": "Point", "coordinates": [130.43306, 33.644817]}, "properties": {"name": "香椎建設（株）", "address": "福岡県福岡市東区千早２ー３ー３７", "tel": "092-661-5461"}}, {"type": "Feature", "geometry": {"type": "Point", "coordinates": [130.910461, 33.844719]}, "properties": {"name": "（有）梶原組", "address": "福岡県北九州市小倉南区葛原２ー８ー８", "tel": "093-471-7422"}}, {"type": "Feature", "geometry": {"type": "Point", "coordinates": [130.405914, 33.570286]}, "properties": {"name": "キハラーズ（株）", "address": "福岡県福岡市南区高宮１ー２１ー３４", "tel": "092-526-1313"}}, {"type": "Feature", "geometry": {"type": "Point", "coordinates": [130.418045, 33.126049]}, "properties": {"name": "木原建設（株）", "address": "福岡県柳川市大和町皿垣開４６", "tel": "09447-6-0100"}}, {"type": "Feature", "geometry": {"type": "Point", "coordinates": [130.528412, 33.307003]}, "properties": {"name": "木蓋建設（株）", "address": "福岡県久留米市野中町１２８２ー３", "tel": "0942-32-2331"}}, {"type": "Feature", "geometry": {"type": "Point", "coordinates": [130.382599, 33.223007]}, "properties": {"name": "九州ハウス工業（株）", "address": "福岡県大川市大字中古賀１０５３", "tel": "0944-87-2225"}}, {"type": "Feature", "geometry": {"type": "Point", "coordinates": [130.402679, 33.583282]}, "properties": {"name": "（株）九州山光社", "address": "福岡県福岡市中央区渡辺通２ー８ー１０", "tel": "092-761-4336"}}, {"type": "Feature", "geometry": {"type": "Point", "coordinates": [130.41124, 33.576382]}, "properties": {"name": "（株）九電工ホーム", "address": "福岡県福岡市中央区高砂２ー１０ー１", "tel": "092-533-4151"}}, {"type": "Feature", "geometry": {"type": "Point", "coordinates": [130.401138, 33.187641]}, "properties": {"name": "九州洗罐工事（株）", "address": "福岡県柳川市西蒲池１１４２ー２", "tel": "0944-72-1609"}}, {"type": "Feature", "geometry": {"type": "Point", "coordinates": [130.567566, 33.315762]}, "properties": {"name": "（株）筑陵建設", "address": "福岡県久留米市山川追分１ー２ー１２", "tel": "0942-43-0456"}}, {"type": "Feature", "geometry": {"type": "Point", "coordinates": [130.74852, 33.866081]}, "properties": {"name": "九豊建設（株）", "address": "福岡県北九州市八幡西区陣原１ー７ー２１", "tel": "093-642-2626"}}, {"type": "Feature", "geometry": {"type": "Point", "coordinates": [130.46785, 33.558666]}, "properties": {"name": "宮嶋建設工業（株）", "address": "福岡県大野城市仲畑２ー１０ー１０", "tel": "092-581-4678"}}, {"type": "Feature", "geometry": {"type": "Point", "coordinates": [130.677307, 33.82394]}, "properties": {"name": "（株）共栄工業", "address": "福岡県中間市大字中底井野字砂堀１１６４ー１７", "tel": "093-245-5081"}}, {"type": "Feature", "geometry": {"type": "Point", "coordinates": [130.657379, 33.634521]}, "properties": {"name": "九特興業（株）", "address": "福岡県飯塚市潤野１１３３ー６", "tel": "0948-29-3840"}}, {"type": "Feature", "geometry": {"type": "Point", "coordinates": [130.499023, 33.315105]}, "properties": {"name": "黒田建設（株）", "address": "福岡県久留米市大石町３２", "tel": "0942-32-1911"}}, {"type": "Feature", "geometry": {"type": "Point", "coordinates": [131.128799, 33.611271]}, "properties": {"name": "（株）久保田組", "address": "福岡県豊前市大字吉木１１８４ー７", "tel": "0979-82-2535"}}, {"type": "Feature", "geometry": {"type": "Point", "coordinates": [130.484512, 33.288952]}, "properties": {"name": "（株）隈建設", "address": "福岡県久留米市安武町安武本１５１７ー５", "tel": "0942-27-0840"}}, {"type": "Feature", "geometry": {"type": "Point", "coordinates": [130.38414, 33.588898]}, "properties": {"name": "（株）黒木工務店", "address": "福岡県福岡市中央区大手門１ー５ー１", "tel": "092-781-4631"}}, {"type": "Feature", "geometry": {"type": "Point", "coordinates": [130.779846, 33.679604]}, "properties": {"name": "（有）桑野組", "address": "福岡県田川郡福智町金田６３２ー４", "tel": "0947-22-0500"}}, {"type": "Feature", "geometry": {"type": "Point", "coordinates": [130.526642, 33.296719]}, "properties": {"name": "（株）栗木工務店", "address": "福岡県久留米市国分町１６３６ー２", "tel": "0942-22-5678"}}, {"type": "Feature", "geometry": {"type": "Point", "coordinates": [130.830795, 33.885757]}, "properties": {"name": "（株）草刈組", "address": "福岡県北九州市戸畑区菅原３ー２ー２", "tel": "093-871-4957"}}, {"type": "Feature", "geometry": {"type": "Point", "coordinates": [130.660934, 33.889328]}, "properties": {"name": "黒山興産（株）", "address": "福岡県遠賀郡芦屋町正門町１４ー１５", "tel": "093-223-0256"}}, {"type": "Feature", "geometry": {"type": "Point", "coordinates": [130.627533, 33.393013]}, "properties": {"name": "（株）草場建設", "address": "福岡県朝倉市下浦１５８５", "tel": "0946-24-5977"}}, {"type": "Feature", "geometry": {"type": "Point", "coordinates": [130.268127, 33.536526]}, "properties": {"name": "熊澤建設（株）", "address": "福岡県糸島市高祖２９２ー２", "tel": "092-331-5011"}}, {"type": "Feature", "geometry": {"type": "Point", "coordinates": [130.978867, 33.769535]}, "properties": {"name": "草之實産業（株）", "address": "福岡県京都郡苅田町富久町２ー３５ー２０", "tel": "093-436-3975"}}, {"type": "Feature", "geometry": {"type": "Point", "coordinates": [130.499832, 33.262928]}, "properties": {"name": "久留米建設（株）", "address": "福岡県久留米市荒木町荒木７８９ー２", "tel": "0942-27-0352"}}, {"type": "Feature", "geometry": {"type": "Point", "coordinates": [130.442688, 33.261002]}, "properties": {"name": "（有）栗丸工業", "address": "福岡県久留米市三潴町草場３４３ー２", "tel": "0942-64-4494"}}, {"type": "Feature", "geometry": {"type": "Point", "coordinates": [130.526245, 33.297703]}, "properties": {"name": "（株）クスコ", "address": "福岡県久留米市国分町１６４８ー７", "tel": "0942-21-0021"}}, {"type": "Feature", "geometry": {"type": "Point", "coordinates": [130.829468, 33.898621]}, "properties": {"name": "（株）クニホーミング", "address": "福岡県北九州市戸畑区新池２ー５ー４２", "tel": "093-884-1160"}}, {"type": "Feature", "geometry": {"type": "Point", "coordinates": [130.665451, 33.385799]}, "properties": {"name": "久保田建設", "address": "福岡県朝倉市小田４５６ー１", "tel": "09462-4-3781"}}, {"type": "Feature", "geometry": {"type": "Point", "coordinates": [130.416077, 33.614697]}, "properties": {"name": "久保山畳店", "address": "福岡県福岡市東区馬出４ー６ー１７", "tel": "092-651-1514"}}, {"type": "Feature", "geometry": {"type": "Point", "coordinates": [130.573975, 33.337502]}, "properties": {"name": "ケンショーハウス工業（株）", "address": "福岡県久留米市北野町高良１２０６", "tel": "0942-78-5856"}}, {"type": "Feature", "geometry": {"type": "Point", "coordinates": [130.430893, 33.605984]}, "properties": {"name": "（株）研進産業", "address": "福岡県福岡市博多区吉塚６ー６ー５９", "tel": "092-623-2121"}}, {"type": "Feature", "geometry": {"type": "Point", "coordinates": [130.559357, 33.471107]}, "properties": {"name": "大晃産業（株）", "address": "福岡県筑紫野市大字下見２２４ー１ー１", "tel": "092-926-9660"}}, {"type": "Feature", "geometry": {"type": "Point", "coordinates": [131.003677, 33.691833]}, "properties": {"name": "現建設", "address": "福岡県行橋市大字道場寺１１１４ー９", "tel": "0930-22-7693"}}, {"type": "Feature", "geometry": {"type": "Point", "coordinates": [130.747238, 33.85207]}, "properties": {"name": "（株）ＫＪフィールド", "address": "福岡県北九州市八幡西区竹末１ー１ー１", "tel": "093-482-7821"}}, {"type": "Feature", "geometry": {"type": "Point", "coordinates": [130.809982, 33.649944]}, "properties": {"name": "（株）関野建設", "address": "福岡県田川市寿町７ー３５", "tel": "0947-44-1340"}}, {"type": "Feature", "geometry": {"type": "Point", "coordinates": [130.381546, 33.58004]}, "properties": {"name": "古賀工業（株）", "address": "福岡県福岡市中央区六本松３ー１１ー４１", "tel": "092-751-1022"}}, {"type": "Feature", "geometry": {"type": "Point", "coordinates": [131.15062, 33.560333]}, "properties": {"name": "小林土建（株）", "address": "福岡県築上郡上毛町大字土佐井６７９", "tel": "0979-72-2904"}}, {"type": "Feature", "geometry": {"type": "Point", "coordinates": [130.664246, 33.343674]}, "properties": {"name": "（株）郷原組", "address": "福岡県久留米市田主丸町志塚島４４１ー１", "tel": "09437-2-2454"}}, {"type": "Feature", "geometry": {"type": "Point", "coordinates": [130.961395, 33.94577]}, "properties": {"name": "関門エンジニアリング（有）", "address": "福岡県北九州市門司区西海岸１ー４ー３", "tel": "093-332-3300"}}, {"type": "Feature", "geometry": {"type": "Point", "coordinates": [130.662674, 33.40662]}, "properties": {"name": "（株）小嶋建設", "address": "福岡県朝倉市一木１４３", "tel": "0946-22-2658"}}, {"type": "Feature", "geometry": {"type": "Point", "coordinates": [130.816254, 33.599781]}, "properties": {"name": "（有）光生組", "address": "福岡県田川郡川崎町大字田原５４７", "tel": "0947-72-4949"}}, {"type": "Feature", "geometry": {"type": "Point", "coordinates": [130.539383, 33.474663]}, "properties": {"name": "古松建設（株）", "address": "福岡県筑紫野市大字永岡９４８ー１", "tel": "092-922-2407"}}, {"type": "Feature", "geometry": {"type": "Point", "coordinates": [130.866364, 33.885929]}, "properties": {"name": "（株）小林組", "address": "福岡県北九州市小倉北区青葉２ー７ー２７", "tel": "093-571-1136"}}, {"type": "Feature", "geometry": {"type": "Point", "coordinates": [130.478928, 33.648289]}, "properties": {"name": "（株）古森", "address": "福岡県福岡市東区大字名子１９２ー１", "tel": "092-663-6100"}}, {"type": "Feature", "geometry": {"type": "Point", "coordinates": [130.379227, 33.550068]}, "properties": {"name": "（有）小林繁樹工務店", "address": "福岡県福岡市城南区片江１ー８ー３", "tel": "092-871-2204"}}, {"type": "Feature", "geometry": {"type": "Point", "coordinates": [130.575623, 33.314259]}, "properties": {"name": "（株）小林建設", "address": "福岡県久留米市山川町１６６１ー１", "tel": "0942-44-2228"}}, {"type": "Feature", "geometry": {"type": "Point", "coordinates": [130.435303, 33.616039]}, "properties": {"name": "（有）合屋翠雲堂", "address": "福岡県福岡市東区原田１ー１９ー１５", "tel": "092-621-3246"}}, {"type": "Feature", "geometry": {"type": "Point", "coordinates": [130.671417, 33.625671]}, "properties": {"name": "（有）古藤組", "address": "福岡県飯塚市秋松６３５ー２", "tel": "0948-24-2636"}}, {"type": "Feature", "geometry": {"type": "Point", "coordinates": [130.889542, 33.86948]}, "properties": {"name": "河野建設（株）", "address": "福岡県北九州市小倉北区三郎丸３ー３ー１８", "tel": "093-932-0343"}}, {"type": "Feature", "geometry": {"type": "Point", "coordinates": [130.915207, 33.679993]}, "properties": {"name": "（株）小松建設", "address": "福岡県京都郡みやこ町勝山大久保２１８０", "tel": "0930-32-2224"}}, {"type": "Feature", "geometry": {"type": "Point", "coordinates": [130.58287, 33.217709]}, "properties": {"name": "（有）古賀塗装店", "address": "福岡県八女市津江３", "tel": "0943-22-2808"}}, {"type": "Feature", "geometry": {"type": "Point", "coordinates": [130.41275, 33.558971]}, "properties": {"name": "（株）コニシ", "address": "福岡県福岡市南区野間３ー９ー２０", "tel": "092-561-6258"}}, {"type": "Feature", "geometry": {"type": "Point", "coordinates": [130.422867, 33.597591]}, "properties": {"name": "（株）小柳技建", "address": "福岡県福岡市博多区堅粕３ー１５ー３１", "tel": "092-451-0055"}}, {"type": "Feature", "geometry": {"type": "Point", "coordinates": [130.868011, 33.912197]}, "properties": {"name": "光進工業（株）", "address": "福岡県北九州市小倉北区西港町１２５ー８", "tel": "093-581-7046"}}, {"type": "Feature", "geometry": {"type": "Point", "coordinates": [130.458084, 33.039295]}, "properties": {"name": "境製畳（有）", "address": "福岡県大牟田市通町１ー４ー２", "tel": "0944-52-3194"}}, {"type": "Feature", "geometry": {"type": "Point", "coordinates": [130.507782, 33.237473]}, "properties": {"name": "三洲建設（株）", "address": "福岡県筑後市大字蔵数５７５ー１", "tel": "0942-53-1216"}}, {"type": "Feature", "geometry": {"type": "Point", "coordinates": [130.868134, 33.561985]}, "properties": {"name": "佐藤工事（株）", "address": "福岡県田川郡添田町大字添田１１６０ー４", "tel": "0947-82-3508"}}, {"type": "Feature", "geometry": {"type": "Point", "coordinates": [130.744232, 33.872402]}, "properties": {"name": "三共建設（株）", "address": "福岡県北九州市八幡西区洞南町２ー１", "tel": "093-631-1764"}}, {"type": "Feature", "geometry": {"type": "Point", "coordinates": [130.701202, 33.677246]}, "properties": {"name": "三協技建（株）", "address": "福岡県飯塚市目尾字小坂６５７ー３", "tel": "0948-22-1900"}}, {"type": "Feature", "geometry": {"type": "Point", "coordinates": [130.51532, 33.311752]}, "properties": {"name": "（有）佐々木工務店", "address": "福岡県久留米市六ッ門町１９ー１０", "tel": "0942-32-4018"}}, {"type": "Feature", "geometry": {"type": "Point", "coordinates": [130.703217, 33.828892]}, "properties": {"name": "山藤建設（株）", "address": "福岡県中間市中鶴１ー２６ー２", "tel": "093-246-1414"}}, {"type": "Feature", "geometry": {"type": "Point", "coordinates": [130.387131, 33.59024]}, "properties": {"name": "共栄建設（株）", "address": "福岡県福岡市中央区舞鶴３ー２ー２１", "tel": "092-733-1211"}}, {"type": "Feature", "geometry": {"type": "Point", "coordinates": [130.657379, 33.634521]}, "properties": {"name": "（株）サカヒラ", "address": "福岡県飯塚市潤野１１３３ー６", "tel": "0948-22-8749"}}, {"type": "Feature", "geometry": {"type": "Point", "coordinates": [130.692963, 33.728184]}, "properties": {"name": "坂井建設（株）", "address": "福岡県宮若市鶴田１１７０", "tel": "0949-32-1340"}}, {"type": "Feature", "geometry": {"type": "Point", "coordinates": [130.897095, 33.864418]}, "properties": {"name": "（株）軸丸工務店", "address": "福岡県北九州市小倉北区足原２ー９ー２０", "tel": "093-921-2347"}}, {"type": "Feature", "geometry": {"type": "Point", "coordinates": [130.97847, 33.891914]}, "properties": {"name": "白江産業（株）", "address": "福岡県北九州市門司区大字猿喰９４４ー１", "tel": "093-481-1042"}}, {"type": "Feature", "geometry": {"type": "Point", "coordinates": [130.449646, 33.04298]}, "properties": {"name": "（有）新生建設", "address": "福岡県大牟田市大黒町１ー２ー１", "tel": "0944-53-0346"}}, {"type": "Feature", "geometry": {"type": "Point", "coordinates": [130.423752, 33.579769]}, "properties": {"name": "昭和ハウス工業（株）", "address": "福岡県福岡市博多区博多駅南３ー１８ー４", "tel": "092-441-1751"}}, {"type": "Feature", "geometry": {"type": "Point", "coordinates": [130.723938, 33.585579]}, "properties": {"name": "（株）上瀧組", "address": "福岡県嘉麻市漆生８８１", "tel": "0948-42-0078"}}, {"type": "Feature", "geometry": {"type": "Point", "coordinates": [130.507172, 33.316826]}, "properties": {"name": "（株）篠原工務所", "address": "福岡県久留米市中央町２９ー１９", "tel": "0942-32-5427"}}, {"type": "Feature", "geometry": {"type": "Point", "coordinates": [130.699234, 33.637913]}, "properties": {"name": "柴田建設工業（株）", "address": "福岡県飯塚市柏の森４７７ー１", "tel": "0948-23-6355"}}, {"type": "Feature", "geometry": {"type": "Point", "coordinates": [130.757462, 33.751785]}, "properties": {"name": "（株）白石組", "address": "福岡県直方市大字頓野５８９ー３８", "tel": "0949-26-2600"}}, {"type": "Feature", "geometry": {"type": "Point", "coordinates": [130.891876, 33.697811]}, "properties": {"name": "白水建設（有）", "address": "福岡県京都郡みやこ町勝山箕田１１８２ー１", "tel": "0930-32-2951"}}, {"type": "Feature", "geometry": {"type": "Point", "coordinates": [130.845169, 33.862522]}, "properties": {"name": "（株）志道工務店", "address": "福岡県北九州市八幡東区松尾町２２ー１０", "tel": "093-651-4165"}}, {"type": "Feature", "geometry": {"type": "Point", "coordinates": [130.752991, 33.820713]}, "properties": {"name": "昭和住宅（株）", "address": "福岡県北九州市八幡西区町上津役西４ー２ー１６", "tel": "093-612-0228"}}, {"type": "Feature", "geometry": {"type": "Point", "coordinates": [130.3992, 33.571163]}, "properties": {"name": "（株）重岡工務店", "address": "福岡県福岡市中央区平尾５ー３ー１５", "tel": "092-521-0777"}}, {"type": "Feature", "geometry": {"type": "Point", "coordinates": [130.818008, 33.602276]}, "properties": {"name": "柴田建設", "address": "福岡県田川郡川崎町大字田原５０９ー１３", "tel": "0947-73-2503"}}, {"type": "Feature", "geometry": {"type": "Point", "coordinates": [130.834488, 33.865372]}, "properties": {"name": "（株）新日建", "address": "福岡県北九州市八幡東区荒生田２ー１ー４１", "tel": "093-651-0728"}}, {"type": "Feature", "geometry": {"type": "Point", "coordinates": [130.722534, 33.695343]}, "properties": {"name": "（株）修成工業", "address": "福岡県飯塚市勢田１８６８ー１", "tel": "0948-92-0701"}}, {"type": "Feature", "geometry": {"type": "Point", "coordinates": [130.399765, 33.584389]}, "properties": {"name": "（株）白石建設", "address": "福岡県福岡市中央区今泉１ー３ー１１", "tel": "092-712-1577"}}, {"type": "Feature", "geometry": {"type": "Point", "coordinates": [130.538345, 33.802166]}, "properties": {"name": "（有）室内装飾福屋", "address": "福岡県宗像市田熊２ー１ー１３", "tel": "0940-36-0298"}}, {"type": "Feature", "geometry": {"type": "Point", "coordinates": [130.516495, 33.749561]}, "properties": {"name": "（株）篠崎建設", "address": "福岡県福津市内殿１０２１ー９", "tel": "0940-42-0617"}}, {"type": "Feature", "geometry": {"type": "Point", "coordinates": [130.726166, 33.869442]}, "properties": {"name": "（株）末岡工務店", "address": "福岡県北九州市八幡西区星和町２ー３４", "tel": "093-602-8332"}}, {"type": "Feature", "geometry": {"type": "Point", "coordinates": [130.447739, 33.62495]}, "properties": {"name": "（株）スギヤマ", "address": "福岡県福岡市東区多の津４ー５ー１３", "tel": "092-611-0200"}}, {"type": "Feature", "geometry": {"type": "Point", "coordinates": [130.43956, 33.61412]}, "properties": {"name": "寿美アート工業（株）", "address": "福岡県福岡市東区松田１ー２ー８", "tel": "092-611-1153"}}, {"type": "Feature", "geometry": {"type": "Point", "coordinates": [130.928421, 33.882969]}, "properties": {"name": "（有）菅沼空調サービス", "address": "福岡県北九州市門司区上藤松１ー１ー２３", "tel": "093-381-1855"}}, {"type": "Feature", "geometry": {"type": "Point", "coordinates": [130.941818, 33.845234]}, "properties": {"name": "（有）簾工務店", "address": "福岡県北九州市小倉南区沼本町１ー９ー２９", "tel": "093-471-1818"}}, {"type": "Feature", "geometry": {"type": "Point", "coordinates": [130.313263, 33.546856]}, "properties": {"name": "アスミオ．（株）", "address": "福岡県福岡市西区大字羽根戸１５９ー４", "tel": "092-811-3265"}}, {"type": "Feature", "geometry": {"type": "Point", "coordinates": [130.452927, 33.03804]}, "properties": {"name": "末吉建設（株）", "address": "福岡県大牟田市東新町１ー５ー１", "tel": "0944-55-4171"}}, {"type": "Feature", "geometry": {"type": "Point", "coordinates": [130.841049, 33.582642]}, "properties": {"name": "（有）杉本建設", "address": "福岡県田川郡添田町大字庄２２８１ー１", "tel": "0947-82-3294"}}, {"type": "Feature", "geometry": {"type": "Point", "coordinates": [130.320801, 33.570072]}, "properties": {"name": "（株）ＷＥＤＧＥ", "address": "福岡県福岡市西区福重３ー２３ー２７", "tel": "092-881-0080"}}, {"type": "Feature", "geometry": {"type": "Point", "coordinates": [130.806137, 33.906887]}, "properties": {"name": "末永畳商店", "address": "福岡県北九州市若松区大井戸町１ー１", "tel": "093-761-3082"}}, {"type": "Feature", "geometry": {"type": "Point", "coordinates": [130.965286, 33.736183]}, "properties": {"name": "すえまつ興産（株）", "address": "福岡県行橋市行事７ー２４ー３５", "tel": "0930-22-1407"}}, {"type": "Feature", "geometry": {"type": "Point", "coordinates": [130.553024, 33.356709]}, "properties": {"name": "（株）末次建装", "address": "福岡県小郡市下西鯵坂８８６ー１", "tel": "0942-72-6545"}}, {"type": "Feature", "geometry": {"type": "Point", "coordinates": [130.695343, 33.640163]}, "properties": {"name": "（株）末次組", "address": "福岡県飯塚市柏の森６３４ー１６", "tel": "0948-22-4849"}}, {"type": "Feature", "geometry": {"type": "Point", "coordinates": [130.535477, 33.628513]}, "properties": {"name": "（有）住処", "address": "福岡県糟屋郡篠栗町大字金出３４２４ー１３", "tel": "092-948-0822"}}, {"type": "Feature", "geometry": {"type": "Point", "coordinates": [130.702957, 33.366661]}, "properties": {"name": "（有）末益建設", "address": "福岡県朝倉市長渕７４４ー１", "tel": "0946-52-1875"}}, {"type": "Feature", "geometry": {"type": "Point", "coordinates": [130.818832, 33.652023]}, "properties": {"name": "（株）菅野建設", "address": "福岡県田川市大字伊田３９５７", "tel": "0947-42-4810"}}, {"type": "Feature", "geometry": {"type": "Point", "coordinates": [130.461746, 33.635719]}, "properties": {"name": "（有）須藤友規工務店", "address": "福岡県福岡市東区八田２ー２２ー１８", "tel": "092-691-4661"}}, {"type": "Feature", "geometry": {"type": "Point", "coordinates": [130.941681, 33.91061]}, "properties": {"name": "（株）瀬戸組", "address": "福岡県北九州市門司区中二十町３ー２９", "tel": "093-371-3023"}}, {"type": "Feature", "geometry": {"type": "Point", "coordinates": [130.538895, 33.311836]}, "properties": {"name": "聖光建設（株）", "address": "福岡県久留米市合川町１２３５", "tel": "0942-43-4008"}}, {"type": "Feature", "geometry": {"type": "Point", "coordinates": [130.435349, 33.572052]}, "properties": {"name": "青南建設（株）", "address": "福岡県福岡市博多区那珂１ー３５ー１７", "tel": "092-431-5102"}}, {"type": "Feature", "geometry": {"type": "Point", "coordinates": [130.39798, 33.52544]}, "properties": {"name": "正京建設（株）", "address": "福岡県福岡市南区柏原４ー２７ー５", "tel": "092-565-5549"}}, {"type": "Feature", "geometry": {"type": "Point", "coordinates": [130.417786, 33.586357]}, "properties": {"name": "（株）清家石材工業", "address": "福岡県福岡市博多区博多駅前４ー１０ー１３奥村第３ビル６階", "tel": "092-436-3301"}}, {"type": "Feature", "geometry": {"type": "Point", "coordinates": [130.412155, 33.526588]}, "properties": {"name": "（株）関山商店", "address": "福岡県福岡市南区鶴田３ー１２ー１", "tel": "092-566-6787"}}, {"type": "Feature", "geometry": {"type": "Point", "coordinates": [130.939667, 33.81525]}, "properties": {"name": "（有）清新建設", "address": "福岡県北九州市小倉南区東貫３ー２０ー１３", "tel": "093-473-6315"}}, {"type": "Feature", "geometry": {"type": "Point", "coordinates": [130.858658, 33.865234]}, "properties": {"name": "（有）清信建設", "address": "福岡県北九州市小倉北区高尾１ー２２ー１", "tel": "093-592-1068"}}, {"type": "Feature", "geometry": {"type": "Point", "coordinates": [130.355362, 33.576733]}, "properties": {"name": "清家建設（株）", "address": "福岡県福岡市早良区昭代２ー７ー５", "tel": "092-822-1150"}}, {"type": "Feature", "geometry": {"type": "Point", "coordinates": [130.474045, 33.635998]}, "properties": {"name": "（株）善商", "address": "福岡県福岡市東区名子１ー２０ー２７", "tel": "092-691-5201"}}, {"type": "Feature", "geometry": {"type": "Point", "coordinates": [130.388306, 33.537041]}, "properties": {"name": "清興建設（株）", "address": "福岡県福岡市南区桧原７ー４０ー５", "tel": "092-512-0161"}}, {"type": "Feature", "geometry": {"type": "Point", "coordinates": [130.473373, 33.640903]}, "properties": {"name": "（株）誠光建設", "address": "福岡県福岡市東区名子３ー５ー３", "tel": "092-691-7378"}}, {"type": "Feature", "geometry": {"type": "Point", "coordinates": [130.773392, 33.86311]}, "properties": {"name": "（株）西部システム・エンジニアリング", "address": "福岡県北九州市八幡西区八千代町１１ー４", "tel": "093-616-9004"}}, {"type": "Feature", "geometry": {"type": "Point", "coordinates": [130.881927, 33.866714]}, "properties": {"name": "（有）ゼムケンサービス", "address": "福岡県北九州市小倉北区片野３ー７ー４", "tel": "093-931-0301"}}, {"type": "Feature", "geometry": {"type": "Point", "coordinates": [130.742935, 33.900524]}, "properties": {"name": "（有）全庸建設", "address": "福岡県北九州市若松区片山１ー６ー３０", "tel": "093-791-4668"}}, {"type": "Feature", "geometry": {"type": "Point", "coordinates": [130.658173, 33.641212]}, "properties": {"name": "（株）曽根組", "address": "福岡県飯塚市花瀬１７６ー１", "tel": "0948-22-2462"}}, {"type": "Feature", "geometry": {"type": "Point", "coordinates": [130.718948, 33.849716]}, "properties": {"name": "（株）園田建設", "address": "福岡県北九州市八幡西区泉ケ浦１ー１９ー２０", "tel": "093-692-6777"}}, {"type": "Feature", "geometry": {"type": "Point", "coordinates": [130.408844, 33.183548]}, "properties": {"name": "（有）創広電気商会", "address": "福岡県柳川市東蒲池６３８ー１", "tel": "0944-73-5316"}}, {"type": "Feature", "geometry": {"type": "Point", "coordinates": [130.415268, 33.584061]}, "properties": {"name": "装友（株）", "address": "福岡県福岡市博多区住吉４ー４ー３ー３０３", "tel": "092-414-3351"}}, {"type": "Feature", "geometry": {"type": "Point", "coordinates": [130.429672, 33.548904]}, "properties": {"name": "（株）大寿工務店", "address": "福岡県福岡市南区三宅３ー７ー２２", "tel": "092-541-1619"}}, {"type": "Feature", "geometry": {"type": "Point", "coordinates": [130.693649, 33.667816]}, "properties": {"name": "大和興業（株）", "address": "福岡県飯塚市柳橋５５", "tel": "0948-22-0460"}}, {"type": "Feature", "geometry": {"type": "Point", "coordinates": [130.721695, 33.850624]}, "properties": {"name": "（株）大和総合建設", "address": "福岡県北九州市八幡西区則松７ー３ー１８", "tel": "093-601-1400"}}, {"type": "Feature", "geometry": {"type": "Point", "coordinates": [130.890533, 33.856262]}, "properties": {"name": "大同建設（株）", "address": "福岡県北九州市小倉北区重住３ー１０ー１５", "tel": "093-921-3631"}}, {"type": "Feature", "geometry": {"type": "Point", "coordinates": [130.484985, 33.616879]}, "properties": {"name": "（株）オリーブハウス", "address": "福岡県糟屋郡粕屋町長者原東７ー１５ー５", "tel": "092-938-1988"}}, {"type": "Feature", "geometry": {"type": "Point", "coordinates": [130.467636, 33.542248]}, "properties": {"name": "匠建設（株）", "address": "福岡県福岡市博多区西春町２ー１ー２", "tel": "092-591-0800"}}, {"type": "Feature", "geometry": {"type": "Point", "coordinates": [130.772339, 33.62883]}, "properties": {"name": "（株）谷口組", "address": "福岡県田川市大字弓削田１３９５", "tel": "0947-44-5353"}}, {"type": "Feature", "geometry": {"type": "Point", "coordinates": [130.508392, 33.312984]}, "properties": {"name": "太陽建設工業（株）", "address": "福岡県久留米市本町８ー５", "tel": "0942-34-4001"}}, {"type": "Feature", "geometry": {"type": "Point", "coordinates": [130.439026, 33.614929]}, "properties": {"name": "立花建設工業（株）", "address": "福岡県福岡市東区松田１ー１ー１５", "tel": "092-629-7531"}}, {"type": "Feature", "geometry": {"type": "Point", "coordinates": [130.403381, 33.581589]}, "properties": {"name": "（株）メイプルホーム", "address": "福岡県福岡市中央区白金１ー２ー２１", "tel": "092-531-6338"}}, {"type": "Feature", "geometry": {"type": "Point", "coordinates": [130.500092, 33.191097]}, "properties": {"name": "（株）尋木組", "address": "福岡県筑後市尾島４９５ー２", "tel": "0942-53-3333"}}, {"type": "Feature", "geometry": {"type": "Point", "coordinates": [130.728058, 33.746284]}, "properties": {"name": "田代建設（株）", "address": "福岡県直方市古町１０ー１７", "tel": "0949-22-4711"}}, {"type": "Feature", "geometry": {"type": "Point", "coordinates": [130.351303, 33.582104]}, "properties": {"name": "（株）ＴＡＩＨＥＩ", "address": "福岡県福岡市早良区百道１ー１ー１", "tel": "092-845-2233"}}, {"type": "Feature", "geometry": {"type": "Point", "coordinates": [130.683426, 33.645813]}, "properties": {"name": "（株）多田組", "address": "福岡県飯塚市片島２ー１８ー９", "tel": "0948-22-2636"}}, {"type": "Feature", "geometry": {"type": "Point", "coordinates": [130.6763, 33.650829]}, "properties": {"name": "大栄建設（有）", "address": "福岡県飯塚市川津４９０", "tel": "0948-22-6597"}}, {"type": "Feature", "geometry": {"type": "Point", "coordinates": [130.460052, 33.634323]}, "properties": {"name": "千早建設（株）", "address": "福岡県福岡市東区土井１ー５ー８", "tel": "092-691-1251"}}, {"type": "Feature", "geometry": {"type": "Point", "coordinates": [130.747269, 33.859062]}, "properties": {"name": "（株）千葉工務店", "address": "福岡県北九州市八幡西区鷹の巣１ー１ー２２", "tel": "093-621-4152"}}, {"type": "Feature", "geometry": {"type": "Point", "coordinates": [130.738754, 33.324314]}, "properties": {"name": "筑水建設（株）", "address": "福岡県うきは市吉井町富永１６１０ー１", "tel": "09437-5-2040"}}, {"type": "Feature", "geometry": {"type": "Point", "coordinates": [130.684647, 33.709644]}, "properties": {"name": "（有）中部産業", "address": "福岡県宮若市磯光１３７２", "tel": "0949-32-3289"}}, {"type": "Feature", "geometry": {"type": "Point", "coordinates": [130.68399, 33.647099]}, "properties": {"name": "（株）筑豊住建", "address": "福岡県飯塚市片島２ー５ー１０", "tel": "0948-25-3323"}}, {"type": "Feature", "geometry": {"type": "Point", "coordinates": [130.409576, 33.221283]}, "properties": {"name": "（株）中建", "address": "福岡県大川市大字上白垣１６１ー４", "tel": "0944-87-0950"}}, {"type": "Feature", "geometry": {"type": "Point", "coordinates": [130.854233, 33.543278]}, "properties": {"name": "（有）筑添建設", "address": "福岡県田川郡添田町大字中元寺９７５", "tel": "0947-82-4661"}}, {"type": "Feature", "geometry": {"type": "Point", "coordinates": [131.156952, 33.574856]}, "properties": {"name": "（株）築上重機", "address": "福岡県築上郡上毛町大字宇野１０７１ー２", "tel": "0979-72-3030"}}, {"type": "Feature", "geometry": {"type": "Point", "coordinates": [130.809525, 33.652767]}, "properties": {"name": "（有）地建ホーム", "address": "福岡県田川市大字伊田１８１３ー１", "tel": "0947-46-1210"}}, {"type": "Feature", "geometry": {"type": "Point", "coordinates": [130.441025, 33.045235]}, "properties": {"name": "（株）地工建設", "address": "福岡県大牟田市健老町９１ー６", "tel": "0944-51-1331"}}, {"type": "Feature", "geometry": {"type": "Point", "coordinates": [130.906464, 33.836899]}, "properties": {"name": "鶴田建設（株）", "address": "福岡県北九州市小倉南区長野１ー７ー３", "tel": "093-473-2811"}}, {"type": "Feature", "geometry": {"type": "Point", "coordinates": [130.747101, 33.85561]}, "properties": {"name": "津上産業（株）", "address": "福岡県北九州市八幡西区鷹の巣２ー１０ー１９", "tel": "093-621-2161"}}, {"type": "Feature", "geometry": {"type": "Point", "coordinates": [130.358139, 33.585171]}, "properties": {"name": "（株）津田建設", "address": "福岡県福岡市早良区西新３ー１０ー１７", "tel": "092-821-3226"}}, {"type": "Feature", "geometry": {"type": "Point", "coordinates": [130.954163, 33.71143]}, "properties": {"name": "（株）ビトー", "address": "福岡県行橋市大字宝山４０９ー３", "tel": "0930-25-3189"}}, {"type": "Feature", "geometry": {"type": "Point", "coordinates": [130.699631, 33.350552]}, "properties": {"name": "椿建設", "address": "福岡県久留米市田主丸町常盤７９６ー２", "tel": "0943-72-0054"}}, {"type": "Feature", "geometry": {"type": "Point", "coordinates": [130.403259, 33.583324]}, "properties": {"name": "都地畳店", "address": "福岡県福岡市中央区渡辺通２ー８ー２９", "tel": "092-731-1207"}}, {"type": "Feature", "geometry": {"type": "Point", "coordinates": [130.484772, 33.189442]}, "properties": {"name": "（株）堤建設", "address": "福岡県筑後市大字常用５４６ー１", "tel": "0942-53-6851"}}, {"type": "Feature", "geometry": {"type": "Point", "coordinates": [130.370819, 33.190437]}, "properties": {"name": "（株）鶴商", "address": "福岡県大川市大字一木７１９ー２", "tel": "0944-88-1161"}}, {"type": "Feature", "geometry": {"type": "Point", "coordinates": [130.658508, 33.209461]}, "properties": {"name": "（株）堤鉄構", "address": "福岡県八女市黒木町桑原８９１ー５", "tel": "0943-42-0410"}}, {"type": "Feature", "geometry": {"type": "Point", "coordinates": [130.564667, 33.874714]}, "properties": {"name": "（株）つじ", "address": "福岡県遠賀郡岡垣町大字原８９１ー１", "tel": "093-282-0368"}}, {"type": "Feature", "geometry": {"type": "Point", "coordinates": [130.433426, 33.034382]}, "properties": {"name": "（有）土本工務店", "address": "福岡県大牟田市西新町１５ー５", "tel": "0944-57-6762"}}, {"type": "Feature", "geometry": {"type": "Point", "coordinates": [130.389877, 33.555779]}, "properties": {"name": "（株）テイパ", "address": "福岡県福岡市南区長丘５ー１１ー２０", "tel": "092-561-1675"}}, {"type": "Feature", "geometry": {"type": "Point", "coordinates": [130.348221, 33.550926]}, "properties": {"name": "（株）テシマ工業", "address": "福岡県福岡市早良区干隈６ー５ー１", "tel": "092-874-3781"}}, {"type": "Feature", "geometry": {"type": "Point", "coordinates": [131.180893, 33.547585]}, "properties": {"name": "（株）てらおか", "address": "福岡県築上郡上毛町大字上唐原１８６８ー１", "tel": "0979-24-5332"}}, {"type": "Feature", "geometry": {"type": "Point", "coordinates": [130.705566, 33.418148]}, "properties": {"name": "（株）手嶋組", "address": "福岡県朝倉市三奈木４３９５ー１", "tel": "0946-22-4414"}}, {"type": "Feature", "geometry": {"type": "Point", "coordinates": [130.348221, 33.550926]}, "properties": {"name": "（株）テシマ嘉建設興業", "address": "福岡県福岡市早良区干隈６ー５ー１", "tel": "092-861-5631"}}, {"type": "Feature", "geometry": {"type": "Point", "coordinates": [130.46019, 33.25198]}, "properties": {"name": "（株）テラシマ", "address": "福岡県久留米市三潴町玉満３５６５", "tel": "0942-64-2943"}}, {"type": "Feature", "geometry": {"type": "Point", "coordinates": [130.747971, 33.857651]}, "properties": {"name": "（株）ディック", "address": "福岡県北九州市八幡西区鷹の巣１ー１０ー２１", "tel": "093-642-8181"}}, {"type": "Feature", "geometry": {"type": "Point", "coordinates": [130.54686, 33.321667]}, "properties": {"name": "（株）天慶", "address": "福岡県久留米市東合川１ー９ー１２", "tel": "0942-41-8555"}}, {"type": "Feature", "geometry": {"type": "Point", "coordinates": [130.387772, 33.588726]}, "properties": {"name": "（株）電通九州", "address": "福岡県福岡市中央区赤坂１ー１６ー１０", "tel": "092-713-2555"}}, {"type": "Feature", "geometry": {"type": "Point", "coordinates": [130.693298, 33.869362]}, "properties": {"name": "東洋建設工業（株）", "address": "福岡県北九州市八幡西区浅川台３ー２０ー１１", "tel": "093-691-0038"}}, {"type": "Feature", "geometry": {"type": "Point", "coordinates": [130.468674, 33.538403]}, "properties": {"name": "東洋建工（株）", "address": "福岡県福岡市博多区光丘町３ー１ー７", "tel": "092-710-0555"}}, {"type": "Feature", "geometry": {"type": "Point", "coordinates": [131.060684, 33.657913]}, "properties": {"name": "（株）洋栄", "address": "福岡県築上郡築上町大字高塚７４９", "tel": "0930-56-0333"}}, {"type": "Feature", "geometry": {"type": "Point", "coordinates": [130.430405, 33.618809]}, "properties": {"name": "（株）東部産業", "address": "福岡県福岡市東区原田１ー１ー２１", "tel": "092-611-5815"}}, {"type": "Feature", "geometry": {"type": "Point", "coordinates": [130.442734, 33.551834]}, "properties": {"name": "（株）藤建設", "address": "福岡県福岡市南区井尻５ー８ー５", "tel": "092-581-0382"}}, {"type": "Feature", "geometry": {"type": "Point", "coordinates": [130.804932, 33.907314]}, "properties": {"name": "（株）遠見", "address": "福岡県北九州市若松区大井戸町９ー２８", "tel": "093-751-4831"}}, {"type": "Feature", "geometry": {"type": "Point", "coordinates": [130.734283, 33.686386]}, "properties": {"name": "友栄土木（株）", "address": "福岡県飯塚市勢田３９６", "tel": "0948-92-0253"}}, {"type": "Feature", "geometry": {"type": "Point", "coordinates": [130.452225, 33.542866]}, "properties": {"name": "（株）徳田工業", "address": "福岡県春日市日の出町４ー１７ー１", "tel": "092-574-1361"}}, {"type": "Feature", "geometry": {"type": "Point", "coordinates": [130.509399, 33.309238]}, "properties": {"name": "東建工業（株）", "address": "福岡県久留米市原古賀町２５ー１１", "tel": "0942-35-4565"}}, {"type": "Feature", "geometry": {"type": "Point", "coordinates": [130.443527, 33.132324]}, "properties": {"name": "砥上建設（株）", "address": "福岡県柳川市大和町鷹ノ尾３５３", "tel": "09447-6-0711"}}, {"type": "Feature", "geometry": {"type": "Point", "coordinates": [130.331879, 33.563145]}, "properties": {"name": "（株）富崎工務店", "address": "福岡県福岡市早良区有田１ー４２ー２２", "tel": "092-841-1820"}}, {"type": "Feature", "geometry": {"type": "Point", "coordinates": [130.673126, 33.610241]}, "properties": {"name": "東亜興業（有）", "address": "福岡県飯塚市楽市６０６ー３", "tel": "0948-28-4976"}}, {"type": "Feature", "geometry": {"type": "Point", "coordinates": [130.633652, 33.840332]}, "properties": {"name": "（株）東陽建工", "address": "福岡県遠賀郡岡垣町海老津駅南３ー１４ー３", "tel": "093-282-3302"}}, {"type": "Feature", "geometry": {"type": "Point", "coordinates": [130.958466, 33.707737]}, "properties": {"name": "（株）豊田建設", "address": "福岡県行橋市大字寺畔５２０ー１", "tel": "0930-25-1486"}}, {"type": "Feature", "geometry": {"type": "Point", "coordinates": [130.547379, 33.407036]}, "properties": {"name": "（株）永利建設", "address": "福岡県小郡市小郡２２８８ー３", "tel": "0942-72-3724"}}, {"type": "Feature", "geometry": {"type": "Point", "coordinates": [130.779846, 33.679604]}, "properties": {"name": "中川建設（株）", "address": "福岡県田川郡福智町金田７０４", "tel": "0947-22-0066"}}, {"type": "Feature", "geometry": {"type": "Point", "coordinates": [130.446091, 33.622612]}, "properties": {"name": "中川工務店", "address": "福岡県福岡市東区多の津４ー２１ー８", "tel": "092-623-7422"}}, {"type": "Feature", "geometry": {"type": "Point", "coordinates": [130.405807, 33.536945]}, "properties": {"name": "ユーライフホーム（株）", "address": "福岡県福岡市南区花畑２ー４ー１３", "tel": "092-566-5456"}}, {"type": "Feature", "geometry": {"type": "Point", "coordinates": [130.186432, 33.624828]}, "properties": {"name": "興和日東建設（株）", "address": "福岡県糸島市志摩桜井５２８６", "tel": "092-327-8001"}}, {"type": "Feature", "geometry": {"type": "Point", "coordinates": [130.401611, 33.57864]}, "properties": {"name": "仲野賢司産業（株）", "address": "福岡県福岡市中央区平尾１ー６ー３", "tel": "092-522-2575"}}, {"type": "Feature", "geometry": {"type": "Point", "coordinates": [130.430405, 33.618809]}, "properties": {"name": "コスモ建設（株）", "address": "福岡県福岡市東区原田１ー１ー２１", "tel": "092-622-9110"}}, {"type": "Feature", "geometry": {"type": "Point", "coordinates": [130.381439, 33.592567]}, "properties": {"name": "（株）内藤工務店", "address": "福岡県福岡市中央区港２ー５ー８", "tel": "092-751-1631"}}, {"type": "Feature", "geometry": {"type": "Point", "coordinates": [130.447433, 33.044243]}, "properties": {"name": "（株）長吉組", "address": "福岡県大牟田市大黒町２ー１９ー４", "tel": "0944-56-2626"}}, {"type": "Feature", "geometry": {"type": "Point", "coordinates": [130.448624, 33.526123]}, "properties": {"name": "永田建設（株）", "address": "福岡県春日市一の谷１ー４６", "tel": "092-581-1366"}}, {"type": "Feature", "geometry": {"type": "Point", "coordinates": [130.801331, 33.862003]}, "properties": {"name": "永久工業（株）", "address": "福岡県北九州市八幡東区帆柱１ー１ー４４", "tel": "093-681-6665"}}, {"type": "Feature", "geometry": {"type": "Point", "coordinates": [130.881561, 33.85186]}, "properties": {"name": "西村畳工業（有）", "address": "福岡県北九州市小倉南区城野４ー５ー２９", "tel": "093-921-0014"}}, {"type": "Feature", "geometry": {"type": "Point", "coordinates": [130.435684, 33.532448]}, "properties": {"name": "（株）西村組", "address": "福岡県福岡市南区柳瀬１ー３２ー２０", "tel": "092-581-5003"}}, {"type": "Feature", "geometry": {"type": "Point", "coordinates": [130.482971, 33.194744]}, "properties": {"name": "（株）西日本", "address": "福岡県筑後市大字水田１２００ー１", "tel": "0942-53-5037"}}, {"type": "Feature", "geometry": {"type": "Point", "coordinates": [130.453278, 33.031536]}, "properties": {"name": "（株）日新建設工業所", "address": "福岡県大牟田市西宮浦町１１ー６", "tel": "0944-54-2582"}}, {"type": "Feature", "geometry": {"type": "Point", "coordinates": [130.382965, 33.581333]}, "properties": {"name": "日建建設（株）", "address": "福岡県福岡市中央区六本松３ー１６ー３３", "tel": "092-731-2434"}}, {"type": "Feature", "geometry": {"type": "Point", "coordinates": [130.385727, 33.589977]}, "properties": {"name": "西鉄建設（株）", "address": "福岡県福岡市中央区大手門２ー１ー１０", "tel": "092-712-6711"}}, {"type": "Feature", "geometry": {"type": "Point", "coordinates": [130.749557, 33.885887]}, "properties": {"name": "日信工業（株）", "address": "福岡県北九州市若松区南二島２ー１３ー１９", "tel": "093-791-4507"}}, {"type": "Feature", "geometry": {"type": "Point", "coordinates": [130.430771, 33.580265]}, "properties": {"name": "（株）ダリアート", "address": "福岡県福岡市博多区博多駅南４ー３ー２５", "tel": "092-472-3634"}}, {"type": "Feature", "geometry": {"type": "Point", "coordinates": [130.759842, 33.557091]}, "properties": {"name": "鎌正産業（株）", "address": "福岡県嘉麻市上山田１６８３ー２５４", "tel": "0948-53-0788"}}, {"type": "Feature", "geometry": {"type": "Point", "coordinates": [130.437103, 33.615753]}, "properties": {"name": "西村建設（株）", "address": "福岡県福岡市東区原田１ー４２ー３８", "tel": "092-621-7600"}}, {"type": "Feature", "geometry": {"type": "Point", "coordinates": [130.849579, 33.628174]}, "properties": {"name": "（株）丹村組", "address": "福岡県田川郡大任町大字今任原１９７６", "tel": "0947-63-2185"}}, {"type": "Feature", "geometry": {"type": "Point", "coordinates": [130.690948, 33.657032]}, "properties": {"name": "（株）西組", "address": "福岡県飯塚市川島５９７ー４", "tel": "0948-29-1417"}}, {"type": "Feature", "geometry": {"type": "Point", "coordinates": [130.780426, 33.72007]}, "properties": {"name": "沼口工務店", "address": "福岡県田川郡福智町上野３４５２", "tel": "0947-28-3727"}}, {"type": "Feature", "geometry": {"type": "Point", "coordinates": [130.695938, 33.887337]}, "properties": {"name": "野坂建設（株）", "address": "福岡県北九州市若松区高須東３ー６ー９", "tel": "093-701-5216"}}, {"type": "Feature", "geometry": {"type": "Point", "coordinates": [130.856903, 33.815056]}, "properties": {"name": "（有）野村建設工業", "address": "福岡県北九州市小倉南区徳吉西１ー１２ー１１", "tel": "093-451-0818"}}, {"type": "Feature", "geometry": {"type": "Point", "coordinates": [130.756958, 33.847904]}, "properties": {"name": "能見産業（株）", "address": "福岡県北九州市八幡西区別所町１３ー２１", "tel": "093-641-1577"}}, {"type": "Feature", "geometry": {"type": "Point", "coordinates": [130.729019, 33.7337]}, "properties": {"name": "直方工業（株）", "address": "福岡県直方市溝堀２ー７ー１３", "tel": "0949-25-1111"}}, {"type": "Feature", "geometry": {"type": "Point", "coordinates": [130.366638, 33.567932]}, "properties": {"name": "（株）ノザワ工事", "address": "福岡県福岡市城南区別府６ー４ー１", "tel": "092-843-4018"}}, {"type": "Feature", "geometry": {"type": "Point", "coordinates": [130.373383, 33.55151]}, "properties": {"name": "（有）南野畳工芸社", "address": "福岡県福岡市城南区片江３ー１４ー１８", "tel": "092-874-2520"}}, {"type": "Feature", "geometry": {"type": "Point", "coordinates": [130.779846, 33.679604]}, "properties": {"name": "（株）野田工務店", "address": "福岡県田川郡福智町金田８３９ー４", "tel": "0947-22-3447"}}, {"type": "Feature", "geometry": {"type": "Point", "coordinates": [130.522186, 33.244297]}, "properties": {"name": "野田建設（株）", "address": "福岡県八女郡広川町大字広川１３５３ー４", "tel": "0942-53-1348"}}, {"type": "Feature", "geometry": {"type": "Point", "coordinates": [130.530258, 33.27264]}, "properties": {"name": "（株）野田清商店", "address": "福岡県久留米市上津町２２０３ー１７３", "tel": "0942-21-4141"}}, {"type": "Feature", "geometry": {"type": "Point", "coordinates": [130.506592, 33.292057]}, "properties": {"name": "野口研塗（株）", "address": "福岡県久留米市津福今町２１４ー２", "tel": "0942-34-8575"}}, {"type": "Feature", "geometry": {"type": "Point", "coordinates": [130.154022, 33.52153]}, "properties": {"name": "（有）野村建設", "address": "福岡県糸島市二丈深江７ー１５ー７", "tel": "092-325-0558"}}, {"type": "Feature", "geometry": {"type": "Point", "coordinates": [130.883026, 33.851589]}, "properties": {"name": "（有）野村工務店", "address": "福岡県北九州市小倉南区春ヶ丘９ー２７", "tel": "093-951-3365"}}, {"type": "Feature", "geometry": {"type": "Point", "coordinates": [130.77916, 33.652779]}, "properties": {"name": "（株）早田組", "address": "福岡県田川郡糸田町２０７０ー２", "tel": "0947-26-0129"}}, {"type": "Feature", "geometry": {"type": "Point", "coordinates": [130.512375, 33.322166]}, "properties": {"name": "半田建設（株）", "address": "福岡県久留米市日ノ出町１００", "tel": "0942-34-4132"}}, {"type": "Feature", "geometry": {"type": "Point", "coordinates": [130.882904, 33.863224]}, "properties": {"name": "ハゼモト建設（株）", "address": "福岡県北九州市小倉北区片野４ー１２ー１０", "tel": "093-931-0521"}}, {"type": "Feature", "geometry": {"type": "Point", "coordinates": [130.825653, 33.900356]}, "properties": {"name": "花山建設（株）", "address": "福岡県北九州市戸畑区元宮町１１ー１８", "tel": "093-871-1783"}}, {"type": "Feature", "geometry": {"type": "Point", "coordinates": [130.875458, 33.630573]}, "properties": {"name": "春本建設", "address": "福岡県田川郡赤村大字内田２０３１ー１", "tel": "0947-62-3695"}}, {"type": "Feature", "geometry": {"type": "Point", "coordinates": [130.868454, 33.500477]}, "properties": {"name": "（株）馬場組", "address": "福岡県田川郡添田町大字落合８０２ー２", "tel": "0947-85-0032"}}, {"type": "Feature", "geometry": {"type": "Point", "coordinates": [130.373993, 33.577389]}, "properties": {"name": "（株）ハダ工芸社", "address": "福岡県福岡市中央区草香江２ー２ー２０", "tel": "092-771-1181"}}, {"type": "Feature", "geometry": {"type": "Point", "coordinates": [130.68277, 33.590412]}, "properties": {"name": "（有）林組", "address": "福岡県嘉穂郡桂川町大字吉隈８１０ー４", "tel": "0948-26-6776"}}, {"type": "Feature", "geometry": {"type": "Point", "coordinates": [130.895645, 33.864891]}, "properties": {"name": "（株）Ｖｉｖｉｅ", "address": "福岡県北九州市小倉北区足原２ー１ー２９", "tel": "093-931-6618"}}, {"type": "Feature", "geometry": {"type": "Point", "coordinates": [130.883667, 33.755577]}, "properties": {"name": "日田建工（株）", "address": "福岡県北九州市小倉南区大字新道寺字梅ノ木９３６", "tel": "093-452-3835"}}, {"type": "Feature", "geometry": {"type": "Point", "coordinates": [130.824677, 33.645298]}, "properties": {"name": "光工業（株）", "address": "福岡県田川市大字伊田１７１６ー１", "tel": "0947-44-1366"}}, {"type": "Feature", "geometry": {"type": "Point", "coordinates": [130.348251, 33.550755]}, "properties": {"name": "（株）広田工務店", "address": "福岡県福岡市早良区干隈６ー５ー３", "tel": "092-871-0661"}}, {"type": "Feature", "geometry": {"type": "Point", "coordinates": [130.433228, 33.637375]}, "properties": {"name": "プロペインズ（株）", "address": "福岡県福岡市東区名島４ー１６ー１９", "tel": "092-692-4308"}}, {"type": "Feature", "geometry": {"type": "Point", "coordinates": [130.521957, 33.570263]}, "properties": {"name": "（株）光商会", "address": "福岡県糟屋郡宇美町宇美中央１ー１０ー１０", "tel": "092-932-0682"}}, {"type": "Feature", "geometry": {"type": "Point", "coordinates": [130.844177, 33.896008]}, "properties": {"name": "平岡畳店", "address": "福岡県北九州市戸畑区中原東１ー２ー１", "tel": "093-881-3039"}}, {"type": "Feature", "geometry": {"type": "Point", "coordinates": [130.807617, 33.91188]}, "properties": {"name": "（有）檜塗工店", "address": "福岡県北九州市若松区桜町２２ー６", "tel": "093-751-8115"}}, {"type": "Feature", "geometry": {"type": "Point", "coordinates": [130.812088, 33.660271]}, "properties": {"name": "久冨建設", "address": "福岡県田川市大字糒２９１ー１", "tel": "0947-42-7557"}}, {"type": "Feature", "geometry": {"type": "Point", "coordinates": [130.53299, 33.290909]}, "properties": {"name": "（株）平田工務店", "address": "福岡県久留米市国分町２０１９ー２", "tel": "0942-22-0661"}}, {"type": "Feature", "geometry": {"type": "Point", "coordinates": [130.499023, 33.634434]}, "properties": {"name": "光建設工業（株）", "address": "福岡県糟屋郡篠栗町和田５ー５ー１９", "tel": "092-947-5210"}}, {"type": "Feature", "geometry": {"type": "Point", "coordinates": [130.311752, 33.565247]}, "properties": {"name": "平田畳襖店", "address": "福岡県福岡市西区拾六町２ー１２ー２３", "tel": "092-881-6746"}}, {"type": "Feature", "geometry": {"type": "Point", "coordinates": [130.552032, 33.808849]}, "properties": {"name": "（株）弘江組", "address": "福岡県宗像市稲元４ー１ー２０", "tel": "0940-32-2567"}}, {"type": "Feature", "geometry": {"type": "Point", "coordinates": [130.494614, 33.554611]}, "properties": {"name": "（株）平山", "address": "福岡県大野城市乙金東３ー１０ー１６", "tel": "092-503-3953"}}, {"type": "Feature", "geometry": {"type": "Point", "coordinates": [130.405472, 33.555542]}, "properties": {"name": "（株）冨士塗装", "address": "福岡県福岡市南区寺塚１ー３ー４６", "tel": "092-541-2645"}}, {"type": "Feature", "geometry": {"type": "Point", "coordinates": [130.966507, 33.9473]}, "properties": {"name": "福屋建設（株）", "address": "福岡県北九州市門司区東本町１ー１ー７", "tel": "093-321-2885"}}, {"type": "Feature", "geometry": {"type": "Point", "coordinates": [130.848892, 33.65398]}, "properties": {"name": "古本建設（株）", "address": "福岡県田川郡香春町大字中津原１８２２ー２", "tel": "0947-44-1121"}}, {"type": "Feature", "geometry": {"type": "Point", "coordinates": [130.475098, 33.126392]}, "properties": {"name": "藤岡建設（株）", "address": "福岡県みやま市瀬高町太神１３７４ー１", "tel": "0944-62-5252"}}, {"type": "Feature", "geometry": {"type": "Point", "coordinates": [130.868958, 33.851345]}, "properties": {"name": "（有）富士装飾", "address": "福岡県北九州市小倉北区南丘１ー１５ー２８", "tel": "093-561-0031"}}, {"type": "Feature", "geometry": {"type": "Point", "coordinates": [130.705795, 33.322037]}, "properties": {"name": "福島建設（株）", "address": "福岡県久留米市田主丸町石垣６５１ー３", "tel": "0943-72-3370"}}, {"type": "Feature", "geometry": {"type": "Point", "coordinates": [130.259567, 33.586342]}, "properties": {"name": "フクシ（株）", "address": "福岡県福岡市西区横浜３ー２７ー２４", "tel": "092-834-6020"}}, {"type": "Feature", "geometry": {"type": "Point", "coordinates": [131.151382, 33.608013]}, "properties": {"name": "二葉建設（株）", "address": "福岡県豊前市大字三楽１７２", "tel": "0979-82-1223"}}, {"type": "Feature", "geometry": {"type": "Point", "coordinates": [130.347824, 33.575901]}, "properties": {"name": "福岡興業（株）", "address": "福岡県福岡市早良区藤崎２ー３ー１０", "tel": "092-821-5131"}}, {"type": "Feature", "geometry": {"type": "Point", "coordinates": [130.668579, 33.843559]}, "properties": {"name": "（株）福田工務店", "address": "福岡県遠賀郡遠賀町大字木守９６６", "tel": "093-293-0168"}}, {"type": "Feature", "geometry": {"type": "Point", "coordinates": [130.924576, 33.709553]}, "properties": {"name": "（株）福森組", "address": "福岡県京都郡みやこ町勝山黒田６６０ー１", "tel": "0930-32-2580"}}, {"type": "Feature", "geometry": {"type": "Point", "coordinates": [130.534058, 33.476807]}, "properties": {"name": "陽光建設（株）", "address": "福岡県筑紫野市大字俗明院４３", "tel": "092-921-1300"}}, {"type": "Feature", "geometry": {"type": "Point", "coordinates": [130.464279, 33.634735]}, "properties": {"name": "別府建設（株）", "address": "福岡県福岡市東区土井１ー１８ー１２", "tel": "072-691-1406"}}, {"type": "Feature", "geometry": {"type": "Point", "coordinates": [130.447418, 33.031773]}, "properties": {"name": "ベスト技建（株）", "address": "福岡県大牟田市有明町１ー４ー８", "tel": "0944-52-0300"}}, {"type": "Feature", "geometry": {"type": "Point", "coordinates": [130.539749, 33.211609]}, "properties": {"name": "平成建設（株）", "address": "福岡県八女市蒲原１３７２ー３", "tel": "0943-22-5188"}}, {"type": "Feature", "geometry": {"type": "Point", "coordinates": [130.457214, 33.552628]}, "properties": {"name": "北辰建設（株）", "address": "福岡県福岡市博多区麦野４ー３ー１", "tel": "092-581-5231"}}, {"type": "Feature", "geometry": {"type": "Point", "coordinates": [130.42482, 33.609207]}, "properties": {"name": "（株）保坂塗装店", "address": "福岡県福岡市東区馬出６ー１３ー１０", "tel": "092-621-0909"}}, {"type": "Feature", "geometry": {"type": "Point", "coordinates": [130.433228, 33.637375]}, "properties": {"name": "豊和建設（株）", "address": "福岡県福岡市東区名島４ー１６ー１９", "tel": "092-692-4363"}}, {"type": "Feature", "geometry": {"type": "Point", "coordinates": [130.391449, 33.554718]}, "properties": {"name": "法城建設（株）", "address": "福岡県福岡市南区長丘５ー４ー１", "tel": "092-541-5373"}}, {"type": "Feature", "geometry": {"type": "Point", "coordinates": [130.188248, 33.534931]}, "properties": {"name": "（株）保利建設社", "address": "福岡県糸島市東１４３７ー２", "tel": "092-322-4779"}}, {"type": "Feature", "geometry": {"type": "Point", "coordinates": [130.547485, 33.801186]}, "properties": {"name": "本田工業（株）", "address": "福岡県宗像市東郷１２４", "tel": "0940-36-1213"}}, {"type": "Feature", "geometry": {"type": "Point", "coordinates": [130.471817, 33.552292]}, "properties": {"name": "（株）ホンダ", "address": "福岡県大野城市仲畑４ー８ー１", "tel": "092-572-2959"}}, {"type": "Feature", "geometry": {"type": "Point", "coordinates": [130.972748, 33.66993]}, "properties": {"name": "（株）豊秀建設", "address": "福岡県京都郡みやこ町豊津１１１１ー１", "tel": "0930-33-5390"}}, {"type": "Feature", "geometry": {"type": "Point", "coordinates": [130.493515, 33.513805]}, "properties": {"name": "（株）宝満建設", "address": "福岡県太宰府市吉松２ー８ー８", "tel": "092-922-2871"}}, {"type": "Feature", "geometry": {"type": "Point", "coordinates": [130.995438, 33.73481]}, "properties": {"name": "（株）放作", "address": "福岡県行橋市大字金屋６７６ー２", "tel": "0930-22-5530"}}, {"type": "Feature", "geometry": {"type": "Point", "coordinates": [130.937271, 33.815224]}, "properties": {"name": "（株）堀建ホーム", "address": "福岡県北九州市小倉南区下貫２ー７ー３０", "tel": "093-471-4213"}}, {"type": "Feature", "geometry": {"type": "Point", "coordinates": [130.88298, 33.869766]}, "properties": {"name": "（有）増田商店", "address": "福岡県北九州市小倉北区片野１ー５ー１３", "tel": "093-921-7112"}}, {"type": "Feature", "geometry": {"type": "Point", "coordinates": [130.403992, 33.599648]}, "properties": {"name": "（株）松田工務店", "address": "福岡県福岡市博多区奈良屋町１１ー１８", "tel": "092-281-2456"}}, {"type": "Feature", "geometry": {"type": "Point", "coordinates": [130.379456, 33.162834]}, "properties": {"name": "（株）待鳥建設", "address": "福岡県柳川市吉原３８ー１", "tel": "09447-3-6110"}}, {"type": "Feature", "geometry": {"type": "Point", "coordinates": [130.169952, 33.551952]}, "properties": {"name": "松吉建設（株）", "address": "福岡県糸島市千早新田１４０ー８", "tel": "092-323-3960"}}, {"type": "Feature", "geometry": {"type": "Point", "coordinates": [130.487625, 33.737343]}, "properties": {"name": "松本建設（株）", "address": "福岡県古賀市久保５４７ー１０", "tel": "092-942-6165"}}, {"type": "Feature", "geometry": {"type": "Point", "coordinates": [130.387985, 33.557785]}, "properties": {"name": "（有）松吉繁工務店", "address": "福岡県福岡市南区長丘４ー１６ー１０", "tel": "092-541-4843"}}, {"type": "Feature", "geometry": {"type": "Point", "coordinates": [130.366058, 33.566128]}, "properties": {"name": "（有）學建設", "address": "福岡県福岡市城南区茶山１ー１ー１２", "tel": "092-821-7418"}}, {"type": "Feature", "geometry": {"type": "Point", "coordinates": [130.406647, 33.601055]}, "properties": {"name": "（株）まつい工務店", "address": "福岡県福岡市博多区下呉服町４ー７", "tel": "092-281-3013"}}, {"type": "Feature", "geometry": {"type": "Point", "coordinates": [130.729462, 33.736565]}, "properties": {"name": "（株）松浦組", "address": "福岡県直方市溝堀１ー７ー４０", "tel": "0949-25-1511"}}, {"type": "Feature", "geometry": {"type": "Point", "coordinates": [130.883377, 33.873272]}, "properties": {"name": "松本工業（株）", "address": "福岡県北九州市小倉北区三萩野１ー２ー５", "tel": "093-923-0388"}}, {"type": "Feature", "geometry": {"type": "Point", "coordinates": [130.81636, 33.646603]}, "properties": {"name": "正木工業（株）", "address": "福岡県田川市大字伊田３４６４", "tel": "0947-44-3472"}}, {"type": "Feature", "geometry": {"type": "Point", "coordinates": [130.979645, 33.725964]}, "properties": {"name": "宮西設備（株）", "address": "福岡県行橋市中央１ー１０ー１８", "tel": "0930-23-1634"}}, {"type": "Feature", "geometry": {"type": "Point", "coordinates": [130.722046, 33.855679]}, "properties": {"name": "宮田建設（株）", "address": "福岡県北九州市八幡西区則松４ー３ー１０", "tel": "093-602-8818"}}, {"type": "Feature", "geometry": {"type": "Point", "coordinates": [130.60463, 33.357651]}, "properties": {"name": "光安建設（株）", "address": "福岡県久留米市北野町赤司１８５８", "tel": "0942-78-4391"}}, {"type": "Feature", "geometry": {"type": "Point", "coordinates": [130.831696, 33.621658]}, "properties": {"name": "水谷建設工業（株）", "address": "福岡県田川市大字伊加利２１９３", "tel": "0947-44-2111"}}, {"type": "Feature", "geometry": {"type": "Point", "coordinates": [130.936203, 33.820045]}, "properties": {"name": "（有）三岳工務店", "address": "福岡県北九州市小倉南区東貫２ー１９ー７", "tel": "093-471-0237"}}, {"type": "Feature", "geometry": {"type": "Point", "coordinates": [130.958801, 33.73336]}, "properties": {"name": "（株）みやけ商会", "address": "福岡県行橋市大字下津熊１０５０", "tel": "0930-22-1663"}}, {"type": "Feature", "geometry": {"type": "Point", "coordinates": [130.344391, 33.546284]}, "properties": {"name": "宮辰建設（株）", "address": "福岡県福岡市早良区野芥２ー１７ー１５", "tel": "092-862-1485"}}, {"type": "Feature", "geometry": {"type": "Point", "coordinates": [130.422455, 33.562584]}, "properties": {"name": "（株）エムアイタック", "address": "福岡県福岡市南区向野２ー１０ー３５", "tel": "092-557-9777"}}, {"type": "Feature", "geometry": {"type": "Point", "coordinates": [130.708771, 33.827686]}, "properties": {"name": "（有）御館建設", "address": "福岡県中間市長津２ー１５ー１０", "tel": "093-245-0017"}}, {"type": "Feature", "geometry": {"type": "Point", "coordinates": [131.140305, 33.618568]}, "properties": {"name": "ミヤフサ建設（株）", "address": "福岡県豊前市大字赤熊２７９ー１", "tel": "0979-82-1015"}}, {"type": "Feature", "geometry": {"type": "Point", "coordinates": [130.16983, 33.538136]}, "properties": {"name": "宮本建設", "address": "福岡県糸島市神在西４ー１７ー１", "tel": "092-322-0777"}}, {"type": "Feature", "geometry": {"type": "Point", "coordinates": [130.248734, 33.576996]}, "properties": {"name": "三苫建設（株）", "address": "福岡県福岡市西区田尻１ー２ー４２", "tel": "092-806-4659"}}, {"type": "Feature", "geometry": {"type": "Point", "coordinates": [130.399048, 33.565754]}, "properties": {"name": "（株）溝上工務店", "address": "福岡県福岡市南区平和２ー２０ー７", "tel": "092-522-0375"}}, {"type": "Feature", "geometry": {"type": "Point", "coordinates": [130.757187, 33.730633]}, "properties": {"name": "（株）皆川工務店", "address": "福岡県直方市大字上境２１１９ー１", "tel": "0949-24-3465"}}, {"type": "Feature", "geometry": {"type": "Point", "coordinates": [130.764374, 33.528152]}, "properties": {"name": "（有）瑞穂工務店", "address": "福岡県嘉麻市上４８９", "tel": "0948-57-1451"}}, {"type": "Feature", "geometry": {"type": "Point", "coordinates": [130.796951, 33.859848]}, "properties": {"name": "（有）都建設", "address": "福岡県北九州市八幡東区帆柱２ー４ー２５", "tel": "093-681-2886"}}, {"type": "Feature", "geometry": {"type": "Point", "coordinates": [130.93045, 33.897625]}, "properties": {"name": "美和建設工業（株）", "address": "福岡県北九州市門司区原町別院１２ー７", "tel": "093-372-0851"}}, {"type": "Feature", "geometry": {"type": "Point", "coordinates": [130.47171, 33.730755]}, "properties": {"name": "美輪興業（株）", "address": "福岡県古賀市中央２ー２ー１８", "tel": "092-943-5200"}}, {"type": "Feature", "geometry": {"type": "Point", "coordinates": [130.840271, 33.643234]}, "properties": {"name": "（株）村上建設", "address": "福岡県田川市大字伊田４７４ー６", "tel": "0947-44-2545"}}, {"type": "Feature", "geometry": {"type": "Point", "coordinates": [130.543335, 33.272362]}, "properties": {"name": "ムライケミカルパック（株）", "address": "福岡県久留米市藤山町６９６ー５", "tel": "0942-21-7667"}}, {"type": "Feature", "geometry": {"type": "Point", "coordinates": [130.931015, 33.825077]}, "properties": {"name": "村上建設（株）", "address": "福岡県北九州市小倉南区田原４ー１１ー１０", "tel": "093-472-6571"}}, {"type": "Feature", "geometry": {"type": "Point", "coordinates": [130.933731, 33.909603]}, "properties": {"name": "（有）向井鉄工所", "address": "福岡県北九州市門司区大里本町２ー５ー２６", "tel": "093-391-8461"}}, {"type": "Feature", "geometry": {"type": "Point", "coordinates": [130.817947, 33.610378]}, "properties": {"name": "（株）村坂工務店", "address": "福岡県田川郡川崎町大字田原３３６ー１３", "tel": "0947-45-5822"}}, {"type": "Feature", "geometry": {"type": "Point", "coordinates": [130.651901, 33.884201]}, "properties": {"name": "（有）明和工務店", "address": "福岡県遠賀郡芦屋町大字芦屋１０７０ー１", "tel": "093-222-0077"}}, {"type": "Feature", "geometry": {"type": "Point", "coordinates": [130.438248, 33.504787]}, "properties": {"name": "（株）銘和建設", "address": "福岡県那珂川市王塚台１ー４９", "tel": "092-953-0391"}}, {"type": "Feature", "geometry": {"type": "Point", "coordinates": [130.592178, 33.861801]}, "properties": {"name": "明秀産業（株）", "address": "福岡県遠賀郡岡垣町大字三吉字熊原１２５６", "tel": "093-281-1221"}}, {"type": "Feature", "geometry": {"type": "Point", "coordinates": [130.445999, 33.627396]}, "properties": {"name": "（株）百田工務店", "address": "福岡県福岡市東区多の津１ー４ー５", "tel": "092-611-2661"}}, {"type": "Feature", "geometry": {"type": "Point", "coordinates": [130.333694, 33.566151]}, "properties": {"name": "（株）毛利建設", "address": "福岡県福岡市早良区小田部２ー１８ー１３", "tel": "092-831-0188"}}, {"type": "Feature", "geometry": {"type": "Point", "coordinates": [130.432083, 33.550049]}, "properties": {"name": "（株）守田工務店", "address": "福岡県福岡市南区三宅３ー１６ー３９", "tel": "092-561-2523"}}, {"type": "Feature", "geometry": {"type": "Point", "coordinates": [130.496933, 33.140873]}, "properties": {"name": "（株）モロインテリア", "address": "福岡県みやま市瀬高町松田３３", "tel": "0944-63-3801"}}, {"type": "Feature", "geometry": {"type": "Point", "coordinates": [130.648422, 33.633896]}, "properties": {"name": "毛利土木（株）", "address": "福岡県飯塚市潤野７１８ー１", "tel": "0948-24-6066"}}, {"type": "Feature", "geometry": {"type": "Point", "coordinates": [130.851181, 33.709404]}, "properties": {"name": "桃坂工業（有）", "address": "福岡県田川郡香春町大字採銅所３２４２", "tel": "0947-32-2287"}}, {"type": "Feature", "geometry": {"type": "Point", "coordinates": [130.974854, 33.928291]}, "properties": {"name": "（有）本屋敷建設", "address": "福岡県北九州市門司区春日町１８ー１７", "tel": "093-341-1010"}}, {"type": "Feature", "geometry": {"type": "Point", "coordinates": [130.470108, 33.57962]}, "properties": {"name": "（株）元木組", "address": "福岡県福岡市博多区月隈２ー５ー５", "tel": "092-504-2438"}}, {"type": "Feature", "geometry": {"type": "Point", "coordinates": [130.858612, 33.577579]}, "properties": {"name": "（株）森下組", "address": "福岡県田川郡添田町大字添田２５３２ー３０", "tel": "0947-82-0174"}}, {"type": "Feature", "geometry": {"type": "Point", "coordinates": [130.973923, 33.749954]}, "properties": {"name": "（株）森工業", "address": "福岡県京都郡苅田町新津３ー８ー５", "tel": "0930-22-4154"}}, {"type": "Feature", "geometry": {"type": "Point", "coordinates": [130.937027, 33.826714]}, "properties": {"name": "（有）明成堂", "address": "福岡県北九州市小倉南区中曽根１ー８ー５４", "tel": "093-472-0178"}}, {"type": "Feature", "geometry": {"type": "Point", "coordinates": [130.87616, 33.807766]}, "properties": {"name": "（株）守恒造園建設", "address": "福岡県北九州市小倉南区志井鷹羽台４ー３", "tel": "093-962-4211"}}, {"type": "Feature", "geometry": {"type": "Point", "coordinates": [130.557938, 33.18129]}, "properties": {"name": "持丸建設工業（株）", "address": "福岡県八女市立花町北山４５５ー１", "tel": "0943-23-4538"}}, {"type": "Feature", "geometry": {"type": "Point", "coordinates": [130.733521, 33.787621]}, "properties": {"name": "（株）森田建設", "address": "福岡県北九州市八幡西区楠橋南２ー１１ー７", "tel": "093-617-9661"}}, {"type": "Feature", "geometry": {"type": "Point", "coordinates": [130.529083, 33.305832]}, "properties": {"name": "山崎建設（株）", "address": "福岡県久留米市野中町１２９７ー１", "tel": "0942-36-5362"}}, {"type": "Feature", "geometry": {"type": "Point", "coordinates": [130.773453, 33.868263]}, "properties": {"name": "（株）安井組", "address": "福岡県北九州市八幡西区田町２ー７ー１", "tel": "093-621-2131"}}, {"type": "Feature", "geometry": {"type": "Point", "coordinates": [130.753693, 33.884201]}, "properties": {"name": "（株）山本建設", "address": "福岡県北九州市若松区南二島２ー１７ー１", "tel": "093-791-0891"}}, {"type": "Feature", "geometry": {"type": "Point", "coordinates": [130.772202, 33.865452]}, "properties": {"name": "（株）安永組", "address": "福岡県北九州市八幡西区藤田１ー１０ー３３", "tel": "093-631-7111"}}, {"type": "Feature", "geometry": {"type": "Point", "coordinates": [130.401306, 33.582527]}, "properties": {"name": "八千代建設（株）", "address": "福岡県福岡市中央区渡辺通２ー６ー１２", "tel": "092-531-1231"}}, {"type": "Feature", "geometry": {"type": "Point", "coordinates": [130.402069, 33.600746]}, "properties": {"name": "（株）山田工務店", "address": "福岡県福岡市博多区対馬小路１０ー２２", "tel": "092-271-2706"}}, {"type": "Feature", "geometry": {"type": "Point", "coordinates": [130.780792, 33.325058]}, "properties": {"name": "鑓水建設（株）", "address": "福岡県うきは市浮羽町流川７７ー２", "tel": "0943-77-5276"}}, {"type": "Feature", "geometry": {"type": "Point", "coordinates": [130.35968, 33.56728]}, "properties": {"name": "（株）山田亘工務店", "address": "福岡県福岡市城南区七隈１ー５ー５", "tel": "092-851-8509"}}, {"type": "Feature", "geometry": {"type": "Point", "coordinates": [130.540802, 33.232822]}, "properties": {"name": "八女カイセー（株）", "address": "福岡県八女郡広川町大字太田１０２４", "tel": "0943-32-1148"}}, {"type": "Feature", "geometry": {"type": "Point", "coordinates": [130.417328, 33.59325]}, "properties": {"name": "安川建設（株）", "address": "福岡県福岡市博多区博多駅前１ー１１ー１３", "tel": "092-441-1113"}}, {"type": "Feature", "geometry": {"type": "Point", "coordinates": [130.870956, 33.892841]}, "properties": {"name": "（株）山本建工", "address": "福岡県北九州市小倉北区東港２ー１ー１３", "tel": "093-562-2800"}}, {"type": "Feature", "geometry": {"type": "Point", "coordinates": [130.876312, 33.857063]}, "properties": {"name": "山口基礎工業（株）", "address": "福岡県北九州市小倉南区下城野１ー１６ー２２", "tel": "093-941-2213"}}, {"type": "Feature", "geometry": {"type": "Point", "coordinates": [130.426407, 33.5616]}, "properties": {"name": "（株）アップルホーム", "address": "福岡県福岡市南区日佐２ー８ー１４", "tel": "092-586-5077"}}, {"type": "Feature", "geometry": {"type": "Point", "coordinates": [130.410812, 33.5312]}, "properties": {"name": "祐榮建設（有）", "address": "福岡県福岡市南区鶴田４ー１６ー７", "tel": "092-566-1808"}}, {"type": "Feature", "geometry": {"type": "Point", "coordinates": [130.403, 33.152992]}, "properties": {"name": "（株）豊建設", "address": "福岡県柳川市上宮永町２５５ー４", "tel": "0944-72-4860"}}, {"type": "Feature", "geometry": {"type": "Point", "coordinates": [130.499176, 33.320038]}, "properties": {"name": "（株）ユー企画", "address": "福岡県久留米市京町２２３ー１", "tel": "0942-39-2951"}}, {"type": "Feature", "geometry": {"type": "Point", "coordinates": [130.534317, 33.220013]}, "properties": {"name": "豊建設（有）", "address": "福岡県八女市亀甲１６０ー３", "tel": "0943-22-3705"}}, {"type": "Feature", "geometry": {"type": "Point", "coordinates": [130.938248, 33.752697]}, "properties": {"name": "（有）優和建設", "address": "福岡県京都郡苅田町大字稲光１２１２ー１", "tel": "0930-24-3303"}}, {"type": "Feature", "geometry": {"type": "Point", "coordinates": [130.38028, 33.591782]}, "properties": {"name": "西部ガス建設（株）", "address": "福岡県福岡市中央区大手門３ー８ー２２", "tel": "092-751-4161"}}, {"type": "Feature", "geometry": {"type": "Point", "coordinates": [130.888611, 33.873566]}, "properties": {"name": "（株）吉元工務店", "address": "福岡県北九州市小倉北区明和町１１ー３", "tel": "093-521-2979"}}, {"type": "Feature", "geometry": {"type": "Point", "coordinates": [130.767303, 33.555813]}, "properties": {"name": "（株）吉国組", "address": "福岡県嘉麻市上山田１５３７", "tel": "0948-52-0108"}}, {"type": "Feature", "geometry": {"type": "Point", "coordinates": [130.829926, 33.899021]}, "properties": {"name": "（有）吉本工務店", "address": "福岡県北九州市戸畑区新池３ー２ー４", "tel": "093-882-0460"}}, {"type": "Feature", "geometry": {"type": "Point", "coordinates": [130.387497, 33.549137]}, "properties": {"name": "（有）吉松工務店", "address": "福岡県福岡市城南区樋井川３ー１３ー５", "tel": "092-542-7061"}}, {"type": "Feature", "geometry": {"type": "Point", "coordinates": [130.43042, 33.621449]}, "properties": {"name": "（株）隆工務店", "address": "福岡県福岡市東区原田２ー９ー１", "tel": "092-611-3412"}}, {"type": "Feature", "geometry": {"type": "Point", "coordinates": [130.44194, 33.514275]}, "properties": {"name": "（有）テクノシールド", "address": "福岡県春日市白水ヶ丘６ー３１", "tel": "092-501-7333"}}, {"type": "Feature", "geometry": {"type": "Point", "coordinates": [130.402252, 33.553402]}, "properties": {"name": "リビング工業（株）", "address": "福岡県福岡市南区寺塚１ー１６ー１３", "tel": "092-552-3667"}}, {"type": "Feature", "geometry": {"type": "Point", "coordinates": [130.753784, 33.732998]}, "properties": {"name": "リフォームセンタークスミ（株）", "address": "福岡県直方市大字下境３３２ー１０", "tel": "0949-22-2007"}}, {"type": "Feature", "geometry": {"type": "Point", "coordinates": [130.923126, 33.842697]}, "properties": {"name": "（株）渡辺工匠", "address": "福岡県北九州市小倉南区葛原本町４ー２ー２", "tel": "093-471-0041"}}, {"type": "Feature", "geometry": {"type": "Point", "coordinates": [130.523758, 33.320518]}, "properties": {"name": "脇建設（株）", "address": "福岡県久留米市東櫛原町２０４４", "tel": "0942-32-7988"}}, {"type": "Feature", "geometry": {"type": "Point", "coordinates": [130.875, 33.85281]}, "properties": {"name": "（株）若松建設", "address": "福岡県北九州市小倉南区下城野３ー１０ー１", "tel": "093-921-6047"}}, {"type": "Feature", "geometry": {"type": "Point", "coordinates": [130.416565, 33.579628]}, "properties": {"name": "（株）ブリッヂ", "address": "福岡県福岡市博多区美野島１ー１７ー１５", "tel": "092-433-6432"}}, {"type": "Feature", "geometry": {"type": "Point", "coordinates": [130.803528, 33.646057]}, "properties": {"name": "（有）隆将カンパニー", "address": "福岡県田川市大字伊田５０００", "tel": "0947-45-8133"}}, {"type": "Feature", "geometry": {"type": "Point", "coordinates": [130.499023, 33.593975]}, "properties": {"name": "（株）若杉建設", "address": "福岡県糟屋郡須惠町大字植木５６９ー２", "tel": "092-935-6668"}}, {"type": "Feature", "geometry": {"type": "Point", "coordinates": [130.86055, 33.824406]}, "properties": {"name": "（有）若佐建設", "address": "福岡県北九州市小倉南区南方５ー９ー２２", "tel": "093-962-3446"}}, {"type": "Feature", "geometry": {"type": "Point", "coordinates": [130.445282, 33.536098]}, "properties": {"name": "（株）渡辺", "address": "福岡県春日市須玖南５ー１２", "tel": "092-592-5522"}}, {"type": "Feature", "geometry": {"type": "Point", "coordinates": [130.797623, 33.708256]}, "properties": {"name": "（株）渡建設", "address": "福岡県田川郡福智町弁城３８４５ー１", "tel": "0947-22-4659"}}, {"type": "Feature", "geometry": {"type": "Point", "coordinates": [130.315598, 33.578014]}, "properties": {"name": "昭和土木建設（株）", "address": "福岡県福岡市西区下山門１ー１６ー２６", "tel": "092-400-3255"}}, {"type": "Feature", "geometry": {"type": "Point", "coordinates": [130.31604, 33.546764]}, "properties": {"name": "ニッセイ技研（株）", "address": "福岡県福岡市西区羽根戸６７ー４", "tel": "092-812-2626"}}, {"type": "Feature", "geometry": {"type": "Point", "coordinates": [130.770874, 33.539429]}, "properties": {"name": "西建設工業（株）", "address": "福岡県嘉麻市熊ケ畑２６４３ー１８", "tel": "0948-53-2487"}}, {"type": "Feature", "geometry": {"type": "Point", "coordinates": [130.771896, 33.896011]}, "properties": {"name": "西日本建設（株）", "address": "福岡県北九州市若松区今光２ー２１ー７", "tel": "093-701-2020"}}, {"type": "Feature", "geometry": {"type": "Point", "coordinates": [130.813126, 33.601562]}, "properties": {"name": "西建興業（株）", "address": "福岡県田川郡川崎町大字田原７７２", "tel": "0947-73-2553"}}, {"type": "Feature", "geometry": {"type": "Point", "coordinates": [130.755295, 33.799885]}, "properties": {"name": "（株）西幸工務店", "address": "福岡県北九州市八幡西区下畑町１１ー１６", "tel": "093-618-2022"}}, {"type": "Feature", "geometry": {"type": "Point", "coordinates": [130.983521, 33.66346]}, "properties": {"name": "西川建設", "address": "福岡県京都郡みやこ町上原１３０７", "tel": "0930-33-3908"}}, {"type": "Feature", "geometry": {"type": "Point", "coordinates": [130.879654, 33.854683]}, "properties": {"name": "ニッセイ住宅（株）", "address": "福岡県北九州市小倉南区下城野１ー９ー１７", "tel": "093-951-6776"}}, {"type": "Feature", "geometry": {"type": "Point", "coordinates": [130.728729, 33.596191]}, "properties": {"name": "（株）西田建設", "address": "福岡県嘉麻市平１２２６ー１", "tel": "0948-42-1723"}}, {"type": "Feature", "geometry": {"type": "Point", "coordinates": [130.435623, 33.005932]}, "properties": {"name": "（株）西田総建", "address": "福岡県大牟田市南船津町４ー１２ー１１", "tel": "0944-54-5342"}}, {"type": "Feature", "geometry": {"type": "Point", "coordinates": [131.056702, 33.661331]}, "properties": {"name": "（有）西口住宅設備", "address": "福岡県築上郡築上町大字高塚３９９ー１", "tel": "0930-56-4146"}}, {"type": "Feature", "geometry": {"type": "Point", "coordinates": [130.820847, 33.866112]}, "properties": {"name": "（株）セイケン", "address": "福岡県北九州市八幡東区山王４ー１ー６", "tel": "093-231-0678"}}, {"type": "Feature", "geometry": {"type": "Point", "coordinates": [130.337738, 33.524368]}, "properties": {"name": "（株）ニシハラ", "address": "福岡県福岡市早良区東入部２ー３ー３", "tel": "092-834-5945"}}, {"type": "Feature", "geometry": {"type": "Point", "coordinates": [130.978867, 33.709557]}, "properties": {"name": "（有）庭治", "address": "福岡県行橋市泉中央３ー４ー１５", "tel": "0930-25-5533"}}, {"type": "Feature", "geometry": {"type": "Point", "coordinates": [130.677551, 33.620014]}, "properties": {"name": "（株）平井製作所", "address": "福岡県飯塚市秋松３９５ー２", "tel": "0948-23-0949"}}, {"type": "Feature", "geometry": {"type": "Point", "coordinates": [130.565262, 33.348259]}, "properties": {"name": "（株）廣田組", "address": "福岡県久留米市宮ノ陣町八丁島９０ー１", "tel": "0942-38-5837"}}, {"type": "Feature", "geometry": {"type": "Point", "coordinates": [130.812851, 33.923733]}, "properties": {"name": "（株）廣松組", "address": "福岡県北九州市若松区大字安瀬４３ー１", "tel": "093-771-2331"}}, {"type": "Feature", "geometry": {"type": "Point", "coordinates": [130.97139, 33.667152]}, "properties": {"name": "（有）肥喜里工務店", "address": "福岡県京都郡みやこ町豊津２１７６ー１１", "tel": "0930-33-2151"}}, {"type": "Feature", "geometry": {"type": "Point", "coordinates": [130.397476, 33.596073]}, "properties": {"name": "（株）梅の木建設", "address": "福岡県福岡市中央区天神５ー１０ー２２", "tel": "092-737-2360"}}, {"type": "Feature", "geometry": {"type": "Point", "coordinates": [130.437622, 33.189896]}, "properties": {"name": "（株）廣松設備", "address": "福岡県三潴郡大木町大字三八松２２３４ー６", "tel": "0944-32-1237"}}, {"type": "Feature", "geometry": {"type": "Point", "coordinates": [130.599411, 33.45269]}, "properties": {"name": "（株）ヒミコ建設", "address": "福岡県朝倉郡筑前町篠隈１５８ー４４", "tel": "0946-42-5900"}}, {"type": "Feature", "geometry": {"type": "Point", "coordinates": [130.435638, 33.032303]}, "properties": {"name": "（株）国土不動産", "address": "福岡県大牟田市小浜町１ー４ー２", "tel": "0944-51-8035"}}, {"type": "Feature", "geometry": {"type": "Point", "coordinates": [130.523865, 33.622799]}, "properties": {"name": "（株）廣田建設", "address": "福岡県糟屋郡篠栗町中央４ー１０ー２３ー５０２", "tel": "092-947-0438"}}, {"type": "Feature", "geometry": {"type": "Point", "coordinates": [130.720901, 33.857452]}, "properties": {"name": "（株）光ハウジング", "address": "福岡県北九州市八幡西区則松４ー１６ー９", "tel": "093-601-3515"}}, {"type": "Feature", "geometry": {"type": "Point", "coordinates": [130.302185, 33.520981]}, "properties": {"name": "樋渡建設（株）", "address": "福岡県福岡市西区大字金武１８５６ー１０", "tel": "092-811-2222"}}, {"type": "Feature", "geometry": {"type": "Point", "coordinates": [130.460983, 33.612289]}, "properties": {"name": "（株）秀嶋工務店", "address": "福岡県糟屋郡粕屋町大字仲原２４０１", "tel": "092-938-0236"}}, {"type": "Feature", "geometry": {"type": "Point", "coordinates": [130.673599, 33.787018]}, "properties": {"name": "（株）平野組", "address": "福岡県鞍手郡鞍手町大字中山３４５９ー２", "tel": "0949-42-5333"}}, {"type": "Feature", "geometry": {"type": "Point", "coordinates": [130.501648, 33.642906]}, "properties": {"name": "（株）ヒロハウス", "address": "福岡県糟屋郡久山町大字久原２７０９ー３６", "tel": "092-976-3839"}}, {"type": "Feature", "geometry": {"type": "Point", "coordinates": [130.721588, 33.808666]}, "properties": {"name": "（有）久綱工務店", "address": "福岡県中間市弥生１ー１９ー１０", "tel": "093-244-8966"}}, {"type": "Feature", "geometry": {"type": "Point", "coordinates": [130.797623, 33.708256]}, "properties": {"name": "（有）久喜建設工業", "address": "福岡県田川郡福智町弁城２１３３ー１", "tel": "0947-22-1567"}}, {"type": "Feature", "geometry": {"type": "Point", "coordinates": [130.693207, 33.681095]}, "properties": {"name": "（有）日ノ出建設工業", "address": "福岡県飯塚市目尾５１５ー９２", "tel": "0948-29-2900"}}, {"type": "Feature", "geometry": {"type": "Point", "coordinates": [130.720779, 33.865257]}, "properties": {"name": "（株）東洋建設", "address": "福岡県北九州市八幡西区光明１ー８ー１５", "tel": "093-693-2515"}}, {"type": "Feature", "geometry": {"type": "Point", "coordinates": [130.730042, 33.822987]}, "properties": {"name": "（株）東栄建設", "address": "福岡県中間市通谷１ー１９ー３", "tel": "093-244-6972"}}, {"type": "Feature", "geometry": {"type": "Point", "coordinates": [130.945023, 33.735111]}, "properties": {"name": "（有）富田建設", "address": "福岡県行橋市大字延永８０４", "tel": "0930-22-1223"}}, {"type": "Feature", "geometry": {"type": "Point", "coordinates": [130.433365, 33.57439]}, "properties": {"name": "（株）友清建設", "address": "福岡県福岡市博多区東光寺町１ー２０ー２０", "tel": "092-483-2118"}}, {"type": "Feature", "geometry": {"type": "Point", "coordinates": [130.817078, 33.871662]}, "properties": {"name": "（株）東和工業", "address": "福岡県北九州市八幡東区諏訪１ー６ー３０", "tel": "093-662-2996"}}, {"type": "Feature", "geometry": {"type": "Point", "coordinates": [130.380798, 33.551197]}, "properties": {"name": "（有）冨永建設", "address": "福岡県福岡市城南区樋井川１ー２２ー１１", "tel": "092-862-5786"}}, {"type": "Feature", "geometry": {"type": "Point", "coordinates": [131.124283, 33.615677]}, "properties": {"name": "（株）豊成建設", "address": "福岡県豊前市大字八屋１７５３ー１", "tel": "0979-82-2374"}}, {"type": "Feature", "geometry": {"type": "Point", "coordinates": [130.744934, 33.825554]}, "properties": {"name": "藤幸建設（有）", "address": "福岡県北九州市八幡西区町上津役西２ー２３ー５", "tel": "093-613-0050"}}, {"type": "Feature", "geometry": {"type": "Point", "coordinates": [130.81514, 33.602844]}, "properties": {"name": "（有）トーヨー技建", "address": "福岡県田川郡川崎町大字田原７２５ー４", "tel": "0947-73-3055"}}, {"type": "Feature", "geometry": {"type": "Point", "coordinates": [130.833817, 33.598743]}, "properties": {"name": "（有）東建", "address": "福岡県田川郡川崎町大字川崎１５６ー３", "tel": "0947-72-3640"}}, {"type": "Feature", "geometry": {"type": "Point", "coordinates": [130.667679, 33.788212]}, "properties": {"name": "（株）東陽", "address": "福岡県鞍手郡鞍手町大字新延２１１ー６", "tel": "0949-42-7155"}}, {"type": "Feature", "geometry": {"type": "Point", "coordinates": [130.4151, 33.575912]}, "properties": {"name": "（有）トライワーク", "address": "福岡県福岡市南区那の川１ー１３ー６ー２０１", "tel": "092-406-1120"}}, {"type": "Feature", "geometry": {"type": "Point", "coordinates": [130.667725, 33.605038]}, "properties": {"name": "（有）徳永建設", "address": "福岡県飯塚市太郎丸４０５ー３７", "tel": "0948-21-0217"}}, {"type": "Feature", "geometry": {"type": "Point", "coordinates": [130.879684, 33.885445]}, "properties": {"name": "（株）リズ・トーチク", "address": "福岡県北九州市小倉北区魚町１ー２ー５", "tel": "093-531-6785"}}, {"type": "Feature", "geometry": {"type": "Point", "coordinates": [130.492508, 33.255768]}, "properties": {"name": "（有）時里土木建設", "address": "福岡県久留米市荒木町今３２９ー２", "tel": "0942-26-5546"}}, {"type": "Feature", "geometry": {"type": "Point", "coordinates": [130.905334, 33.88303]}, "properties": {"name": "田村産業（株）", "address": "福岡県北九州市小倉北区神幸町１０ー１２", "tel": "093-521-6640"}}, {"type": "Feature", "geometry": {"type": "Point", "coordinates": [130.456589, 33.515839]}, "properties": {"name": "（株）大名建設", "address": "福岡県春日市大土居１ー１００", "tel": "092-501-7000"}}, {"type": "Feature", "geometry": {"type": "Point", "coordinates": [131.053116, 33.653061]}, "properties": {"name": "田原産業", "address": "福岡県築上郡築上町大字臼田６４２", "tel": "0930-56-0448"}}, {"type": "Feature", "geometry": {"type": "Point", "coordinates": [130.746689, 33.866695]}, "properties": {"name": "高橋建設（株）", "address": "福岡県北九州市八幡西区陣原１ー１ー２４", "tel": "093-631-0812"}}, {"type": "Feature", "geometry": {"type": "Point", "coordinates": [130.543884, 33.313145]}, "properties": {"name": "（株）高木組", "address": "福岡県久留米市合川町１５６ー８", "tel": "0942-43-6605"}}, {"type": "Feature", "geometry": {"type": "Point", "coordinates": [130.731766, 33.544746]}, "properties": {"name": "田中工務店", "address": "福岡県嘉麻市上西郷４７２ー３", "tel": "0948-57-2940"}}, {"type": "Feature", "geometry": {"type": "Point", "coordinates": [130.473373, 33.765278]}, "properties": {"name": "（株）田畑建設", "address": "福岡県福津市西福間３ー１５ー１０", "tel": "0940-42-0513"}}, {"type": "Feature", "geometry": {"type": "Point", "coordinates": [131.057846, 33.668251]}, "properties": {"name": "（株）竹中建設", "address": "福岡県築上郡築上町大字宇留津１１８４", "tel": "0930-56-2345"}}, {"type": "Feature", "geometry": {"type": "Point", "coordinates": [130.315048, 33.549454]}, "properties": {"name": "（株）タイト綜合管理", "address": "福岡県福岡市西区戸切３ー３８ー１４", "tel": "092-812-3136"}}, {"type": "Feature", "geometry": {"type": "Point", "coordinates": [130.774414, 33.636784]}, "properties": {"name": "（株）太平産業", "address": "福岡県田川市大字弓削田３２１７ー１", "tel": "0947-42-3006"}}, {"type": "Feature", "geometry": {"type": "Point", "coordinates": [130.366806, 33.578575]}, "properties": {"name": "大協建設（株）", "address": "福岡県福岡市城南区鳥飼６ー２３ー２５", "tel": "092-841-2051"}}, {"type": "Feature", "geometry": {"type": "Point", "coordinates": [131.169266, 33.603649]}, "properties": {"name": "拓伸建設（株）", "address": "福岡県築上郡吉富町大字広津７３４ー１２", "tel": "0979-22-4813"}}, {"type": "Feature", "geometry": {"type": "Point", "coordinates": [130.893967, 33.868221]}, "properties": {"name": "（有）伊原工務店", "address": "福岡県北九州市小倉北区熊本３ー１ー１４", "tel": "093-921-5045"}}, {"type": "Feature", "geometry": {"type": "Point", "coordinates": [130.461823, 33.044594]}, "properties": {"name": "（株）今村組", "address": "福岡県大牟田市中白川町２ー３８", "tel": "0944-52-3161"}}, {"type": "Feature", "geometry": {"type": "Point", "coordinates": [130.800354, 33.366787]}, "properties": {"name": "（株）池田組", "address": "福岡県朝倉市杷木久喜宮１５１２ー１", "tel": "0946-62-0338"}}, {"type": "Feature", "geometry": {"type": "Point", "coordinates": [130.913086, 33.885456]}, "properties": {"name": "伊崎建設工業", "address": "福岡県北九州市小倉北区富野台５ー２４", "tel": "093-511-0036"}}, {"type": "Feature", "geometry": {"type": "Point", "coordinates": [130.888519, 33.840084]}, "properties": {"name": "（有）伊崎建設", "address": "福岡県北九州市小倉南区石田町６ー１", "tel": "093-961-3891"}}, {"type": "Feature", "geometry": {"type": "Point", "coordinates": [130.850891, 33.9021]}, "properties": {"name": "（有）インテリア多村", "address": "福岡県北九州市小倉北区親和町５ー２３", "tel": "093-571-3948"}}, {"type": "Feature", "geometry": {"type": "Point", "coordinates": [130.76207, 33.74567]}, "properties": {"name": "（株）今井組", "address": "福岡県直方市大字畑２７２ー１", "tel": "09492-2-2664"}}, {"type": "Feature", "geometry": {"type": "Point", "coordinates": [130.48056, 33.610832]}, "properties": {"name": "因建設（株）", "address": "福岡県糟屋郡粕屋町悦居２ー７ー２３", "tel": "092-938-2914"}}, {"type": "Feature", "geometry": {"type": "Point", "coordinates": [130.433487, 33.5793]}, "properties": {"name": "（株）オークス建設", "address": "福岡県福岡市博多区山王２ー１ー１６", "tel": "092-432-4440"}}, {"type": "Feature", "geometry": {"type": "Point", "coordinates": [130.623688, 33.848778]}, "properties": {"name": "（有）緒方建設", "address": "福岡県遠賀郡岡垣町桜台５ー５", "tel": "093-282-3733"}}, {"type": "Feature", "geometry": {"type": "Point", "coordinates": [130.745956, 33.791859]}, "properties": {"name": "（株）オオタニ", "address": "福岡県北九州市八幡西区金剛１ー１ー５", "tel": "093-619-3773"}}, {"type": "Feature", "geometry": {"type": "Point", "coordinates": [130.305984, 33.545586]}, "properties": {"name": "岡部建材工業（株）", "address": "福岡県福岡市西区大字羽根戸６８７ー５", "tel": "092-811-8225"}}, {"type": "Feature", "geometry": {"type": "Point", "coordinates": [130.421646, 33.614079]}, "properties": {"name": "（株）小山社寺工業所", "address": "福岡県福岡市東区馬出５ー３６ー４３", "tel": "092-651-4847"}}, {"type": "Feature", "geometry": {"type": "Point", "coordinates": [130.660446, 33.668369]}, "properties": {"name": "（有）大谷建設", "address": "福岡県飯塚市相田６８１ー１", "tel": "0948-23-5007"}}, {"type": "Feature", "geometry": {"type": "Point", "coordinates": [130.676682, 33.671516]}, "properties": {"name": "（有）大村建設", "address": "福岡県飯塚市中１１２１ー４", "tel": "0948-25-4083"}}, {"type": "Feature", "geometry": {"type": "Point", "coordinates": [131.045273, 33.650333]}, "properties": {"name": "大浜建設工業（株）", "address": "福岡県築上郡築上町大字坂本５２３ー１", "tel": "0930-56-4372"}}, {"type": "Feature", "geometry": {"type": "Point", "coordinates": [130.908005, 33.883987]}, "properties": {"name": "（株）岡村", "address": "福岡県北九州市小倉北区須賀町１４ー１４", "tel": "093-531-4071"}}, {"type": "Feature", "geometry": {"type": "Point", "coordinates": [130.769958, 33.564304]}, "properties": {"name": "永嶋合同（有）", "address": "福岡県嘉麻市上山田８１８ー２４", "tel": "0948-52-1712"}}, {"type": "Feature", "geometry": {"type": "Point", "coordinates": [130.984131, 33.772137]}, "properties": {"name": "永末工業（株）", "address": "福岡県京都郡苅田町殿川町１ー４７", "tel": "093-434-0806"}}, {"type": "Feature", "geometry": {"type": "Point", "coordinates": [130.797623, 33.708256]}, "properties": {"name": "（株）永末組", "address": "福岡県田川郡福智町弁城２９０１", "tel": "0947-22-0387"}}, {"type": "Feature", "geometry": {"type": "Point", "coordinates": [130.875458, 33.630573]}, "properties": {"name": "中村建設", "address": "福岡県田川郡赤村大字内田２２０５", "tel": "0947-62-2794"}}, {"type": "Feature", "geometry": {"type": "Point", "coordinates": [130.507416, 33.509136]}, "properties": {"name": "ナガタ建設（株）", "address": "福岡県太宰府市通古賀３ー１ー１４", "tel": "092-924-5881"}}, {"type": "Feature", "geometry": {"type": "Point", "coordinates": [130.2435, 33.567623]}, "properties": {"name": "（株）ビー・エイド中西", "address": "福岡県福岡市西区飯氏９３５ー６", "tel": "092-807-5866"}}, {"type": "Feature", "geometry": {"type": "Point", "coordinates": [130.555313, 33.486263]}, "properties": {"name": "（株）中山建設", "address": "福岡県筑紫野市大字阿志岐１４８０ー１", "tel": "092-924-5474"}}, {"type": "Feature", "geometry": {"type": "Point", "coordinates": [130.50531, 33.298168]}, "properties": {"name": "中村忠畳店", "address": "福岡県久留米市津福本町５２３", "tel": "0942-35-8370"}}, {"type": "Feature", "geometry": {"type": "Point", "coordinates": [130.723358, 33.801929]}, "properties": {"name": "永野建設工業（株）", "address": "福岡県北九州市八幡西区香月西４ー２ー１０", "tel": "093-618-1010"}}, {"type": "Feature", "geometry": {"type": "Point", "coordinates": [130.662292, 33.653164]}, "properties": {"name": "（株）中村建設", "address": "福岡県飯塚市伊岐須焼筒尾５６３ー１４", "tel": "0948-29-1088"}}, {"type": "Feature", "geometry": {"type": "Point", "coordinates": [130.582397, 33.203766]}, "properties": {"name": "（株）蒲池建設", "address": "福岡県八女市立花町山崎２３１６番地の２", "tel": "0943-23-1136"}}, {"type": "Feature", "geometry": {"type": "Point", "coordinates": [130.71489, 33.73621]}, "properties": {"name": "（有）川原工務店", "address": "福岡県直方市大字山部８８７ー９２", "tel": "0949-23-1867"}}, {"type": "Feature", "geometry": {"type": "Point", "coordinates": [130.658966, 33.725803]}, "properties": {"name": "（有）河合組", "address": "福岡県宮若市宮田４４１７ー６", "tel": "0949-32-0169"}}, {"type": "Feature", "geometry": {"type": "Point", "coordinates": [130.984344, 33.783733]}, "properties": {"name": "かんてつ（株）", "address": "福岡県京都郡苅田町磯浜町１ー１６ー１１", "tel": "093-436-1949"}}, {"type": "Feature", "geometry": {"type": "Point", "coordinates": [131.101364, 33.549679]}, "properties": {"name": "（株）金生建設", "address": "福岡県豊前市大字下川底３０８ー１", "tel": "0979-88-2046"}}, {"type": "Feature", "geometry": {"type": "Point", "coordinates": [130.77916, 33.652779]}, "properties": {"name": "（有）河端建設", "address": "福岡県田川郡糸田町１３８２", "tel": "0947-26-1191"}}, {"type": "Feature", "geometry": {"type": "Point", "coordinates": [130.435959, 33.671974]}, "properties": {"name": "（株）甲斐建設", "address": "福岡県福岡市東区香住ヶ丘３ー３１ー１７", "tel": "092-673-2828"}}, {"type": "Feature", "geometry": {"type": "Point", "coordinates": [130.693298, 33.653622]}, "properties": {"name": "神崎建設（株）", "address": "福岡県飯塚市川島５０", "tel": "0948-25-5577"}}, {"type": "Feature", "geometry": {"type": "Point", "coordinates": [130.44899, 33.553326]}, "properties": {"name": "（株）釜堀組", "address": "福岡県福岡市博多区諸岡５ー２８ー２２", "tel": "092-591-0077"}}, {"type": "Feature", "geometry": {"type": "Point", "coordinates": [130.783966, 33.866287]}, "properties": {"name": "（有）甲斐鈑金工作所", "address": "福岡県北九州市八幡東区桃園２ー６ー１１", "tel": "093-671-6107"}}, {"type": "Feature", "geometry": {"type": "Point", "coordinates": [130.76442, 33.859741]}, "properties": {"name": "（株）川田産業", "address": "福岡県北九州市八幡西区岸の浦２ー３ー８", "tel": "093-631-9781"}}, {"type": "Feature", "geometry": {"type": "Point", "coordinates": [130.410385, 33.189102]}, "properties": {"name": "金納建設（株）", "address": "福岡県柳川市東蒲池８８２ー４", "tel": "0944-73-1104"}}, {"type": "Feature", "geometry": {"type": "Point", "coordinates": [130.55162, 33.393299]}, "properties": {"name": "嘉賀建設（株）", "address": "福岡県小郡市小板井３７２", "tel": "0942-72-3711"}}, {"type": "Feature", "geometry": {"type": "Point", "coordinates": [130.581589, 33.465782]}, "properties": {"name": "柿原畳内装工事（株）", "address": "福岡県朝倉郡筑前町石櫃６８ー４", "tel": "0946-42-2077"}}, {"type": "Feature", "geometry": {"type": "Point", "coordinates": [130.982986, 33.717216]}, "properties": {"name": "（有）カワイチ建設", "address": "福岡県行橋市北泉４ー１３ー１２", "tel": "0930-23-0180"}}, {"type": "Feature", "geometry": {"type": "Point", "coordinates": [130.908981, 33.830296]}, "properties": {"name": "（有）神渡塗装", "address": "福岡県北九州市小倉南区長野本町４ー９ー１", "tel": "093-472-0876"}}, {"type": "Feature", "geometry": {"type": "Point", "coordinates": [130.672989, 33.779293]}, "properties": {"name": "光栄建設", "address": "福岡県鞍手郡鞍手町大字新北２４４３", "tel": "0949-42-4080"}}, {"type": "Feature", "geometry": {"type": "Point", "coordinates": [130.861633, 33.819637]}, "properties": {"name": "観己（株）", "address": "福岡県北九州市小倉南区長行東２ー１２ー１８", "tel": "093-451-6132"}}, {"type": "Feature", "geometry": {"type": "Point", "coordinates": [130.810364, 33.695732]}, "properties": {"name": "（有）山口組", "address": "福岡県田川郡福智町伊方２３６７", "tel": "0947-22-1485"}}, {"type": "Feature", "geometry": {"type": "Point", "coordinates": [130.920441, 33.891743]}, "properties": {"name": "（株）山崎建設", "address": "福岡県北九州市門司区西新町１ー４ー５", "tel": "093-381-5005"}}, {"type": "Feature", "geometry": {"type": "Point", "coordinates": [130.419083, 33.609699]}, "properties": {"name": "（株）山川工務店", "address": "福岡県福岡市東区馬出２ー２ー１１", "tel": "092-651-0672"}}, {"type": "Feature", "geometry": {"type": "Point", "coordinates": [130.786026, 33.640236]}, "properties": {"name": "（株）大和土木", "address": "福岡県田川市大字川宮３３３ー１", "tel": "0947-42-5507"}}, {"type": "Feature", "geometry": {"type": "Point", "coordinates": [130.973114, 33.710552]}, "properties": {"name": "（株）大和エンジニアリング", "address": "福岡県行橋市西泉３ー１３ー１０", "tel": "0930-25-1221"}}, {"type": "Feature", "geometry": {"type": "Point", "coordinates": [130.398254, 33.582554]}, "properties": {"name": "（株）山田建設工業", "address": "福岡県福岡市中央区薬院１ー１３ー８", "tel": "092-761-3570"}}, {"type": "Feature", "geometry": {"type": "Point", "coordinates": [130.600555, 33.728321]}, "properties": {"name": "（有）安永工務店", "address": "福岡県宮若市稲光８１１", "tel": "0949-52-2229"}}, {"type": "Feature", "geometry": {"type": "Point", "coordinates": [130.594894, 33.223484]}, "properties": {"name": "やひめ建設（株）", "address": "福岡県八女市忠見２５５ー１", "tel": "0943-23-7600"}}, {"type": "Feature", "geometry": {"type": "Point", "coordinates": [130.482147, 33.698391]}, "properties": {"name": "（株）矢津田工業", "address": "福岡県古賀市青柳１１６５ー４", "tel": "092-942-7381"}}, {"type": "Feature", "geometry": {"type": "Point", "coordinates": [130.845352, 33.574932]}, "properties": {"name": "進建産業（株）", "address": "福岡県田川郡添田町大字庄１５９３ー１", "tel": "0947-82-0137"}}, {"type": "Feature", "geometry": {"type": "Point", "coordinates": [130.788528, 33.86758]}, "properties": {"name": "（株）澁川工務店", "address": "福岡県北九州市八幡東区前田２ー４ー８", "tel": "093-671-3577"}}, {"type": "Feature", "geometry": {"type": "Point", "coordinates": [130.501129, 33.303665]}, "properties": {"name": "新日本住宅（株）", "address": "福岡県久留米市津福本町１２４９ー６", "tel": "0942-35-4526"}}, {"type": "Feature", "geometry": {"type": "Point", "coordinates": [130.938293, 33.824848]}, "properties": {"name": "（株）森光技建", "address": "福岡県北九州市小倉南区中曽根２ー１０ー７", "tel": "093-473-3033"}}, {"type": "Feature", "geometry": {"type": "Point", "coordinates": [130.66922, 33.64502]}, "properties": {"name": "（株）住建設", "address": "福岡県飯塚市横田字長浦５０８ー１", "tel": "0948-24-5001"}}, {"type": "Feature", "geometry": {"type": "Point", "coordinates": [130.755859, 33.855244]}, "properties": {"name": "（株）城川組", "address": "福岡県北九州市八幡西区青山３ー１３ー２９", "tel": "093-642-0413"}}, {"type": "Feature", "geometry": {"type": "Point", "coordinates": [130.97551, 33.896404]}, "properties": {"name": "（有）新門司建設", "address": "福岡県北九州市門司区大字猿喰６２９ー１０", "tel": "093-481-4763"}}, {"type": "Feature", "geometry": {"type": "Point", "coordinates": [130.811218, 33.894936]}, "properties": {"name": "（株）シノダ建工", "address": "福岡県北九州市戸畑区牧山海岸４ー５３", "tel": "093-881-6560"}}, {"type": "Feature", "geometry": {"type": "Point", "coordinates": [130.356155, 33.547985]}, "properties": {"name": "（有）陣工務店", "address": "福岡県福岡市城南区梅林３ー８ー２３", "tel": "092-865-0111"}}, {"type": "Feature", "geometry": {"type": "Point", "coordinates": [130.498993, 33.494682]}, "properties": {"name": "（株）新栄建設", "address": "福岡県筑紫野市天拝坂６ー１２ー４", "tel": "092-922-2148"}}, {"type": "Feature", "geometry": {"type": "Point", "coordinates": [130.975479, 33.585808]}, "properties": {"name": "（有）清水造園土木", "address": "福岡県築上郡築上町大字本庄１６４９", "tel": "0930-54-0015"}}, {"type": "Feature", "geometry": {"type": "Point", "coordinates": [130.428421, 33.565456]}, "properties": {"name": "（有）柴田熔接工作所", "address": "福岡県福岡市南区塩原３ー１ー８", "tel": "092-561-2008"}}, {"type": "Feature", "geometry": {"type": "Point", "coordinates": [130.469894, 33.167255]}, "properties": {"name": "新開建設（株）", "address": "福岡県柳川市三橋町中山２７", "tel": "0944-63-4172"}}, {"type": "Feature", "geometry": {"type": "Point", "coordinates": [130.718552, 33.594044]}, "properties": {"name": "松俵建設（株）", "address": "福岡県嘉麻市岩崎１５５４ー１０", "tel": "0948-42-1033"}}, {"type": "Feature", "geometry": {"type": "Point", "coordinates": [130.938248, 33.752697]}, "properties": {"name": "（株）明生", "address": "福岡県京都郡苅田町大字稲光１３３３ー１", "tel": "0930-24-3308"}}, {"type": "Feature", "geometry": {"type": "Point", "coordinates": [130.330566, 33.56958]}, "properties": {"name": "（株）松永板金", "address": "福岡県福岡市早良区小田部５ー１２ー１５", "tel": "092-821-6275"}}, {"type": "Feature", "geometry": {"type": "Point", "coordinates": [130.755478, 33.560768]}, "properties": {"name": "前田建設（株）", "address": "福岡県嘉麻市上山田１２５０", "tel": "0948-53-0045"}}, {"type": "Feature", "geometry": {"type": "Point", "coordinates": [130.249542, 33.589981]}, "properties": {"name": "松浦建設（株）", "address": "福岡県福岡市西区田尻３ー６３０ー１", "tel": "092-806-3697"}}, {"type": "Feature", "geometry": {"type": "Point", "coordinates": [130.405518, 33.162514]}, "properties": {"name": "待鳥工務店", "address": "福岡県柳川市本町８６ー１２", "tel": "0944-72-2647"}}, {"type": "Feature", "geometry": {"type": "Point", "coordinates": [130.674667, 33.899017]}, "properties": {"name": "（有）丸英建設", "address": "福岡県遠賀郡芦屋町大字山鹿１１５ー４", "tel": "093-222-2433"}}, {"type": "Feature", "geometry": {"type": "Point", "coordinates": [130.517075, 33.777203]}, "properties": {"name": "（株）松原組", "address": "福岡県福津市小竹１ー１ー６", "tel": "0940-42-1156"}}, {"type": "Feature", "geometry": {"type": "Point", "coordinates": [130.851181, 33.709404]}, "properties": {"name": "松井工務店", "address": "福岡県田川郡香春町大字採銅所４０１５ー１", "tel": "0947-32-8770"}}, {"type": "Feature", "geometry": {"type": "Point", "coordinates": [130.402588, 33.537655]}, "properties": {"name": "（株）松本工務店", "address": "福岡県福岡市南区花畑２ー２４ー６", "tel": "092-566-9686"}}, {"type": "Feature", "geometry": {"type": "Point", "coordinates": [130.490997, 33.849464]}, "properties": {"name": "松本組建設（株）", "address": "福岡県宗像市神湊１０２０", "tel": "0940-62-0016"}}, {"type": "Feature", "geometry": {"type": "Point", "coordinates": [130.681396, 33.785282]}, "properties": {"name": "（株）松原土木", "address": "福岡県鞍手郡鞍手町大字中山２７６８ー３７", "tel": "0949-42-0342"}}, {"type": "Feature", "geometry": {"type": "Point", "coordinates": [130.737793, 33.71286]}, "properties": {"name": "丸彦産業（株）", "address": "福岡県直方市大字中泉１１７２ー３", "tel": "0949-23-0818"}}, {"type": "Feature", "geometry": {"type": "Point", "coordinates": [130.708603, 33.560463]}, "properties": {"name": "（有）松岡組", "address": "福岡県嘉麻市上臼井３４２ー１", "tel": "0948-62-5135"}}, {"type": "Feature", "geometry": {"type": "Point", "coordinates": [130.729156, 33.64711]}, "properties": {"name": "松延製畳店", "address": "福岡県飯塚市有安５３４", "tel": "0948-82-0100"}}, {"type": "Feature", "geometry": {"type": "Point", "coordinates": [130.833817, 33.895828]}, "properties": {"name": "増田商店", "address": "福岡県北九州市戸畑区天神２ー４ー３９", "tel": "093-871-6250"}}, {"type": "Feature", "geometry": {"type": "Point", "coordinates": [130.845795, 33.572304]}, "properties": {"name": "（株）丸建", "address": "福岡県田川郡添田町大字庄８３５", "tel": "0947-82-4915"}}, {"type": "Feature", "geometry": {"type": "Point", "coordinates": [130.3535, 33.564091]}, "properties": {"name": "フジタ内装", "address": "福岡県福岡市早良区飯倉４ー１ー３３", "tel": "092-831-1619"}}, {"type": "Feature", "geometry": {"type": "Point", "coordinates": [130.979004, 33.723087]}, "properties": {"name": "藤建建設（株）", "address": "福岡県行橋市南大橋３ー５ー６", "tel": "0930-22-1720"}}, {"type": "Feature", "geometry": {"type": "Point", "coordinates": [130.146881, 33.511314]}, "properties": {"name": "（株）藤栄建設", "address": "福岡県糸島市二丈深江１７１０ー２", "tel": "092-325-0129"}}, {"type": "Feature", "geometry": {"type": "Point", "coordinates": [130.372055, 33.597027]}, "properties": {"name": "福岡鋼建（株）", "address": "福岡県福岡市中央区伊崎４ー２６", "tel": "092-751-0351"}}, {"type": "Feature", "geometry": {"type": "Point", "coordinates": [130.428482, 33.016586]}, "properties": {"name": "藤村建設（株）", "address": "福岡県大牟田市三川町２ー８３ー１", "tel": "0944-52-7534"}}, {"type": "Feature", "geometry": {"type": "Point", "coordinates": [130.684738, 33.577808]}, "properties": {"name": "（株）藤川重機建設", "address": "福岡県嘉穂郡桂川町大字土師２０８４ー１", "tel": "0948-65-1964"}}, {"type": "Feature", "geometry": {"type": "Point", "coordinates": [130.731873, 33.785835]}, "properties": {"name": "（有）勇康建設", "address": "福岡県北九州市八幡西区真名子２ー１４ー２", "tel": "093-618-1634"}}, {"type": "Feature", "geometry": {"type": "Point", "coordinates": [130.826889, 33.863548]}, "properties": {"name": "（株）古村工務店", "address": "福岡県北九州市八幡東区祝町２ー７ー９", "tel": "093-651-7802"}}, {"type": "Feature", "geometry": {"type": "Point", "coordinates": [130.835068, 33.621613]}, "properties": {"name": "（株）藤本工務店", "address": "福岡県田川市大字伊加利８９３ー１", "tel": "0947-45-2449"}}, {"type": "Feature", "geometry": {"type": "Point", "coordinates": [130.716232, 33.72171]}, "properties": {"name": "扶桑興産（株）", "address": "福岡県鞍手郡小竹町大字御徳２０２６ー３", "tel": "09496-2-1514"}}, {"type": "Feature", "geometry": {"type": "Point", "coordinates": [130.393723, 33.567116]}, "properties": {"name": "（有）藤澤工務店", "address": "福岡県福岡市中央区平和５ー２ー２１", "tel": "092-531-6605"}}, {"type": "Feature", "geometry": {"type": "Point", "coordinates": [130.73616, 33.749413]}, "properties": {"name": "（株）山公地産", "address": "福岡県直方市大字頓野３８１３ー１", "tel": "0949-24-2260"}}, {"type": "Feature", "geometry": {"type": "Point", "coordinates": [130.910492, 33.888916]}, "properties": {"name": "（株）佐藤技建", "address": "福岡県北九州市小倉北区赤坂３ー５ー６１", "tel": "093-511-5637"}}, {"type": "Feature", "geometry": {"type": "Point", "coordinates": [130.810364, 33.695732]}, "properties": {"name": "（株）崎山組", "address": "福岡県田川郡福智町伊方４６２８", "tel": "0947-22-0314"}}, {"type": "Feature", "geometry": {"type": "Point", "coordinates": [130.559372, 33.47876]}, "properties": {"name": "桜田建設", "address": "福岡県筑紫野市大字天山６５６ー１", "tel": "092-926-6273"}}, {"type": "Feature", "geometry": {"type": "Point", "coordinates": [130.756226, 33.886463]}, "properties": {"name": "（株）佐藤建設", "address": "福岡県北九州市若松区東二島２ー２ー１９", "tel": "093-701-1547"}}, {"type": "Feature", "geometry": {"type": "Point", "coordinates": [130.283066, 33.567268]}, "properties": {"name": "（株）崎田工務店", "address": "福岡県福岡市西区今宿青木３７２", "tel": "092-807-6336"}}, {"type": "Feature", "geometry": {"type": "Point", "coordinates": [130.48674, 33.764713]}, "properties": {"name": "（株）桜井建設", "address": "福岡県福津市中央２ー１９ー３ー２０１", "tel": "0940-42-1188"}}, {"type": "Feature", "geometry": {"type": "Point", "coordinates": [130.746246, 33.819176]}, "properties": {"name": "藤木建設（株）", "address": "福岡県北九州市八幡西区大平３ー１６ー１０", "tel": "093-613-0519"}}, {"type": "Feature", "geometry": {"type": "Point", "coordinates": [130.735016, 33.835548]}, "properties": {"name": "（有）三ヶ森製畳", "address": "福岡県北九州市八幡西区三ケ森２ー８ー６", "tel": "093-612-5153"}}, {"type": "Feature", "geometry": {"type": "Point", "coordinates": [130.668732, 33.407627]}, "properties": {"name": "（有）三晃インテリア", "address": "福岡県朝倉市屋永４３２８ー１３", "tel": "0946-22-3162"}}, {"type": "Feature", "geometry": {"type": "Point", "coordinates": [130.719604, 33.543255]}, "properties": {"name": "（株）坂口建設", "address": "福岡県嘉麻市芥田３２０ー１", "tel": "0948-62-3190"}}, {"type": "Feature", "geometry": {"type": "Point", "coordinates": [130.876404, 33.521137]}, "properties": {"name": "（有）三栄産業", "address": "福岡県田川郡添田町大字桝田１６２７", "tel": "0947-82-0151"}}, {"type": "Feature", "geometry": {"type": "Point", "coordinates": [130.704514, 33.522697]}, "properties": {"name": "（株）坂本産業建設", "address": "福岡県嘉麻市大力４４４ー１", "tel": "0948-62-2594"}}, {"type": "Feature", "geometry": {"type": "Point", "coordinates": [130.43866, 33.251591]}, "properties": {"name": "坂本建設", "address": "福岡県久留米市城島町大依２６６ー１７", "tel": "0942-62-6055"}}, {"type": "Feature", "geometry": {"type": "Point", "coordinates": [130.803024, 33.944569]}, "properties": {"name": "三喜工業（株）", "address": "福岡県北九州市若松区響町１ー１１０ー２", "tel": "093-751-3333"}}, {"type": "Feature", "geometry": {"type": "Point", "coordinates": [130.435577, 33.493359]}, "properties": {"name": "（株）三起工", "address": "福岡県那珂川市大字上梶原５８８", "tel": "092-953-5691"}}, {"type": "Feature", "geometry": {"type": "Point", "coordinates": [130.554184, 33.325638]}, "properties": {"name": "（株）佐田土木", "address": "福岡県久留米市東合川９ー１６ー５０", "tel": "0942-43-0635"}}, {"type": "Feature", "geometry": {"type": "Point", "coordinates": [130.730026, 33.619766]}, "properties": {"name": "友信建設（株）", "address": "福岡県飯塚市赤坂８７６ー４４", "tel": "0948-82-2423"}}, {"type": "Feature", "geometry": {"type": "Point", "coordinates": [130.392273, 33.582409]}, "properties": {"name": "誠新産業（株）", "address": "福岡県福岡市中央区薬院２ー１９ー２８", "tel": "092-711-8151"}}, {"type": "Feature", "geometry": {"type": "Point", "coordinates": [130.386703, 33.588627]}, "properties": {"name": "三友機器（株）", "address": "福岡県福岡市中央区大手門１ー１ー３", "tel": "092-711-8858"}}, {"type": "Feature", "geometry": {"type": "Point", "coordinates": [130.515396, 33.203583]}, "properties": {"name": "（有）佐藤組", "address": "福岡県筑後市大字長浜６１７ー１", "tel": "0942-52-2736"}}, {"type": "Feature", "geometry": {"type": "Point", "coordinates": [130.47374, 33.065716]}, "properties": {"name": "（株）坂口建設産業", "address": "福岡県大牟田市大字橘９２１ー４", "tel": "0944-41-7011"}}, {"type": "Feature", "geometry": {"type": "Point", "coordinates": [130.926102, 33.895096]}, "properties": {"name": "澤田畳店", "address": "福岡県北九州市門司区社ノ木１ー５ー１９", "tel": "093-381-3225"}}, {"type": "Feature", "geometry": {"type": "Point", "coordinates": [130.701202, 33.677246]}, "properties": {"name": "（株）三協増改築センター", "address": "福岡県飯塚市目尾字小坂６５７ー３", "tel": "0948-24-8888"}}, {"type": "Feature", "geometry": {"type": "Point", "coordinates": [130.43219, 33.644135]}, "properties": {"name": "（株）三和興業", "address": "福岡県福岡市東区千早２ー２ー４３", "tel": "092-671-1855"}}, {"type": "Feature", "geometry": {"type": "Point", "coordinates": [130.440186, 33.25333]}, "properties": {"name": "サカイ工業（株）", "address": "福岡県久留米市三潴町清松３７８ー１", "tel": "0942-64-3881"}}, {"type": "Feature", "geometry": {"type": "Point", "coordinates": [130.247299, 33.54858]}, "properties": {"name": "三昭建設（有）", "address": "福岡県糸島市大門３４８ー２", "tel": "092-322-7140"}}, {"type": "Feature", "geometry": {"type": "Point", "coordinates": [130.544525, 33.396149]}, "properties": {"name": "（株）サンワユキ", "address": "福岡県小郡市小郡１５７２ー２", "tel": "0942-72-0095"}}, {"type": "Feature", "geometry": {"type": "Point", "coordinates": [130.33136, 33.570068]}, "properties": {"name": "（株）原田土木", "address": "福岡県福岡市早良区小田部５ー１３ー７", "tel": "092-851-1629"}}, {"type": "Feature", "geometry": {"type": "Point", "coordinates": [130.802383, 33.60796]}, "properties": {"name": "（株）原組建設", "address": "福岡県田川郡川崎町大字田原１６４２ー３", "tel": "0947-45-2228"}}, {"type": "Feature", "geometry": {"type": "Point", "coordinates": [130.386444, 33.584396]}, "properties": {"name": "橋本建設（有）", "address": "福岡県福岡市中央区赤坂２ー５ー４０", "tel": "092-771-4495"}}, {"type": "Feature", "geometry": {"type": "Point", "coordinates": [130.443558, 33.580345]}, "properties": {"name": "（株）ハットリ", "address": "福岡県福岡市博多区東那珂２ー２ー１１", "tel": "092-432-4780"}}, {"type": "Feature", "geometry": {"type": "Point", "coordinates": [130.63562, 33.741692]}, "properties": {"name": "早川産業（株）", "address": "福岡県宮若市芹田３７", "tel": "0949-32-8822"}}, {"type": "Feature", "geometry": {"type": "Point", "coordinates": [130.793182, 33.365822]}, "properties": {"name": "（株）原田組", "address": "福岡県朝倉市杷木若市２７７８ー１", "tel": "0946-62-0402"}}, {"type": "Feature", "geometry": {"type": "Point", "coordinates": [130.401108, 33.609524]}, "properties": {"name": "博多湾環境整備（株）", "address": "福岡県福岡市博多区沖浜町１２ー１", "tel": "092-291-8080"}}, {"type": "Feature", "geometry": {"type": "Point", "coordinates": [130.455795, 33.634853]}, "properties": {"name": "（有）原工務店", "address": "福岡県福岡市東区若宮１ー２４ー２５", "tel": "092-671-5372"}}, {"type": "Feature", "geometry": {"type": "Point", "coordinates": [130.44722, 33.189613]}, "properties": {"name": "（株）馬場建設工業", "address": "福岡県三潴郡大木町大字大薮６９５、６９６合併", "tel": "09443-2-1807"}}, {"type": "Feature", "geometry": {"type": "Point", "coordinates": [130.982361, 33.729588]}, "properties": {"name": "（株）浜内工業", "address": "福岡県行橋市大橋１ー１０ー１", "tel": "0930-22-2305"}}, {"type": "Feature", "geometry": {"type": "Point", "coordinates": [130.718613, 33.811314]}, "properties": {"name": "（株）原産業", "address": "福岡県中間市小田ヶ浦１ー９ー１１", "tel": "093-246-0102"}}, {"type": "Feature", "geometry": {"type": "Point", "coordinates": [130.409973, 33.525562]}, "properties": {"name": "橋口工業（株）", "address": "福岡県福岡市南区鶴田２ー１６ー７", "tel": "092-564-3936"}}, {"type": "Feature", "geometry": {"type": "Point", "coordinates": [130.775253, 33.868942]}, "properties": {"name": "（株）ハマライン", "address": "福岡県北九州市八幡西区田町１ー４ー１８", "tel": "093-621-5782"}}, {"type": "Feature", "geometry": {"type": "Point", "coordinates": [130.456726, 33.792831]}, "properties": {"name": "（株）ハナダ建設", "address": "福岡県福津市渡１３９０", "tel": "0940-52-4373"}}, {"type": "Feature", "geometry": {"type": "Point", "coordinates": [130.329346, 33.578823]}, "properties": {"name": "（株）長谷部組", "address": "福岡県福岡市西区姪浜駅南４ー２０ー５", "tel": "092-891-5584"}}, {"type": "Feature", "geometry": {"type": "Point", "coordinates": [130.875458, 33.630573]}, "properties": {"name": "（株）春本産業", "address": "福岡県田川郡赤村大字内田２１１９", "tel": "0947-62-2294"}}, {"type": "Feature", "geometry": {"type": "Point", "coordinates": [130.891846, 33.860653]}, "properties": {"name": "（有）林技建", "address": "福岡県北九州市小倉北区黒住町２２ー１ー３", "tel": "093-931-3198"}}, {"type": "Feature", "geometry": {"type": "Point", "coordinates": [130.435944, 33.59433]}, "properties": {"name": "九州ビル興業（株）", "address": "福岡県福岡市博多区榎田１ー９ー１", "tel": "092-472-5218"}}, {"type": "Feature", "geometry": {"type": "Point", "coordinates": [130.393936, 33.186398]}, "properties": {"name": "きよまつ住建", "address": "福岡県大川市大字坂井４３３", "tel": "0944-87-5090"}}, {"type": "Feature", "geometry": {"type": "Point", "coordinates": [130.629623, 33.454311]}, "properties": {"name": "（株）九州農業資材", "address": "福岡県朝倉郡筑前町森山５６６", "tel": "0946-24-7002"}}, {"type": "Feature", "geometry": {"type": "Point", "coordinates": [130.74823, 33.8661]}, "properties": {"name": "（有）久治建設", "address": "福岡県北九州市八幡西区陣原１ー７ー１８", "tel": "093-631-0002"}}, {"type": "Feature", "geometry": {"type": "Point", "coordinates": [130.485901, 33.293297]}, "properties": {"name": "協栄住設工業（株）", "address": "福岡県久留米市安武町安武本１６８３ー１", "tel": "0942-51-3358"}}, {"type": "Feature", "geometry": {"type": "Point", "coordinates": [130.716003, 33.624954]}, "properties": {"name": "協同建設（株）", "address": "福岡県飯塚市上三緒３５１ー２１", "tel": "0948-23-7151"}}, {"type": "Feature", "geometry": {"type": "Point", "coordinates": [130.434204, 33.601299]}, "properties": {"name": "起産建設（株）", "address": "福岡県福岡市博多区吉塚４ー９ー３１", "tel": "092-624-3353"}}, {"type": "Feature", "geometry": {"type": "Point", "coordinates": [130.980423, 33.920784]}, "properties": {"name": "九新建設（株）", "address": "福岡県北九州市門司区黒川西２ー５ー３４", "tel": "093-341-2644"}}, {"type": "Feature", "geometry": {"type": "Point", "coordinates": [130.813995, 33.606441]}, "properties": {"name": "（有）九州設備工業", "address": "福岡県田川郡川崎町大字田原１６０４", "tel": "0947-45-0178"}}, {"type": "Feature", "geometry": {"type": "Point", "coordinates": [130.741547, 33.815502]}, "properties": {"name": "喜秀建設工業（株）", "address": "福岡県北九州市八幡西区船越１ー７ー８", "tel": "093-618-5148"}}, {"type": "Feature", "geometry": {"type": "Point", "coordinates": [130.753204, 33.842728]}, "properties": {"name": "木下建材産業（株）", "address": "福岡県北九州市八幡西区引野２ー７ー３４", "tel": "093-622-6301"}}, {"type": "Feature", "geometry": {"type": "Point", "coordinates": [131.13324, 33.590267]}, "properties": {"name": "（有）共眞建設", "address": "福岡県豊前市大字久路土１３３７ー１", "tel": "0979-82-5950"}}, {"type": "Feature", "geometry": {"type": "Point", "coordinates": [130.939255, 33.914829]}, "properties": {"name": "（株）九鉄ビルト", "address": "福岡県北九州市門司区小森江３ー１２ー１０", "tel": "093-371-1056"}}, {"type": "Feature", "geometry": {"type": "Point", "coordinates": [130.732025, 33.731583]}, "properties": {"name": "（有）北代組", "address": "福岡県直方市大字赤地１３７ー２", "tel": "0949-22-2893"}}, {"type": "Feature", "geometry": {"type": "Point", "coordinates": [130.435013, 33.57008]}, "properties": {"name": "（株）九和九創", "address": "福岡県福岡市博多区那珂１ー４６ー１９", "tel": "092-292-8298"}}, {"type": "Feature", "geometry": {"type": "Point", "coordinates": [130.933472, 33.837593]}, "properties": {"name": "（株）ダイ建設", "address": "福岡県北九州市小倉南区葛原東４ー７ー３２", "tel": "093-475-1300"}}, {"type": "Feature", "geometry": {"type": "Point", "coordinates": [130.63562, 33.741692]}, "properties": {"name": "（株）田代土木", "address": "福岡県宮若市芹田字井手ノ浦３７ー２", "tel": "09493-2-1472"}}, {"type": "Feature", "geometry": {"type": "Point", "coordinates": [130.40329, 33.556545]}, "properties": {"name": "（株）ダイニチ", "address": "福岡県福岡市南区寺塚１ー１０ー３", "tel": "092-554-1200"}}, {"type": "Feature", "geometry": {"type": "Point", "coordinates": [130.768845, 33.859737]}, "properties": {"name": "田辺畳店", "address": "福岡県北九州市八幡西区西神原町８ー１５", "tel": "093-621-6453"}}, {"type": "Feature", "geometry": {"type": "Point", "coordinates": [130.699463, 33.761219]}, "properties": {"name": "たしろ住宅産業（株）", "address": "福岡県直方市大字下新入６３３ー３", "tel": "0949-25-1118"}}, {"type": "Feature", "geometry": {"type": "Point", "coordinates": [130.259567, 33.586342]}, "properties": {"name": "（株）ダンチ工業", "address": "福岡県福岡市西区横浜３ー２７ー２４", "tel": "092-834-6090"}}, {"type": "Feature", "geometry": {"type": "Point", "coordinates": [130.698212, 33.660858]}, "properties": {"name": "竹並建設（株）", "address": "福岡県飯塚市鯰田２３２２", "tel": "0948-29-2100"}}, {"type": "Feature", "geometry": {"type": "Point", "coordinates": [130.492981, 33.508591]}, "properties": {"name": "タカキ住建", "address": "福岡県太宰府市青葉台１ー１１ー１４", "tel": "092-925-6967"}}, {"type": "Feature", "geometry": {"type": "Point", "coordinates": [130.891876, 33.697811]}, "properties": {"name": "（有）大雄産業", "address": "福岡県京都郡みやこ町勝山箕田字三角２８１", "tel": "0930-32-2854"}}, {"type": "Feature", "geometry": {"type": "Point", "coordinates": [130.200882, 33.558018]}, "properties": {"name": "小池住宅産業（株）", "address": "福岡県糸島市前原中央２ー６ー７", "tel": "092-322-1822"}}, {"type": "Feature", "geometry": {"type": "Point", "coordinates": [130.481079, 33.758549]}, "properties": {"name": "（株）古賀建設", "address": "福岡県福津市花見が丘３ー１ー１", "tel": "0940-42-2330"}}, {"type": "Feature", "geometry": {"type": "Point", "coordinates": [130.705002, 33.613808]}, "properties": {"name": "光和建設（株）", "address": "福岡県嘉麻市山野１３０１ー１", "tel": "0948-42-1561"}}, {"type": "Feature", "geometry": {"type": "Point", "coordinates": [130.53273, 33.882343]}, "properties": {"name": "児島建設（株）", "address": "福岡県宗像市鐘崎４１３ー３", "tel": "0940-62-1620"}}, {"type": "Feature", "geometry": {"type": "Point", "coordinates": [130.719177, 33.750244]}, "properties": {"name": "興栄建設（株）", "address": "福岡県直方市大字山部７３１ー１", "tel": "0949-24-5033"}}, {"type": "Feature", "geometry": {"type": "Point", "coordinates": [130.426544, 33.125637]}, "properties": {"name": "甲栄建設（株）", "address": "福岡県柳川市大和町栄８６６ー３", "tel": "0944-76-0307"}}, {"type": "Feature", "geometry": {"type": "Point", "coordinates": [130.389969, 33.167767]}, "properties": {"name": "（有）古賀嘉一建設", "address": "福岡県柳川市西浜武８８８ー２", "tel": "0944-72-4449"}}, {"type": "Feature", "geometry": {"type": "Point", "coordinates": [130.73259, 33.605526]}, "properties": {"name": "（有）駒山鐵工所", "address": "福岡県嘉麻市鴨生５５", "tel": "0948-42-0321"}}, {"type": "Feature", "geometry": {"type": "Point", "coordinates": [130.536057, 33.764027]}, "properties": {"name": "（株）小樋建設", "address": "福岡県福津市畦町４４０ー１", "tel": "0940-42-1204"}}, {"type": "Feature", "geometry": {"type": "Point", "coordinates": [130.843399, 33.550686]}, "properties": {"name": "（株）小峠組", "address": "福岡県田川郡添田町大字中元寺２６５１ー１", "tel": "0947-82-3695"}}, {"type": "Feature", "geometry": {"type": "Point", "coordinates": [130.751404, 33.862274]}, "properties": {"name": "（株）コダマ店舗流通センター", "address": "福岡県北九州市八幡西区青山１ー８ー７", "tel": "093-642-7711"}}, {"type": "Feature", "geometry": {"type": "Point", "coordinates": [130.88269, 33.82233]}, "properties": {"name": "（有）コーワ建装", "address": "福岡県北九州市小倉南区石田南３ー５ー１０", "tel": "093-963-5997"}}, {"type": "Feature", "geometry": {"type": "Point", "coordinates": [130.808838, 33.640221]}, "properties": {"name": "（株）廣栄住宅", "address": "福岡県田川市中央町３ー６７", "tel": "0947-45-7522"}}, {"type": "Feature", "geometry": {"type": "Point", "coordinates": [130.628296, 33.317787]}, "properties": {"name": "（有）小屋松建設", "address": "福岡県久留米市草野町矢作２８３ー１", "tel": "0942-47-1169"}}, {"type": "Feature", "geometry": {"type": "Point", "coordinates": [130.465759, 33.61174]}, "properties": {"name": "（株）小柳商店", "address": "福岡県糟屋郡粕屋町原町１ー８ー１２", "tel": "092-938-2811"}}, {"type": "Feature", "geometry": {"type": "Point", "coordinates": [130.427658, 33.616138]}, "properties": {"name": "（株）興亜", "address": "福岡県福岡市東区筥松２ー６ー９", "tel": "092-621-1194"}}, {"type": "Feature", "geometry": {"type": "Point", "coordinates": [130.649719, 33.7355]}, "properties": {"name": "（株）興永建設", "address": "福岡県宮若市長井鶴２９７ー１", "tel": "0949-33-1585"}}, {"type": "Feature", "geometry": {"type": "Point", "coordinates": [130.311554, 33.557709]}, "properties": {"name": "（株）公神", "address": "福岡県福岡市西区野方１ー１５ー１０", "tel": "092-407-7564"}}, {"type": "Feature", "geometry": {"type": "Point", "coordinates": [130.852249, 33.882511]}, "properties": {"name": "（有）小倉建設工業", "address": "福岡県北九州市小倉北区下到津２ー１２ー２０", "tel": "093-561-1362"}}, {"type": "Feature", "geometry": {"type": "Point", "coordinates": [130.831696, 33.621658]}, "properties": {"name": "（株）小堤工務店", "address": "福岡県田川市大字伊加利４１２ー４", "tel": "0947-44-7634"}}, {"type": "Feature", "geometry": {"type": "Point", "coordinates": [130.427734, 33.122917]}, "properties": {"name": "（有）小宮建設", "address": "福岡県柳川市大和町中島３９３ー１", "tel": "0944-76-0320"}}, {"type": "Feature", "geometry": {"type": "Point", "coordinates": [130.384216, 33.15641]}, "properties": {"name": "（有）古賀順一建設", "address": "福岡県柳川市南浜武３５０", "tel": "0944-72-8538"}}, {"type": "Feature", "geometry": {"type": "Point", "coordinates": [130.661545, 33.631241]}, "properties": {"name": "（株）伍栄建設", "address": "福岡県飯塚市潤野５１ー２", "tel": "0948-24-1582"}}, {"type": "Feature", "geometry": {"type": "Point", "coordinates": [130.851181, 33.709404]}, "properties": {"name": "日徳建設", "address": "福岡県田川郡香春町大字採銅所４２０８ー５", "tel": "0947-32-6389"}}, {"type": "Feature", "geometry": {"type": "Point", "coordinates": [130.429001, 33.257725]}, "properties": {"name": "（株）今村隆次商店", "address": "福岡県久留米市城島町城島３２ー５", "tel": "0942-62-3108"}}, {"type": "Feature", "geometry": {"type": "Point", "coordinates": [130.34848, 33.49136]}, "properties": {"name": "（株）石和総建", "address": "福岡県福岡市早良区大字脇山２６９３", "tel": "092-803-0805"}}, {"type": "Feature", "geometry": {"type": "Point", "coordinates": [130.465775, 33.558788]}, "properties": {"name": "板付新軽金属（株）", "address": "福岡県大野城市仲畑１ー１０ー２０", "tel": "092-574-3333"}}, {"type": "Feature", "geometry": {"type": "Point", "coordinates": [130.905106, 33.844883]}, "properties": {"name": "（株）岩崎建材店", "address": "福岡県北九州市小倉南区湯川５ー７ー７", "tel": "093-921-2207"}}, {"type": "Feature", "geometry": {"type": "Point", "coordinates": [130.923325, 33.84515]}, "properties": {"name": "（有）一宮工務店", "address": "福岡県北九州市小倉南区葛原高松１ー１ー８", "tel": "093-475-0922"}}, {"type": "Feature", "geometry": {"type": "Point", "coordinates": [130.638916, 33.646008]}, "properties": {"name": "（株）日栄", "address": "福岡県飯塚市蓮台寺６８ー３", "tel": "0948-23-1221"}}, {"type": "Feature", "geometry": {"type": "Point", "coordinates": [130.810364, 33.695732]}, "properties": {"name": "（有）池永建設", "address": "福岡県田川郡福智町伊方２６１５ー２７", "tel": "0947-22-5266"}}, {"type": "Feature", "geometry": {"type": "Point", "coordinates": [130.95639, 33.597382]}, "properties": {"name": "石橋総工業（株）", "address": "福岡県京都郡みやこ町犀川横瀬１７１２", "tel": "0930-42-1786"}}, {"type": "Feature", "geometry": {"type": "Point", "coordinates": [130.462357, 33.180767]}, "properties": {"name": "（有）山内施設工業", "address": "福岡県筑後市大字馬間田１２８６ー１", "tel": "0944-63-2663"}}, {"type": "Feature", "geometry": {"type": "Point", "coordinates": [130.734253, 33.784592]}, "properties": {"name": "（有）出雲建設", "address": "福岡県北九州市八幡西区楠橋南２ー１５ー３４", "tel": "093-617-7226"}}, {"type": "Feature", "geometry": {"type": "Point", "coordinates": [130.69165, 33.691395]}, "properties": {"name": "（有）協栄建設", "address": "福岡県鞍手郡小竹町大字新多１４３１", "tel": "09496-2-7394"}}, {"type": "Feature", "geometry": {"type": "Point", "coordinates": [130.797058, 33.863358]}, "properties": {"name": "（株）今村工務店", "address": "福岡県北九州市八幡東区尾倉３ー５ー１８", "tel": "093-671-6383"}}, {"type": "Feature", "geometry": {"type": "Point", "coordinates": [130.581085, 33.216621]}, "properties": {"name": "（株）イノウエハウジング", "address": "福岡県八女市津江４４ー２", "tel": "0943-24-1214"}}, {"type": "Feature", "geometry": {"type": "Point", "coordinates": [130.892303, 33.861347]}, "properties": {"name": "（株）インテリアフルモリ", "address": "福岡県北九州市小倉北区黒住町２３ー２５", "tel": "093-941-5848"}}, {"type": "Feature", "geometry": {"type": "Point", "coordinates": [130.829147, 33.880928]}, "properties": {"name": "（株）イシザカ工業", "address": "福岡県北九州市戸畑区東大谷１ー８ー３５", "tel": "093-871-6555"}}, {"type": "Feature", "geometry": {"type": "Point", "coordinates": [130.434372, 33.197395]}, "properties": {"name": "（株）荒巻組", "address": "福岡県三潴郡大木町大字筏溝６０５", "tel": "0944-32-1214"}}, {"type": "Feature", "geometry": {"type": "Point", "coordinates": [130.444153, 33.163879]}, "properties": {"name": "荒木建設（株）", "address": "福岡県柳川市三橋町久末７４７", "tel": "09447-2-5578"}}, {"type": "Feature", "geometry": {"type": "Point", "coordinates": [130.952911, 33.856598]}, "properties": {"name": "（有）アカセ建設工業", "address": "福岡県北九州市小倉南区上吉田６ー１１ー８", "tel": "093-472-0958"}}, {"type": "Feature", "geometry": {"type": "Point", "coordinates": [130.801788, 33.862274]}, "properties": {"name": "（有）天野防専商会", "address": "福岡県北九州市八幡東区天神町８ー１", "tel": "093-671-2173"}}, {"type": "Feature", "geometry": {"type": "Point", "coordinates": [130.312088, 33.552345]}, "properties": {"name": "（有）荒川工務店", "address": "福岡県福岡市西区野方３ー１ー５１", "tel": "092-811-0006"}}, {"type": "Feature", "geometry": {"type": "Point", "coordinates": [130.435593, 33.586418]}, "properties": {"name": "アオケン（株）", "address": "福岡県福岡市博多区上牟田１ー１８ー２３", "tel": "092-411-6511"}}, {"type": "Feature", "geometry": {"type": "Point", "coordinates": [130.334381, 33.56929]}, "properties": {"name": "（有）ありま内装", "address": "福岡県福岡市早良区小田部１ー２２ー１８", "tel": "092-843-8336"}}, {"type": "Feature", "geometry": {"type": "Point", "coordinates": [130.497467, 33.228363]}, "properties": {"name": "安達建設（株）", "address": "福岡県筑後市大字熊野１２４０ー３９", "tel": "0942-52-5038"}}, {"type": "Feature", "geometry": {"type": "Point", "coordinates": [130.839615, 33.902199]}, "properties": {"name": "（株）アダチ", "address": "福岡県北九州市戸畑区中原新町１ー３", "tel": "093-871-7536"}}, {"type": "Feature", "geometry": {"type": "Point", "coordinates": [130.854401, 33.598255]}, "properties": {"name": "（株）明日産業", "address": "福岡県田川郡大任町大字大行事１１８７ー１", "tel": "0947-63-3025"}}, {"type": "Feature", "geometry": {"type": "Point", "coordinates": [130.795212, 33.861538]}, "properties": {"name": "アラキ産業（株）", "address": "福岡県北九州市八幡東区帆柱２ー１７ー６５", "tel": "093-681-8923"}}, {"type": "Feature", "geometry": {"type": "Point", "coordinates": [130.426254, 33.53455]}, "properties": {"name": "（株）アドスペース", "address": "福岡県福岡市南区老司２ー１１ー１", "tel": "092-565-1191"}}, {"type": "Feature", "geometry": {"type": "Point", "coordinates": [130.705795, 33.71682]}, "properties": {"name": "安部田工業（有）", "address": "福岡県鞍手郡小竹町大字南良津５６２ー１", "tel": "09496-2-7781"}}, {"type": "Feature", "geometry": {"type": "Point", "coordinates": [130.916245, 33.841484]}, "properties": {"name": "（株）アイム", "address": "福岡県北九州市小倉南区葛原本町１ー２ー３", "tel": "093-475-2155"}}, {"type": "Feature", "geometry": {"type": "Point", "coordinates": [130.359924, 33.543232]}, "properties": {"name": "（株）アート・スタッフ", "address": "福岡県福岡市城南区梅林１ー１３ー３", "tel": "092-866-1118"}}, {"type": "Feature", "geometry": {"type": "Point", "coordinates": [130.938248, 33.752697]}, "properties": {"name": "（株）みらい", "address": "福岡県京都郡苅田町大字稲光１３３３ー１", "tel": "0930-24-3031"}}, {"type": "Feature", "geometry": {"type": "Point", "coordinates": [130.690796, 33.644394]}, "properties": {"name": "（株）赤尾組", "address": "福岡県飯塚市新飯塚１９ー２６", "tel": "0948-23-4824"}}, {"type": "Feature", "geometry": {"type": "Point", "coordinates": [131.046906, 33.657337]}, "properties": {"name": "（有）アルテック・サンスイ", "address": "福岡県築上郡築上町大字越路９２６", "tel": "0930-56-0500"}}, {"type": "Feature", "geometry": {"type": "Point", "coordinates": [130.675934, 33.793461]}, "properties": {"name": "（株）水摩組", "address": "福岡県鞍手郡鞍手町大字中山３８２３", "tel": "0949-42-0263"}}, {"type": "Feature", "geometry": {"type": "Point", "coordinates": [130.856781, 33.58112]}, "properties": {"name": "（株）湊建設", "address": "福岡県田川郡添田町大字添田２６２７", "tel": "0947-82-2456"}}, {"type": "Feature", "geometry": {"type": "Point", "coordinates": [130.677719, 33.64621]}, "properties": {"name": "（株）みぞえ住宅", "address": "福岡県飯塚市片島１ー１０ー３５", "tel": "0948-24-2000"}}, {"type": "Feature", "geometry": {"type": "Point", "coordinates": [130.981201, 33.687176]}, "properties": {"name": "宮西建設（有）", "address": "福岡県京都郡みやこ町惣社７１０番地", "tel": "0930-33-5527"}}, {"type": "Feature", "geometry": {"type": "Point", "coordinates": [130.463196, 33.732464]}, "properties": {"name": "（株）三輪工務店", "address": "福岡県古賀市天神５ー７ー１７", "tel": "092-942-3195"}}, {"type": "Feature", "geometry": {"type": "Point", "coordinates": [130.693146, 33.716175]}, "properties": {"name": "（有）宮田産業", "address": "福岡県宮若市鶴田１９７７ー４", "tel": "0949-33-3305"}}, {"type": "Feature", "geometry": {"type": "Point", "coordinates": [131.137985, 33.61121]}, "properties": {"name": "（株）ツボネ", "address": "福岡県豊前市大字清水町６９ー１", "tel": "0979-82-8653"}}, {"type": "Feature", "geometry": {"type": "Point", "coordinates": [130.564331, 33.316757]}, "properties": {"name": "三ツ矢建設工業（株）", "address": "福岡県久留米市御井旗崎４ー４一１６", "tel": "0942-44-3801"}}, {"type": "Feature", "geometry": {"type": "Point", "coordinates": [130.656662, 33.649311]}, "properties": {"name": "（株）瑞建工務店", "address": "福岡県飯塚市伊岐須５６３ー１５", "tel": "0948-29-2562"}}, {"type": "Feature", "geometry": {"type": "Point", "coordinates": [130.39563, 33.210701]}, "properties": {"name": "（有）溝田畳店", "address": "福岡県大川市大字大橋２８３", "tel": "09448-6-2687"}}, {"type": "Feature", "geometry": {"type": "Point", "coordinates": [130.411377, 33.573639]}, "properties": {"name": "（株）ミワ商会", "address": "福岡県福岡市南区大楠２ー６ー２３", "tel": "092-521-0318"}}, {"type": "Feature", "geometry": {"type": "Point", "coordinates": [130.470993, 33.112316]}, "properties": {"name": "（株）宮本建設", "address": "福岡県みやま市高田町岩津８７９", "tel": "0944-22-2286"}}, {"type": "Feature", "geometry": {"type": "Point", "coordinates": [130.818268, 33.58437]}, "properties": {"name": "（株）太陽", "address": "福岡県田川郡川崎町大字川崎２０３２", "tel": "0947-72-3048"}}, {"type": "Feature", "geometry": {"type": "Point", "coordinates": [130.600037, 33.478756]}, "properties": {"name": "（有）峰建設", "address": "福岡県朝倉郡筑前町砥上８４２ー１", "tel": "0946-42-3149"}}, {"type": "Feature", "geometry": {"type": "Point", "coordinates": [130.688766, 33.734741]}, "properties": {"name": "（有）三島住建", "address": "福岡県宮若市龍徳１３１３", "tel": "0949-32-2500"}}, {"type": "Feature", "geometry": {"type": "Point", "coordinates": [130.803513, 33.911697]}, "properties": {"name": "（株）三吉", "address": "福岡県北九州市若松区波打町３ー２１", "tel": "093-761-2266"}}, {"type": "Feature", "geometry": {"type": "Point", "coordinates": [130.870056, 33.856548]}, "properties": {"name": "水上工業（株）", "address": "福岡県北九州市小倉北区今町３ー９ー１９", "tel": "093-581-0405"}}, {"type": "Feature", "geometry": {"type": "Point", "coordinates": [130.964127, 33.890663]}, "properties": {"name": "（株）水野文化園", "address": "福岡県北九州市門司区大字畑４６", "tel": "093-481-4600"}}, {"type": "Feature", "geometry": {"type": "Point", "coordinates": [130.81044, 33.639008]}, "properties": {"name": "（有）光根興産", "address": "福岡県田川市大字伊田２７８３ー１", "tel": "0947-42-2959"}}, {"type": "Feature", "geometry": {"type": "Point", "coordinates": [130.844116, 33.888409]}, "properties": {"name": "美里建設（株）", "address": "福岡県北九州市小倉北区中井５ー７ー２９", "tel": "093-571-8338"}}, {"type": "Feature", "geometry": {"type": "Point", "coordinates": [130.693146, 33.716175]}, "properties": {"name": "（株）宮産業", "address": "福岡県宮若市鶴田２０５５ー３１", "tel": "0949-32-5483"}}, {"type": "Feature", "geometry": {"type": "Point", "coordinates": [130.419037, 33.579872]}, "properties": {"name": "（株）ミナミ商事", "address": "福岡県福岡市博多区美野島２ー６ー５", "tel": "092-431-4738"}}, {"type": "Feature", "geometry": {"type": "Point", "coordinates": [130.193802, 33.557762]}, "properties": {"name": "（株）溝口製材所", "address": "福岡県糸島市前原西１ー１３ー２０", "tel": "092-322-2126"}}, {"type": "Feature", "geometry": {"type": "Point", "coordinates": [130.77916, 33.652779]}, "properties": {"name": "（有）田中建設", "address": "福岡県田川郡糸田町２７１５", "tel": "0947-26-0215"}}, {"type": "Feature", "geometry": {"type": "Point", "coordinates": [130.838531, 33.621826]}, "properties": {"name": "（株）高瀬組", "address": "福岡県田川市大字伊加利５０７", "tel": "0947-42-1137"}}, {"type": "Feature", "geometry": {"type": "Point", "coordinates": [130.387039, 33.539917]}, "properties": {"name": "（株）大喜工務店", "address": "福岡県福岡市城南区樋井川６ー１１ー３４", "tel": "092-862-0712"}}, {"type": "Feature", "geometry": {"type": "Point", "coordinates": [130.730057, 33.803703]}, "properties": {"name": "田辺建設（株）", "address": "福岡県北九州市八幡西区香月西２ー１６ー２", "tel": "093-617-0672"}}, {"type": "Feature", "geometry": {"type": "Point", "coordinates": [130.779846, 33.679604]}, "properties": {"name": "（株）巽工業", "address": "福岡県田川郡福智町金田１１３４ー１３", "tel": "0947-22-2299"}}, {"type": "Feature", "geometry": {"type": "Point", "coordinates": [130.548462, 33.469284]}, "properties": {"name": "田中住宅産業（株）", "address": "福岡県筑紫野市大字諸田５５ー３", "tel": "092-926-4355"}}, {"type": "Feature", "geometry": {"type": "Point", "coordinates": [131.147186, 33.574509]}, "properties": {"name": "（有）大栄建工", "address": "福岡県築上郡上毛町大字安雲４一４", "tel": "0979-72-2063"}}, {"type": "Feature", "geometry": {"type": "Point", "coordinates": [131.144562, 33.60836]}, "properties": {"name": "（有）大建", "address": "福岡県豊前市大字市丸２５９", "tel": "0979-82-1631"}}, {"type": "Feature", "geometry": {"type": "Point", "coordinates": [130.927597, 33.894714]}, "properties": {"name": "（有）大栄建設", "address": "福岡県北九州市門司区社ノ木１ー９ー５", "tel": "093-371-3959"}}, {"type": "Feature", "geometry": {"type": "Point", "coordinates": [130.705795, 33.71682]}, "properties": {"name": "（株）大新", "address": "福岡県鞍手郡小竹町大字南良津１９７６", "tel": "09496-2-1550"}}, {"type": "Feature", "geometry": {"type": "Point", "coordinates": [130.340286, 33.550362]}, "properties": {"name": "（株）タチカワ", "address": "福岡県福岡市早良区賀茂２ー４１ー１１", "tel": "092-863-2123"}}, {"type": "Feature", "geometry": {"type": "Point", "coordinates": [130.320404, 33.524376]}, "properties": {"name": "（株）ＴＩＧ　ＤＥＳＩＧＮ", "address": "福岡県福岡市西区大字金武７５７", "tel": "092-407-2085"}}, {"type": "Feature", "geometry": {"type": "Point", "coordinates": [130.445099, 33.549828]}, "properties": {"name": "大光ビルド（株）", "address": "福岡県福岡市南区井尻４ー２３ー１", "tel": "092-573-1955"}}, {"type": "Feature", "geometry": {"type": "Point", "coordinates": [130.747406, 33.848515]}, "properties": {"name": "拓進建設（株）", "address": "福岡県北九州市八幡西区竹末２ー２ー９", "tel": "093-641-1711"}}, {"type": "Feature", "geometry": {"type": "Point", "coordinates": [130.971909, 33.679749]}, "properties": {"name": "（有）第一建設工業", "address": "福岡県京都郡みやこ町豊津１８２", "tel": "0930-33-2033"}}, {"type": "Feature", "geometry": {"type": "Point", "coordinates": [130.71254, 33.829464]}, "properties": {"name": "（有）タカネ建設工業", "address": "福岡県中間市岩瀬１ー１４ー５２", "tel": "093-244-2252"}}, {"type": "Feature", "geometry": {"type": "Point", "coordinates": [130.455353, 33.161686]}, "properties": {"name": "（株）田中建設", "address": "福岡県みやま市瀬高町上庄８８６ー５", "tel": "09446-2-2921"}}, {"type": "Feature", "geometry": {"type": "Point", "coordinates": [130.397751, 33.202015]}, "properties": {"name": "（株）田中工務店", "address": "福岡県大川市大字荻島３０９ー１", "tel": "0944-87-5639"}}, {"type": "Feature", "geometry": {"type": "Point", "coordinates": [130.707611, 33.779171]}, "properties": {"name": "（株）第一特殊金属", "address": "福岡県直方市大字植木１２４５ー１６", "tel": "0949-25-7100"}}, {"type": "Feature", "geometry": {"type": "Point", "coordinates": [130.681396, 33.785282]}, "properties": {"name": "（株）田中技建", "address": "福岡県鞍手郡鞍手町大字中山２７６８ー４２", "tel": "0949-42-3321"}}, {"type": "Feature", "geometry": {"type": "Point", "coordinates": [130.690659, 33.574368]}, "properties": {"name": "（有）田川組", "address": "福岡県嘉穂郡桂川町大字土師９７９", "tel": "0948-65-1027"}}, {"type": "Feature", "geometry": {"type": "Point", "coordinates": [130.585434, 33.355869]}, "properties": {"name": "（株）龍乃組", "address": "福岡県久留米市北野町中８７１", "tel": "0942-41-3977"}}, {"type": "Feature", "geometry": {"type": "Point", "coordinates": [130.786407, 33.611629]}, "properties": {"name": "（株）大栄工業", "address": "福岡県田川市大字位登１５２９ー１", "tel": "0947-42-8019"}}, {"type": "Feature", "geometry": {"type": "Point", "coordinates": [130.848892, 33.65398]}, "properties": {"name": "大正興産（株）", "address": "福岡県田川郡香春町大字中津原１０７６ー５", "tel": "0947-32-7170"}}, {"type": "Feature", "geometry": {"type": "Point", "coordinates": [130.812271, 33.655163]}, "properties": {"name": "（有）高倉建設", "address": "福岡県田川市大字伊田４１６２", "tel": "0947-44-4185"}}, {"type": "Feature", "geometry": {"type": "Point", "coordinates": [130.883621, 33.860722]}, "properties": {"name": "ダイア開発（株）", "address": "福岡県北九州市小倉北区片野新町２ー１２ー１７", "tel": "093-931-1733"}}, {"type": "Feature", "geometry": {"type": "Point", "coordinates": [130.354538, 33.564659]}, "properties": {"name": "（株）第一双葉", "address": "福岡県福岡市早良区飯倉２ー１１ー１０", "tel": "092-851-9211"}}, {"type": "Feature", "geometry": {"type": "Point", "coordinates": [130.712753, 33.613487]}, "properties": {"name": "ひのきの香房木楽家（株）高木工務店", "address": "福岡県嘉麻市山野３２２ー２", "tel": "0948-42-5957"}}, {"type": "Feature", "geometry": {"type": "Point", "coordinates": [130.471375, 33.168217]}, "properties": {"name": "（有）只隈建設", "address": "福岡県柳川市三橋町中山９２", "tel": "0944-62-3291"}}, {"type": "Feature", "geometry": {"type": "Point", "coordinates": [130.463501, 33.643898]}, "properties": {"name": "（有）辰巳工務店", "address": "福岡県福岡市東区青葉３ー３５ー１２", "tel": "092-691-3209"}}, {"type": "Feature", "geometry": {"type": "Point", "coordinates": [130.409485, 33.532005]}, "properties": {"name": "（株）中村政工務店", "address": "福岡県福岡市南区屋形原３ー３３ー５", "tel": "092-565-4674"}}, {"type": "Feature", "geometry": {"type": "Point", "coordinates": [130.426407, 33.5616]}, "properties": {"name": "（株）永本建設", "address": "福岡県福岡市南区日佐３ー３２ー２４", "tel": "092-581-7766"}}, {"type": "Feature", "geometry": {"type": "Point", "coordinates": [131.023849, 33.716377]}, "properties": {"name": "（有）中原建築店", "address": "福岡県行橋市大字長井３０４", "tel": "0930-22-5416"}}, {"type": "Feature", "geometry": {"type": "Point", "coordinates": [130.838501, 33.677807]}, "properties": {"name": "（有）長畑建設", "address": "福岡県田川郡香春町大字香春１７６５", "tel": "0947-32-4310"}}, {"type": "Feature", "geometry": {"type": "Point", "coordinates": [130.788132, 33.644611]}, "properties": {"name": "（有）成田建設", "address": "福岡県田川市大字川宮７１７ー２", "tel": "0947-45-3464"}}, {"type": "Feature", "geometry": {"type": "Point", "coordinates": [130.826263, 33.606956]}, "properties": {"name": "（有）中江建設", "address": "福岡県田川郡川崎町大字田原１４６ー１", "tel": "0947-72-8686"}}, {"type": "Feature", "geometry": {"type": "Point", "coordinates": [130.450592, 33.602642]}, "properties": {"name": "中原工業（株）", "address": "福岡県福岡市博多区空港前１ー１１ー１０", "tel": "092-611-4606"}}, {"type": "Feature", "geometry": {"type": "Point", "coordinates": [130.832565, 33.892666]}, "properties": {"name": "中村建設（株）", "address": "福岡県北九州市戸畑区天神１ー６ー１２", "tel": "093-882-1008"}}, {"type": "Feature", "geometry": {"type": "Point", "coordinates": [130.516708, 33.588337]}, "properties": {"name": "（株）ナカガワ企画", "address": "福岡県糟屋郡須惠町大字上須恵字平原３７ー１", "tel": "092-934-2710"}}, {"type": "Feature", "geometry": {"type": "Point", "coordinates": [130.943726, 33.838902]}, "properties": {"name": "（有）中澄建設", "address": "福岡県北九州市小倉南区沼南町３ー１３ー１２", "tel": "093-473-8298"}}, {"type": "Feature", "geometry": {"type": "Point", "coordinates": [130.790619, 33.855671]}, "properties": {"name": "（有）南院建設工業", "address": "福岡県北九州市八幡東区東台良町１７ー４", "tel": "093-662-1218"}}, {"type": "Feature", "geometry": {"type": "Point", "coordinates": [130.413803, 33.097076]}, "properties": {"name": "（株）中村組", "address": "福岡県柳川市大和町大坪２２", "tel": "0944-76-2752"}}, {"type": "Feature", "geometry": {"type": "Point", "coordinates": [130.659912, 33.848885]}, "properties": {"name": "長浜塗装（株）", "address": "福岡県遠賀郡遠賀町大字別府３６６６ー２", "tel": "093-293-4483"}}, {"type": "Feature", "geometry": {"type": "Point", "coordinates": [130.379227, 33.594601]}, "properties": {"name": "（株）ナイケンホーム", "address": "福岡県福岡市中央区港２ー１３ー１", "tel": "092-711-8521"}}, {"type": "Feature", "geometry": {"type": "Point", "coordinates": [130.5466, 33.83493]}, "properties": {"name": "中ムラ建設（有）", "address": "福岡県宗像市池田３５３８ー４", "tel": "0940-62-1959"}}, {"type": "Feature", "geometry": {"type": "Point", "coordinates": [130.797928, 33.862091]}, "properties": {"name": "（株）中柴工務店", "address": "福岡県北九州市八幡東区尾倉３ー３ー１０", "tel": "093-671-5859"}}, {"type": "Feature", "geometry": {"type": "Point", "coordinates": [130.954697, 33.741287]}, "properties": {"name": "（株）中谷組", "address": "福岡県京都郡苅田町大字上片島１２９９ー１", "tel": "0930-22-2398"}}, {"type": "Feature", "geometry": {"type": "Point", "coordinates": [130.4384, 33.627724]}, "properties": {"name": "（株）大濱組", "address": "福岡県福岡市東区松島３ー２３ー４５", "tel": "092-621-9160"}}, {"type": "Feature", "geometry": {"type": "Point", "coordinates": [130.369171, 33.576118]}, "properties": {"name": "（有）小川宇仙堂", "address": "福岡県福岡市城南区鳥飼６ー８ー２９", "tel": "092-841-1331"}}, {"type": "Feature", "geometry": {"type": "Point", "coordinates": [130.553467, 33.529587]}, "properties": {"name": "大庭建設（株）", "address": "福岡県太宰府市大字内山６５３ー２", "tel": "092-922-6822"}}, {"type": "Feature", "geometry": {"type": "Point", "coordinates": [130.681259, 33.647545]}, "properties": {"name": "（株）大谷防水塗装", "address": "福岡県飯塚市片島３ー１３ー２１", "tel": "0948-22-2318"}}, {"type": "Feature", "geometry": {"type": "Point", "coordinates": [130.483673, 33.715897]}, "properties": {"name": "（株）荻原工務店", "address": "福岡県古賀市川原１００５ー１", "tel": "092-942-3251"}}, {"type": "Feature", "geometry": {"type": "Point", "coordinates": [130.169006, 33.579449]}, "properties": {"name": "岡﨑建設", "address": "福岡県糸島市志摩師吉１０１６ー３", "tel": "092-327-2668"}}, {"type": "Feature", "geometry": {"type": "Point", "coordinates": [130.432602, 33.601032]}, "properties": {"name": "扇技研（株）", "address": "福岡県福岡市博多区吉塚４ー３ー３７", "tel": "092-629-8808"}}, {"type": "Feature", "geometry": {"type": "Point", "coordinates": [130.509003, 33.211254]}, "properties": {"name": "（株）大藪組", "address": "福岡県筑後市長浜２０４３ー１", "tel": "0942-53-2151"}}, {"type": "Feature", "geometry": {"type": "Point", "coordinates": [130.402222, 33.525818]}, "properties": {"name": "（有）印口繁工務店", "address": "福岡県福岡市南区柏原１ー４３ー１３", "tel": "092-566-0842"}}, {"type": "Feature", "geometry": {"type": "Point", "coordinates": [130.474731, 33.048695]}, "properties": {"name": "（有）大津工業", "address": "福岡県大牟田市大字三池２９３ー２", "tel": "0944-53-0141"}}, {"type": "Feature", "geometry": {"type": "Point", "coordinates": [130.798538, 33.62291]}, "properties": {"name": "（有）奥産業", "address": "福岡県田川郡川崎町大字池尻６１５", "tel": "0947-45-9773"}}, {"type": "Feature", "geometry": {"type": "Point", "coordinates": [130.451874, 33.717712]}, "properties": {"name": "（株）桶島建設", "address": "福岡県糟屋郡新宮町緑ケ浜１ー９ー３３", "tel": "092-962-1818"}}, {"type": "Feature", "geometry": {"type": "Point", "coordinates": [130.564606, 33.210201]}, "properties": {"name": "（株）大藪建設", "address": "福岡県八女市馬場３４３ー１", "tel": "0943-24-5588"}}, {"type": "Feature", "geometry": {"type": "Point", "coordinates": [130.817261, 33.647594]}, "properties": {"name": "（株）大場組", "address": "福岡県田川市大字伊田３５３５ー１", "tel": "0947-42-6543"}}, {"type": "Feature", "geometry": {"type": "Point", "coordinates": [130.382095, 33.562412]}, "properties": {"name": "（株）岡部建築社", "address": "福岡県福岡市中央区笹丘３ー２７ー３９", "tel": "092-751-6913"}}, {"type": "Feature", "geometry": {"type": "Point", "coordinates": [130.504303, 33.571815]}, "properties": {"name": "（有）大庭建設", "address": "福岡県糟屋郡宇美町宇美２ー１５ー１０", "tel": "092-934-2959"}}, {"type": "Feature", "geometry": {"type": "Point", "coordinates": [130.680252, 33.275146]}, "properties": {"name": "大坪建築（株）", "address": "福岡県八女市上陽町上横山１３６８", "tel": "0943-54-2326"}}, {"type": "Feature", "geometry": {"type": "Point", "coordinates": [130.667435, 33.630783]}, "properties": {"name": "（株）オンザ", "address": "福岡県飯塚市枝国４０２", "tel": "0948-22-2504"}}, {"type": "Feature", "geometry": {"type": "Point", "coordinates": [130.426407, 33.5616]}, "properties": {"name": "（株）ＺＥＲＯ", "address": "福岡県福岡市南区日佐５ー１２ー８", "tel": "092-572-4566"}}, {"type": "Feature", "geometry": {"type": "Point", "coordinates": [130.387146, 33.190403]}, "properties": {"name": "（株）大岡組", "address": "福岡県大川市大字三丸３３９ー３", "tel": "0944-86-4582"}}, {"type": "Feature", "geometry": {"type": "Point", "coordinates": [130.349075, 33.53627]}, "properties": {"name": "（株）大慶ビルド", "address": "福岡県福岡市早良区野芥６ー５１ー３５", "tel": "092-865-3070"}}, {"type": "Feature", "geometry": {"type": "Point", "coordinates": [130.317535, 33.58659]}, "properties": {"name": "（有）岡部工務店", "address": "福岡県福岡市西区小戸４ー２ー７", "tel": "092-707-5228"}}, {"type": "Feature", "geometry": {"type": "Point", "coordinates": [130.459503, 33.631504]}, "properties": {"name": "（株）大高工務店", "address": "福岡県福岡市東区土井２ー２ー２２", "tel": "092-691-7696"}}, {"type": "Feature", "geometry": {"type": "Point", "coordinates": [130.73674, 33.565182]}, "properties": {"name": "（株）久保山産業", "address": "福岡県嘉麻市牛隈７４３", "tel": "0948-57-3606"}}, {"type": "Feature", "geometry": {"type": "Point", "coordinates": [130.722244, 33.66864]}, "properties": {"name": "（有）黒土組", "address": "福岡県飯塚市佐與１３８４", "tel": "0948-92-0648"}}, {"type": "Feature", "geometry": {"type": "Point", "coordinates": [130.695526, 33.658566]}, "properties": {"name": "（株）クボイ", "address": "福岡県飯塚市鯰田２４２５ー１４５", "tel": "0948-23-0890"}}, {"type": "Feature", "geometry": {"type": "Point", "coordinates": [130.644318, 33.216961]}, "properties": {"name": "（株）黒木建設", "address": "福岡県八女市黒木町本分１３６０ー１", "tel": "09434-2-0185"}}, {"type": "Feature", "geometry": {"type": "Point", "coordinates": [131.036072, 33.696362]}, "properties": {"name": "（株）北翁", "address": "福岡県行橋市大字稲童６２８", "tel": "0930-22-0777"}}, {"type": "Feature", "geometry": {"type": "Point", "coordinates": [130.419113, 33.594891]}, "properties": {"name": "（株）ビルディングＤｒ．", "address": "福岡県福岡市博多区博多駅前１ー２４ー９", "tel": "092-471-1192"}}, {"type": "Feature", "geometry": {"type": "Point", "coordinates": [130.871307, 33.871929]}, "properties": {"name": "西部ガスリアルライフ北九州（株）", "address": "福岡県北九州市小倉北区貴船町２ー４", "tel": "093-951-8660"}}, {"type": "Feature", "geometry": {"type": "Point", "coordinates": [130.690567, 33.721718]}, "properties": {"name": "（有）郡司島畳店", "address": "福岡県宮若市鶴田１７９４ー１１７", "tel": "0949-32-0534"}}, {"type": "Feature", "geometry": {"type": "Point", "coordinates": [130.551453, 33.298557]}, "properties": {"name": "（株）大久保建設", "address": "福岡県久留米市御井町２４３６ー７", "tel": "0942-43-1629"}}, {"type": "Feature", "geometry": {"type": "Point", "coordinates": [130.722794, 33.684086]}, "properties": {"name": "（株）久保薗組", "address": "福岡県飯塚市勢田１２６７", "tel": "0948-92-0521"}}, {"type": "Feature", "geometry": {"type": "Point", "coordinates": [130.297363, 33.573013]}, "properties": {"name": "（有）久保田建設", "address": "福岡県福岡市西区生の松原４ー２１ー１０", "tel": "092-881-2473"}}, {"type": "Feature", "geometry": {"type": "Point", "coordinates": [130.446365, 33.515316]}, "properties": {"name": "（有）熊谷工務店", "address": "福岡県春日市天神山７ー８４", "tel": "092-501-2481"}}, {"type": "Feature", "geometry": {"type": "Point", "coordinates": [130.447723, 33.198593]}, "properties": {"name": "（株）熊丸組", "address": "福岡県三潴郡大木町大字奥牟田８２７ー６", "tel": "0944-32-1348"}}, {"type": "Feature", "geometry": {"type": "Point", "coordinates": [130.60881, 33.56498]}, "properties": {"name": "（株）伸和建設", "address": "福岡県飯塚市馬敷７５７ー１", "tel": "0948-43-8381"}}, {"type": "Feature", "geometry": {"type": "Point", "coordinates": [130.814087, 33.882236]}, "properties": {"name": "（株）清水建築工業", "address": "福岡県北九州市八幡東区枝光４ー１ー１３", "tel": "093-681-4865"}}, {"type": "Feature", "geometry": {"type": "Point", "coordinates": [130.931152, 33.845695]}, "properties": {"name": "（有）首藤工務店", "address": "福岡県北九州市小倉南区沼緑町２ー５ー５８", "tel": "093-471-7922"}}, {"type": "Feature", "geometry": {"type": "Point", "coordinates": [130.848267, 33.897385]}, "properties": {"name": "（株）首藤工務店", "address": "福岡県北九州市戸畑区中原東３ー１０ー１２", "tel": "093-881-2318"}}, {"type": "Feature", "geometry": {"type": "Point", "coordinates": [130.435562, 33.558292]}, "properties": {"name": "（有）白石工務店", "address": "福岡県福岡市南区高木２ー１８ー１", "tel": "092-581-7538"}}, {"type": "Feature", "geometry": {"type": "Point", "coordinates": [130.60498, 33.741734]}, "properties": {"name": "（有）塩川産業", "address": "福岡県宮若市沼口７３１ー７", "tel": "0949-52-2431"}}, {"type": "Feature", "geometry": {"type": "Point", "coordinates": [130.39502, 33.237373]}, "properties": {"name": "（株）シゲマツ", "address": "福岡県久留米市城島町西青木７３９", "tel": "0942-62-6089"}}, {"type": "Feature", "geometry": {"type": "Point", "coordinates": [130.659256, 33.731285]}, "properties": {"name": "（有）塩川組", "address": "福岡県宮若市宮田４７８７ー１", "tel": "09493-2-0314"}}, {"type": "Feature", "geometry": {"type": "Point", "coordinates": [130.681244, 33.663094]}, "properties": {"name": "仕事屋軍団（株）", "address": "福岡県飯塚市幸袋７０３", "tel": "0948-24-9657"}}, {"type": "Feature", "geometry": {"type": "Point", "coordinates": [130.898209, 33.853584]}, "properties": {"name": "（株）志水", "address": "福岡県北九州市小倉北区霧ケ丘３ー５ー１８", "tel": "093-921-5317"}}, {"type": "Feature", "geometry": {"type": "Point", "coordinates": [130.919525, 33.838921]}, "properties": {"name": "新生塗装（株）", "address": "福岡県北九州市小倉南区葛原元町１ー１４ー２９", "tel": "093-471-7868"}}, {"type": "Feature", "geometry": {"type": "Point", "coordinates": [130.252792, 33.585178]}, "properties": {"name": "島村産業（株）", "address": "福岡県福岡市西区田尻東２ー２５２４ー１", "tel": "092-806-6353"}}, {"type": "Feature", "geometry": {"type": "Point", "coordinates": [130.552536, 33.257149]}, "properties": {"name": "（株）シティハウス", "address": "福岡県八女郡広川町大字日吉８０５", "tel": "0943-32-5856"}}, {"type": "Feature", "geometry": {"type": "Point", "coordinates": [130.258835, 33.567379]}, "properties": {"name": "志摩テクノ産業（株）", "address": "福岡県福岡市西区大字徳永５１７ー２", "tel": "092-806-8580"}}, {"type": "Feature", "geometry": {"type": "Point", "coordinates": [130.430298, 33.541561]}, "properties": {"name": "照栄建設（株）", "address": "福岡県福岡市南区向新町２ー５ー１６", "tel": "092-566-1249"}}, {"type": "Feature", "geometry": {"type": "Point", "coordinates": [130.497452, 33.713371]}, "properties": {"name": "（株）篠崎建築", "address": "福岡県古賀市谷山１０３３ー４", "tel": "092-943-5448"}}, {"type": "Feature", "geometry": {"type": "Point", "coordinates": [130.786407, 33.611629]}, "properties": {"name": "（有）翔栄建設", "address": "福岡県田川市大字位登１５２９ー１", "tel": "0947-42-9222"}}, {"type": "Feature", "geometry": {"type": "Point", "coordinates": [130.877869, 33.870583]}, "properties": {"name": "下川都市企画（株）", "address": "福岡県北九州市小倉北区黄金１ー９ー２ー２０１", "tel": "093-941-4600"}}, {"type": "Feature", "geometry": {"type": "Point", "coordinates": [130.975479, 33.585808]}, "properties": {"name": "（株）清水工業", "address": "福岡県築上郡築上町大字本庄１６１５", "tel": "0930-54-0610"}}, {"type": "Feature", "geometry": {"type": "Point", "coordinates": [130.807831, 33.662693]}, "properties": {"name": "清水丸源建設（株）", "address": "福岡県田川市大字糒６５６ー１", "tel": "0947-42-0080"}}, {"type": "Feature", "geometry": {"type": "Point", "coordinates": [130.960144, 33.725742]}, "properties": {"name": "白木（株）", "address": "福岡県行橋市西宮市５ー３０ー１２", "tel": "0930-22-5061"}}, {"type": "Feature", "geometry": {"type": "Point", "coordinates": [130.539474, 33.46946]}, "properties": {"name": "成信建設（株）", "address": "福岡県筑紫野市大字諸田３０５ー２", "tel": "092-921-8886"}}, {"type": "Feature", "geometry": {"type": "Point", "coordinates": [130.745712, 33.867508]}, "properties": {"name": "（株）正真", "address": "福岡県北九州市八幡西区陣原１ー１ー６８", "tel": "093-641-3456"}}, {"type": "Feature", "geometry": {"type": "Point", "coordinates": [130.450363, 33.716232]}, "properties": {"name": "（株）しんとう工芸", "address": "福岡県糟屋郡新宮町緑ヶ浜１ー５ー２３", "tel": "092-962-0516"}}, {"type": "Feature", "geometry": {"type": "Point", "coordinates": [130.316162, 33.584705]}, "properties": {"name": "秀榮建設（株）", "address": "福岡県福岡市西区小戸４ー１９ー５", "tel": "092-883-1240"}}, {"type": "Feature", "geometry": {"type": "Point", "coordinates": [131.137314, 33.586693]}, "properties": {"name": "（株）下畑電設工業", "address": "福岡県豊前市大字久路土６３５ー１", "tel": "0979-82-8705"}}, {"type": "Feature", "geometry": {"type": "Point", "coordinates": [130.617004, 33.841244]}, "properties": {"name": "（株）進建", "address": "福岡県遠賀郡岡垣町大字海老津字下山添１８８ー３", "tel": "093-283-2660"}}, {"type": "Feature", "geometry": {"type": "Point", "coordinates": [130.563889, 33.471588]}, "properties": {"name": "（株）山一ホーム", "address": "福岡県朝倉郡筑前町二１１０ー１", "tel": "0946-42-4820"}}, {"type": "Feature", "geometry": {"type": "Point", "coordinates": [130.544708, 33.448074]}, "properties": {"name": "（株）山口工務店", "address": "福岡県筑紫野市美しが丘南１ー１ー９", "tel": "092-926-7008"}}, {"type": "Feature", "geometry": {"type": "Point", "coordinates": [130.531693, 33.29007]}, "properties": {"name": "ヤマト建設（株）", "address": "福岡県久留米市国分町２０２５ー５", "tel": "0942-21-0138"}}, {"type": "Feature", "geometry": {"type": "Point", "coordinates": [130.446045, 33.059601]}, "properties": {"name": "（株）山下工務店", "address": "福岡県大牟田市唐船１５４ー１", "tel": "0944-56-2323"}}, {"type": "Feature", "geometry": {"type": "Point", "coordinates": [130.434921, 33.534283]}, "properties": {"name": "（株）山本建装", "address": "福岡県福岡市南区柳瀬１ー１２ー５", "tel": "092-582-7377"}}, {"type": "Feature", "geometry": {"type": "Point", "coordinates": [130.832596, 33.855663]}, "properties": {"name": "（株）山内工務店", "address": "福岡県北九州市八幡東区中畑２ー４ー２６", "tel": "093-651-4732"}}, {"type": "Feature", "geometry": {"type": "Point", "coordinates": [130.443115, 33.577538]}, "properties": {"name": "（株）ヤナセファイテック", "address": "福岡県福岡市博多区東那珂１ー１８ー６", "tel": "092-471-1381"}}, {"type": "Feature", "geometry": {"type": "Point", "coordinates": [130.74675, 33.837082]}, "properties": {"name": "（有）ヤマフク", "address": "福岡県北九州市八幡西区上の原４ー２０ー２", "tel": "093-612-9311"}}, {"type": "Feature", "geometry": {"type": "Point", "coordinates": [130.73674, 33.565182]}, "properties": {"name": "山栄建設", "address": "福岡県嘉麻市牛隈２０５５ー１", "tel": "0948-57-3344"}}, {"type": "Feature", "geometry": {"type": "Point", "coordinates": [130.854401, 33.598255]}, "properties": {"name": "美咲樹総業", "address": "福岡県田川郡大任町大字大行事１３９０ー３", "tel": "0947-63-3338"}}, {"type": "Feature", "geometry": {"type": "Point", "coordinates": [130.544296, 33.309898]}, "properties": {"name": "鎗光畳店", "address": "福岡県久留米市合川町１６ー８", "tel": "0942-43-0758"}}, {"type": "Feature", "geometry": {"type": "Point", "coordinates": [130.79425, 33.339203]}, "properties": {"name": "（株）矢野組", "address": "福岡県うきは市浮羽町西隈上６５６ー１５", "tel": "0943-77-8471"}}, {"type": "Feature", "geometry": {"type": "Point", "coordinates": [130.454193, 33.55315]}, "properties": {"name": "（有）江陽技建", "address": "福岡県福岡市博多区三筑１ー４ー１９ー１０３", "tel": "092-285-5270"}}, {"type": "Feature", "geometry": {"type": "Point", "coordinates": [130.886505, 33.862297]}, "properties": {"name": "大和黄金建設（株）", "address": "福岡県北九州市小倉北区片野新町２ー５ー１９ー１０１", "tel": "093-941-5445"}}, {"type": "Feature", "geometry": {"type": "Point", "coordinates": [130.77916, 33.652779]}, "properties": {"name": "（有）山口工業", "address": "福岡県田川郡糸田町１４０２", "tel": "0947-26-0135"}}, {"type": "Feature", "geometry": {"type": "Point", "coordinates": [130.816818, 33.890247]}, "properties": {"name": "井上ビルド工業（株）", "address": "福岡県北九州市戸畑区牧山２ー９ー３", "tel": "093-871-6619"}}, {"type": "Feature", "geometry": {"type": "Point", "coordinates": [130.689941, 33.694698]}, "properties": {"name": "（有）池組", "address": "福岡県鞍手郡小竹町大字新多４４１", "tel": "09496-2-3830"}}, {"type": "Feature", "geometry": {"type": "Point", "coordinates": [130.558212, 33.202209]}, "properties": {"name": "（株）石橋組", "address": "福岡県八女市高塚２８１ー１", "tel": "0943-24-5028"}}, {"type": "Feature", "geometry": {"type": "Point", "coordinates": [130.54364, 33.282047]}, "properties": {"name": "（株）いとう工房", "address": "福岡県久留米市高良内町４５９６ー２２", "tel": "0942-21-2347"}}, {"type": "Feature", "geometry": {"type": "Point", "coordinates": [130.887604, 33.858303]}, "properties": {"name": "（有）インテリアタキヤマ", "address": "福岡県北九州市小倉北区若富士町７ー６", "tel": "093-951-6111"}}, {"type": "Feature", "geometry": {"type": "Point", "coordinates": [130.84436, 33.865662]}, "properties": {"name": "（株）イコーハウス", "address": "福岡県北九州市八幡東区槻田２ー２ー３", "tel": "093-654-1200"}}, {"type": "Feature", "geometry": {"type": "Point", "coordinates": [130.727188, 33.786942]}, "properties": {"name": "（有）石松建設", "address": "福岡県北九州市八幡西区真名子１ー１９ー１２", "tel": "093-618-5173"}}, {"type": "Feature", "geometry": {"type": "Point", "coordinates": [130.863129, 33.822865]}, "properties": {"name": "岩永工業（株）", "address": "福岡県北九州市小倉南区徳力６ー１５ー１", "tel": "093-965-3335"}}, {"type": "Feature", "geometry": {"type": "Point", "coordinates": [130.466507, 33.635204]}, "properties": {"name": "（株）因幡工務店", "address": "福岡県福岡市東区土井４ー３ー８", "tel": "092-691-2712"}}, {"type": "Feature", "geometry": {"type": "Point", "coordinates": [130.40889, 33.582497]}, "properties": {"name": "（有）稲富商店", "address": "福岡県福岡市中央区清川１ー３ー２", "tel": "092-521-0978"}}, {"type": "Feature", "geometry": {"type": "Point", "coordinates": [130.464035, 33.637993]}, "properties": {"name": "（有）井上畳店", "address": "福岡県福岡市東区青葉１ー１５ー１４", "tel": "092-691-2526"}}, {"type": "Feature", "geometry": {"type": "Point", "coordinates": [130.46759, 33.636189]}, "properties": {"name": "（有）井上住建", "address": "福岡県福岡市東区土井４ー６ー２６", "tel": "092-691-2550"}}, {"type": "Feature", "geometry": {"type": "Point", "coordinates": [130.385696, 33.562695]}, "properties": {"name": "稲永工務店", "address": "福岡県福岡市中央区小笹３ー１７ー８", "tel": "092-531-6628"}}, {"type": "Feature", "geometry": {"type": "Point", "coordinates": [130.504593, 33.650452]}, "properties": {"name": "（株）今任産建", "address": "福岡県糟屋郡久山町大字久原３５０１", "tel": "092-976-0646"}}, {"type": "Feature", "geometry": {"type": "Point", "coordinates": [130.665604, 33.41655]}, "properties": {"name": "石松建設（有）", "address": "福岡県朝倉市来春７６", "tel": "0946-24-8611"}}, {"type": "Feature", "geometry": {"type": "Point", "coordinates": [130.694397, 33.738358]}, "properties": {"name": "（株）石橋建設", "address": "福岡県宮若市龍徳４１８ー１", "tel": "0949-33-2995"}}, {"type": "Feature", "geometry": {"type": "Point", "coordinates": [130.542679, 33.206451]}, "properties": {"name": "（株）石橋工業", "address": "福岡県八女市立野８５ー３", "tel": "0943-22-2347"}}, {"type": "Feature", "geometry": {"type": "Point", "coordinates": [130.772705, 33.354416]}, "properties": {"name": "（有）家永建設", "address": "福岡県うきは市吉井町千年４７８ー２", "tel": "0943-75-3552"}}, {"type": "Feature", "geometry": {"type": "Point", "coordinates": [130.831772, 33.892159]}, "properties": {"name": "（有）インテリア十字道", "address": "福岡県北九州市戸畑区天神１ー１ー３３", "tel": "093-871-1008"}}, {"type": "Feature", "geometry": {"type": "Point", "coordinates": [130.806778, 33.347717]}, "properties": {"name": "（株）今村建設", "address": "福岡県うきは市浮羽町高見１０４７ー１", "tel": "0943-77-8702"}}, {"type": "Feature", "geometry": {"type": "Point", "coordinates": [130.667999, 33.637859]}, "properties": {"name": "（株）イワキン工業", "address": "福岡県飯塚市横田４８５ー３", "tel": "0948-23-3907"}}, {"type": "Feature", "geometry": {"type": "Point", "coordinates": [130.447556, 33.716633]}, "properties": {"name": "（株）石蔵商店", "address": "福岡県糟屋郡新宮町緑ヶ丘２ー５ー１", "tel": "092-963-1654"}}, {"type": "Feature", "geometry": {"type": "Point", "coordinates": [130.817947, 33.610378]}, "properties": {"name": "（有）井手上建設", "address": "福岡県田川郡川崎町大字田原３３６ー１３", "tel": "0947-85-8004"}}, {"type": "Feature", "geometry": {"type": "Point", "coordinates": [130.699463, 33.761219]}, "properties": {"name": "（株）磯野", "address": "福岡県直方市大字下新入６４３ー１", "tel": "0949-24-6064"}}, {"type": "Feature", "geometry": {"type": "Point", "coordinates": [130.759796, 33.83456]}, "properties": {"name": "（有）一成産業", "address": "福岡県北九州市八幡西区上の原１ー６ー２０", "tel": "093-611-6374"}}, {"type": "Feature", "geometry": {"type": "Point", "coordinates": [130.334061, 33.541355]}, "properties": {"name": "（株）岩下建装", "address": "福岡県福岡市早良区田村４ー１５ー４８", "tel": "092-865-1456"}}, {"type": "Feature", "geometry": {"type": "Point", "coordinates": [130.737793, 33.71286]}, "properties": {"name": "丸龍産業（株）", "address": "福岡県直方市大字中泉１１７４ー８", "tel": "0949-28-3955"}}, {"type": "Feature", "geometry": {"type": "Point", "coordinates": [130.831696, 33.621658]}, "properties": {"name": "（有）丸山組", "address": "福岡県田川市大字伊加利１６３ー３", "tel": "0947-46-3553"}}, {"type": "Feature", "geometry": {"type": "Point", "coordinates": [130.682938, 33.819229]}, "properties": {"name": "（有）牧山組", "address": "福岡県中間市大字上底井野１１２８ー１１", "tel": "093-701-5522"}}, {"type": "Feature", "geometry": {"type": "Point", "coordinates": [130.872391, 33.852303]}, "properties": {"name": "松尾塗装（株）", "address": "福岡県北九州市小倉北区南丘１ー２４ー８", "tel": "093-581-5263"}}, {"type": "Feature", "geometry": {"type": "Point", "coordinates": [130.542435, 33.46907]}, "properties": {"name": "丸源産業（株）", "address": "福岡県筑紫野市桜台２ー１１ー１８", "tel": "092-925-9668"}}, {"type": "Feature", "geometry": {"type": "Point", "coordinates": [130.44931, 33.51767]}, "properties": {"name": "（有）丸野工務店", "address": "福岡県春日市天神山２ー３７", "tel": "092-591-3010"}}, {"type": "Feature", "geometry": {"type": "Point", "coordinates": [130.724075, 33.761444]}, "properties": {"name": "（有）万永産業", "address": "福岡県直方市知古３ー６ー３０", "tel": "0949-24-5500"}}, {"type": "Feature", "geometry": {"type": "Point", "coordinates": [130.72879, 33.876011]}, "properties": {"name": "（株）エムズ・フロンティア", "address": "福岡県北九州市八幡西区本城東３ー１３ー５ー１０２", "tel": "093-482-5161"}}, {"type": "Feature", "geometry": {"type": "Point", "coordinates": [130.756317, 33.829346]}, "properties": {"name": "（株）松下建設", "address": "福岡県北九州市八幡西区上上津役２ー１３ー８", "tel": "093-611-4616"}}, {"type": "Feature", "geometry": {"type": "Point", "coordinates": [130.681396, 33.785282]}, "properties": {"name": "（有）前田建設", "address": "福岡県鞍手郡鞍手町大字中山３３５９ー３", "tel": "0949-42-0804"}}, {"type": "Feature", "geometry": {"type": "Point", "coordinates": [130.526443, 33.511772]}, "properties": {"name": "眞鍋建設（株）", "address": "福岡県太宰府市五条２ー６ー３４", "tel": "092-924-5755"}}, {"type": "Feature", "geometry": {"type": "Point", "coordinates": [130.82135, 33.62759]}, "properties": {"name": "（有）マルイ産業", "address": "福岡県田川市大字伊加利１８０５ー３６", "tel": "0947-46-0390"}}, {"type": "Feature", "geometry": {"type": "Point", "coordinates": [130.881943, 33.851273]}, "properties": {"name": "（有）松本技建", "address": "福岡県北九州市小倉南区北方１ー１ー４１", "tel": "093-383-8037"}}, {"type": "Feature", "geometry": {"type": "Point", "coordinates": [130.842285, 33.643696]}, "properties": {"name": "（有）誠工業", "address": "福岡県田川市大字伊田４９６ー１", "tel": "0947-44-0265"}}, {"type": "Feature", "geometry": {"type": "Point", "coordinates": [130.531219, 33.242664]}, "properties": {"name": "（有）丸の内建設", "address": "福岡県八女郡広川町広川４０５ー３", "tel": "0943-32-5872"}}, {"type": "Feature", "geometry": {"type": "Point", "coordinates": [130.810364, 33.695732]}, "properties": {"name": "円山工務店", "address": "福岡県田川郡福智町伊方３９２７ー４０", "tel": "0947-22-5248"}}, {"type": "Feature", "geometry": {"type": "Point", "coordinates": [130.759689, 33.561565]}, "properties": {"name": "（有）前建工業", "address": "福岡県嘉麻市上山田１２４４ー２", "tel": "0948-53-0032"}}, {"type": "Feature", "geometry": {"type": "Point", "coordinates": [130.987091, 33.785038]}, "properties": {"name": "（株）マツモト", "address": "福岡県京都郡苅田町港町２１ー５", "tel": "093-434-5239"}}, {"type": "Feature", "geometry": {"type": "Point", "coordinates": [130.755188, 33.75811]}, "properties": {"name": "丸公産業（株）", "address": "福岡県直方市大字頓野１１９７ー１", "tel": "0949-52-6144"}}, {"type": "Feature", "geometry": {"type": "Point", "coordinates": [130.332001, 33.565254]}, "properties": {"name": "（有）松井工務店", "address": "福岡県福岡市早良区小田部３ー２５ー２６", "tel": "092-847-1938"}}, {"type": "Feature", "geometry": {"type": "Point", "coordinates": [130.810364, 33.695732]}, "properties": {"name": "（有）誠建設", "address": "福岡県田川郡福智町伊方２７３７", "tel": "0947-22-3217"}}, {"type": "Feature", "geometry": {"type": "Point", "coordinates": [130.986298, 33.617691]}, "properties": {"name": "（有）丸山建設", "address": "福岡県築上郡築上町大字伝法寺１４８９", "tel": "0930-54-0327"}}, {"type": "Feature", "geometry": {"type": "Point", "coordinates": [130.442627, 33.536449]}, "properties": {"name": "（有）松尾工務店", "address": "福岡県春日市須玖南６ー６７", "tel": "092-571-5051"}}, {"type": "Feature", "geometry": {"type": "Point", "coordinates": [130.682678, 33.785191]}, "properties": {"name": "（株）フクヒデ", "address": "福岡県鞍手郡鞍手町大字中山２７９９ー４", "tel": "0949-42-3238"}}, {"type": "Feature", "geometry": {"type": "Point", "coordinates": [130.546951, 33.316311]}, "properties": {"name": "丸山都市開発（株）", "address": "福岡県久留米市東合川町４３３ー１", "tel": "0942-44-6488"}}, {"type": "Feature", "geometry": {"type": "Point", "coordinates": [130.718872, 33.685719]}, "properties": {"name": "（有）まつよし", "address": "福岡県飯塚市口原９８１", "tel": "0948-92-0011"}}, {"type": "Feature", "geometry": {"type": "Point", "coordinates": [130.440598, 33.035637]}, "properties": {"name": "（株）吉田住建", "address": "福岡県大牟田市浜田町２６ー１４", "tel": "0944-51-3639"}}, {"type": "Feature", "geometry": {"type": "Point", "coordinates": [130.984024, 33.719986]}, "properties": {"name": "（有）吉元塗装工業", "address": "福岡県行橋市北泉２ー１５ー２１", "tel": "0930-22-0996"}}, {"type": "Feature", "geometry": {"type": "Point", "coordinates": [130.41864, 33.6968]}, "properties": {"name": "（有）米谷表具店", "address": "福岡県福岡市東区三苫１ー５ー８", "tel": "092-606-5251"}}, {"type": "Feature", "geometry": {"type": "Point", "coordinates": [130.836441, 33.375]}, "properties": {"name": "ヨシオハウジング（有）", "address": "福岡県朝倉市杷木星丸７７８", "tel": "0946-62-0685"}}, {"type": "Feature", "geometry": {"type": "Point", "coordinates": [130.685699, 33.722382]}, "properties": {"name": "吉村組", "address": "福岡県宮若市磯光３３８", "tel": "09493-2-0577"}}, {"type": "Feature", "geometry": {"type": "Point", "coordinates": [131.100189, 33.573872]}, "properties": {"name": "（有）となり建設", "address": "福岡県豊前市大字山内２１４ー１", "tel": "0979-88-3353"}}, {"type": "Feature", "geometry": {"type": "Point", "coordinates": [130.665665, 33.652672]}, "properties": {"name": "（有）かの住建", "address": "福岡県飯塚市伊岐須１４８", "tel": "0948-28-2766"}}, {"type": "Feature", "geometry": {"type": "Point", "coordinates": [130.634506, 33.827904]}, "properties": {"name": "（株）河村建設", "address": "福岡県遠賀郡岡垣町大字戸切１６１１ー５", "tel": "093-282-3690"}}, {"type": "Feature", "geometry": {"type": "Point", "coordinates": [130.540771, 33.747261]}, "properties": {"name": "（株）片岡建設", "address": "福岡県福津市本木１１４９", "tel": "0940-42-2716"}}, {"type": "Feature", "geometry": {"type": "Point", "coordinates": [130.518829, 33.259922]}, "properties": {"name": "（株）笠組", "address": "福岡県八女郡広川町大字藤田１２８０ー３", "tel": "0942-26-3315"}}, {"type": "Feature", "geometry": {"type": "Point", "coordinates": [130.73674, 33.565182]}, "properties": {"name": "（有）嘉穂園芸", "address": "福岡県嘉麻市牛隈２５５３ー１", "tel": "0948-57-3261"}}, {"type": "Feature", "geometry": {"type": "Point", "coordinates": [130.725296, 33.854088]}, "properties": {"name": "金子建設興業（有）", "address": "福岡県北九州市八幡西区大字則松３３０", "tel": "093-691-3535"}}, {"type": "Feature", "geometry": {"type": "Point", "coordinates": [130.698059, 33.878109]}, "properties": {"name": "海江田工業（株）", "address": "福岡県北九州市八幡西区浅川日の峯１ー８ー２８", "tel": "093-692-3558"}}, {"type": "Feature", "geometry": {"type": "Point", "coordinates": [130.668793, 33.899643]}, "properties": {"name": "（株）カサロ", "address": "福岡県遠賀郡芦屋町山鹿１２ー３１", "tel": "093-222-0070"}}, {"type": "Feature", "geometry": {"type": "Point", "coordinates": [130.849579, 33.628174]}, "properties": {"name": "川添建設", "address": "福岡県田川郡大任町大字今任原３６４０", "tel": "0947-63-4038"}}, {"type": "Feature", "geometry": {"type": "Point", "coordinates": [130.951706, 33.666203]}, "properties": {"name": "角田建設（株）", "address": "福岡県京都郡みやこ町犀川続命院１４０", "tel": "0930-42-0438"}}, {"type": "Feature", "geometry": {"type": "Point", "coordinates": [130.63768, 33.533073]}, "properties": {"name": "（有）川上建設", "address": "福岡県飯塚市内野２９６１ー１", "tel": "0948-72-0873"}}, {"type": "Feature", "geometry": {"type": "Point", "coordinates": [130.849579, 33.628174]}, "properties": {"name": "（株）神田商店", "address": "福岡県田川郡大任町大字今任原１０６８ー５", "tel": "0947-41-8686"}}, {"type": "Feature", "geometry": {"type": "Point", "coordinates": [130.36676, 33.58923]}, "properties": {"name": "（株）神田工務店", "address": "福岡県福岡市中央区地行１ー１１ー６", "tel": "092-761-2445"}}, {"type": "Feature", "geometry": {"type": "Point", "coordinates": [130.749969, 33.322628]}, "properties": {"name": "（有）川島組", "address": "福岡県うきは市吉井町福益５６３ー１", "tel": "09437-6-4333"}}, {"type": "Feature", "geometry": {"type": "Point", "coordinates": [130.862686, 33.551655]}, "properties": {"name": "藤井産業（有）", "address": "福岡県田川郡添田町大字野田１７５６", "tel": "0947-82-5615"}}, {"type": "Feature", "geometry": {"type": "Point", "coordinates": [130.441864, 33.707867]}, "properties": {"name": "（株）藤田組", "address": "福岡県糟屋郡新宮町下府３ー１７ー１５", "tel": "092-962-2564"}}, {"type": "Feature", "geometry": {"type": "Point", "coordinates": [130.33194, 33.54681]}, "properties": {"name": "（株）藤松工務店", "address": "福岡県福岡市早良区次郎丸５ー１８ー２５", "tel": "092-865-3737"}}, {"type": "Feature", "geometry": {"type": "Point", "coordinates": [130.465851, 33.04586]}, "properties": {"name": "（株）福山建設", "address": "福岡県大牟田市上白川町２ー３２５", "tel": "0944-53-5849"}}, {"type": "Feature", "geometry": {"type": "Point", "coordinates": [130.416763, 33.534954]}, "properties": {"name": "藤木工業（株）", "address": "福岡県福岡市南区野多目６ー３ー４", "tel": "092-285-7518"}}, {"type": "Feature", "geometry": {"type": "Point", "coordinates": [130.670807, 33.890358]}, "properties": {"name": "（有）渕野工務店", "address": "福岡県遠賀郡芦屋町高浜町９ー７", "tel": "093-223-1966"}}, {"type": "Feature", "geometry": {"type": "Point", "coordinates": [130.756287, 33.844139]}, "properties": {"name": "（株）フジサキ", "address": "福岡県北九州市八幡西区引野１ー１８ー１８", "tel": "093-622-0055"}}, {"type": "Feature", "geometry": {"type": "Point", "coordinates": [130.850021, 33.893475]}, "properties": {"name": "福設サービス（株）", "address": "福岡県北九州市小倉北区中井１ー２５ー６", "tel": "093-561-7174"}}, {"type": "Feature", "geometry": {"type": "Point", "coordinates": [130.924576, 33.709553]}, "properties": {"name": "（株）福森工業", "address": "福岡県京都郡みやこ町勝山黒田８７９ー１", "tel": "0930-32-4252"}}, {"type": "Feature", "geometry": {"type": "Point", "coordinates": [130.779846, 33.679604]}, "properties": {"name": "（有）藤浦設備", "address": "福岡県田川郡福智町金田８４０ー７", "tel": "0947-22-5250"}}, {"type": "Feature", "geometry": {"type": "Point", "coordinates": [130.412308, 33.563808]}, "properties": {"name": "（株）ブルク", "address": "福岡県福岡市南区多賀１ー１ー２２", "tel": "092-533-8007"}}, {"type": "Feature", "geometry": {"type": "Point", "coordinates": [130.710922, 33.687046]}, "properties": {"name": "福田工務店", "address": "福岡県鞍手郡小竹町大字勝野３７４９ー２", "tel": "09496-2-6735"}}, {"type": "Feature", "geometry": {"type": "Point", "coordinates": [130.871628, 33.853401]}, "properties": {"name": "ビルドリペア技研工業（株）", "address": "福岡県北九州市小倉北区南丘１ー７ー１０", "tel": "093-953-9370"}}, {"type": "Feature", "geometry": {"type": "Point", "coordinates": [130.764633, 33.675369]}, "properties": {"name": "（有）ＫＮＫ", "address": "福岡県田川郡福智町神崎１８７９ー１", "tel": "0947-22-1718"}}, {"type": "Feature", "geometry": {"type": "Point", "coordinates": [130.502716, 33.598946]}, "properties": {"name": "（株）福岡リフォームサービス", "address": "福岡県糟屋郡須惠町大字植木２０７ー１", "tel": "092-936-8437"}}, {"type": "Feature", "geometry": {"type": "Point", "coordinates": [130.446915, 33.041588]}, "properties": {"name": "福鳶グループ（株）", "address": "福岡県大牟田市明治町３ー６ー１２", "tel": "0944-51-2163"}}, {"type": "Feature", "geometry": {"type": "Point", "coordinates": [130.488663, 33.722813]}, "properties": {"name": "（有）フジモト営建工業", "address": "福岡県古賀市新原字中ノ坪７３１ー４", "tel": "092-943-1227"}}, {"type": "Feature", "geometry": {"type": "Point", "coordinates": [130.432266, 33.539734]}, "properties": {"name": "（株）プライム建設", "address": "福岡県福岡市南区的場２ー１９ー１", "tel": "092-502-7500"}}, {"type": "Feature", "geometry": {"type": "Point", "coordinates": [130.84317, 33.869671]}, "properties": {"name": "藤本畳工業（株）", "address": "福岡県北九州市小倉北区上到津４ー７ー１１", "tel": "093-651-0790"}}, {"type": "Feature", "geometry": {"type": "Point", "coordinates": [130.339249, 33.582836]}, "properties": {"name": "山栄建設（株）", "address": "福岡県福岡市西区愛宕３ー１ー１７", "tel": "092-707-5818"}}, {"type": "Feature", "geometry": {"type": "Point", "coordinates": [130.596527, 33.798988]}, "properties": {"name": "（有）榊建設", "address": "福岡県宗像市冨地原１８１３", "tel": "0940-33-0828"}}, {"type": "Feature", "geometry": {"type": "Point", "coordinates": [130.491516, 33.327461]}, "properties": {"name": "迫田板金工業（株）", "address": "福岡県久留米市長門石２ー２ー１", "tel": "0942-32-3212"}}, {"type": "Feature", "geometry": {"type": "Point", "coordinates": [130.964157, 33.696545]}, "properties": {"name": "（株）サダイシ", "address": "福岡県行橋市大字矢留６１９ー１", "tel": "0930-22-1376"}}, {"type": "Feature", "geometry": {"type": "Point", "coordinates": [130.319672, 33.552979]}, "properties": {"name": "（株）サン創建", "address": "福岡県福岡市西区戸切１ー２ー３４", "tel": "092-894-7832"}}, {"type": "Feature", "geometry": {"type": "Point", "coordinates": [130.664093, 33.723907]}, "properties": {"name": "（株）佐久間産業", "address": "福岡県宮若市宮田１３４", "tel": "0949-32-0027"}}, {"type": "Feature", "geometry": {"type": "Point", "coordinates": [130.662354, 33.835777]}, "properties": {"name": "（有）坂本工務店", "address": "福岡県遠賀郡遠賀町大字上別府１３８９ー４", "tel": "093-293-6812"}}, {"type": "Feature", "geometry": {"type": "Point", "coordinates": [130.552444, 33.512428]}, "properties": {"name": "（株）さとう建設", "address": "福岡県筑紫野市大字原１８７ー３", "tel": "092-925-0127"}}, {"type": "Feature", "geometry": {"type": "Point", "coordinates": [130.44873, 33.027496]}, "properties": {"name": "（株）佐脇建設", "address": "福岡県大牟田市笹林町２ー４ー１８", "tel": "0944-52-3764"}}, {"type": "Feature", "geometry": {"type": "Point", "coordinates": [130.874054, 33.648663]}, "properties": {"name": "（株）共和建設工業", "address": "福岡県田川郡香春町大字柿下１０６０ー３", "tel": "0947-32-7321"}}, {"type": "Feature", "geometry": {"type": "Point", "coordinates": [130.612122, 33.726299]}, "properties": {"name": "（株）双一開發", "address": "福岡県宮若市高野５９７ー１", "tel": "0949-52-0681"}}, {"type": "Feature", "geometry": {"type": "Point", "coordinates": [130.618347, 33.420311]}, "properties": {"name": "（株）三協工作所", "address": "福岡県朝倉郡筑前町野町１７０４ー３", "tel": "0946-28-7667"}}, {"type": "Feature", "geometry": {"type": "Point", "coordinates": [130.857834, 33.563431]}, "properties": {"name": "（有）迫製材所", "address": "福岡県田川郡添田町大字添田１００７", "tel": "0947-82-0130"}}, {"type": "Feature", "geometry": {"type": "Point", "coordinates": [130.852859, 33.568546]}, "properties": {"name": "（有）佐護組", "address": "福岡県田川郡添田町大字添田１１５４ー４", "tel": "0947-82-2450"}}, {"type": "Feature", "geometry": {"type": "Point", "coordinates": [130.731537, 33.614994]}, "properties": {"name": "（有）サカエ住宅", "address": "福岡県飯塚市赤坂８４６ー１５７", "tel": "0948-42-3047"}}, {"type": "Feature", "geometry": {"type": "Point", "coordinates": [130.526123, 33.270023]}, "properties": {"name": "参道賢建設（有）", "address": "福岡県久留米市上津町２２２８ー１６５", "tel": "0942-21-0098"}}, {"type": "Feature", "geometry": {"type": "Point", "coordinates": [130.196274, 33.557217]}, "properties": {"name": "（株）サンエー", "address": "福岡県糸島市萩浦３ー７ー５", "tel": "092-324-4197"}}, {"type": "Feature", "geometry": {"type": "Point", "coordinates": [130.849579, 33.628174]}, "properties": {"name": "坂木設備", "address": "福岡県田川郡大任町大字今任原９８５", "tel": "0947-63-2701"}}, {"type": "Feature", "geometry": {"type": "Point", "coordinates": [130.575699, 33.216167]}, "properties": {"name": "（株）三晃建設", "address": "福岡県八女市平田６０２ー３", "tel": "0943-24-3577"}}, {"type": "Feature", "geometry": {"type": "Point", "coordinates": [130.351303, 33.582104]}, "properties": {"name": "（株）海辺", "address": "福岡県福岡市早良区百道１ー１ー１", "tel": "092-832-6744"}}, {"type": "Feature", "geometry": {"type": "Point", "coordinates": [130.851837, 33.56591]}, "properties": {"name": "（株）浦野組", "address": "福岡県田川郡添田町大字庄１０７ー４", "tel": "0947-82-0272"}}, {"type": "Feature", "geometry": {"type": "Point", "coordinates": [130.915207, 33.679993]}, "properties": {"name": "（有）浦田組", "address": "福岡県京都郡みやこ町勝山大久保３８０９ー１", "tel": "0930-32-2091"}}, {"type": "Feature", "geometry": {"type": "Point", "coordinates": [130.764633, 33.675369]}, "properties": {"name": "佐津摩組", "address": "福岡県田川郡福智町神崎１０９８ー１１", "tel": "0947-22-6164"}}, {"type": "Feature", "geometry": {"type": "Point", "coordinates": [130.63562, 33.741692]}, "properties": {"name": "（株）内山建設工業", "address": "福岡県宮若市芹田５２０ー１", "tel": "0949-33-3711"}}, {"type": "Feature", "geometry": {"type": "Point", "coordinates": [130.779846, 33.679604]}, "properties": {"name": "（有）植壽組", "address": "福岡県田川郡福智町金田２７５ー７１", "tel": "0947-22-1897"}}, {"type": "Feature", "geometry": {"type": "Point", "coordinates": [130.537659, 33.797443]}, "properties": {"name": "上田工務店（株）", "address": "福岡県宗像市日の里２ー６ー６", "tel": "0940-36-8068"}}, {"type": "Feature", "geometry": {"type": "Point", "coordinates": [130.924576, 33.709553]}, "properties": {"name": "（有）浦山建設", "address": "福岡県京都郡みやこ町勝山黒田１６５８ー８", "tel": "0930-32-7500"}}, {"type": "Feature", "geometry": {"type": "Point", "coordinates": [131.122879, 33.623409]}, "properties": {"name": "（株）ウノシマ", "address": "福岡県豊前市大字八屋２５４４", "tel": "0979-82-3357"}}, {"type": "Feature", "geometry": {"type": "Point", "coordinates": [130.873871, 33.673191]}, "properties": {"name": "（有）植田組", "address": "福岡県田川郡香春町大字鏡山６９９", "tel": "0947-32-5770"}}, {"type": "Feature", "geometry": {"type": "Point", "coordinates": [130.450439, 33.602753]}, "properties": {"name": "（株）九州アイム", "address": "福岡県糟屋郡志免町別府北４ー３ー１０", "tel": "092-611-2214"}}, {"type": "Feature", "geometry": {"type": "Point", "coordinates": [130.409531, 33.601601]}, "properties": {"name": "九宝工業（株）", "address": "福岡県福岡市博多区下呉服町９ー２６", "tel": "092-291-0009"}}, {"type": "Feature", "geometry": {"type": "Point", "coordinates": [130.435135, 33.020901]}, "properties": {"name": "（株）城戸工務店", "address": "福岡県大牟田市山下町７", "tel": "0944-54-2854"}}, {"type": "Feature", "geometry": {"type": "Point", "coordinates": [130.454544, 33.537182]}, "properties": {"name": "（株）キムラ建設", "address": "福岡県春日市岡本４ー１５", "tel": "092-573-0123"}}, {"type": "Feature", "geometry": {"type": "Point", "coordinates": [130.707611, 33.779171]}, "properties": {"name": "（有）菊栄工業", "address": "福岡県直方市大字植木字東堤田２７８ー２", "tel": "0949-28-0550"}}, {"type": "Feature", "geometry": {"type": "Point", "coordinates": [130.431107, 33.599384]}, "properties": {"name": "（株）とし建設", "address": "福岡県福岡市博多区吉塚３ー１７ー１７", "tel": "092-710-5289"}}, {"type": "Feature", "geometry": {"type": "Point", "coordinates": [130.683609, 33.8736]}, "properties": {"name": "（株）協同建装", "address": "福岡県遠賀郡水巻町猪熊２ー９ー４５", "tel": "093-202-9532"}}, {"type": "Feature", "geometry": {"type": "Point", "coordinates": [130.464661, 33.660892]}, "properties": {"name": "（株）協栄建設", "address": "福岡県福岡市東区大字香椎早田４８３ー５３", "tel": "092-683-3515"}}, {"type": "Feature", "geometry": {"type": "Point", "coordinates": [131.122101, 33.607014]}, "properties": {"name": "（有）谷崎組", "address": "福岡県豊前市大字今市４３８ー４", "tel": "0979-82-0873"}}, {"type": "Feature", "geometry": {"type": "Point", "coordinates": [130.738739, 33.825748]}, "properties": {"name": "（株）貴屋建設", "address": "福岡県北九州市八幡西区下上津役３ー１９ー１７", "tel": "093-614-1899"}}, {"type": "Feature", "geometry": {"type": "Point", "coordinates": [130.865677, 33.901405]}, "properties": {"name": "大栄フレックス（株）", "address": "福岡県北九州市小倉北区西港町６１ー１３", "tel": "093-583-0055"}}, {"type": "Feature", "geometry": {"type": "Point", "coordinates": [130.878876, 33.861519]}, "properties": {"name": "（有）大徳建設", "address": "福岡県北九州市小倉南区八幡町２７ー９", "tel": "093-931-7217"}}, {"type": "Feature", "geometry": {"type": "Point", "coordinates": [130.300446, 33.573307]}, "properties": {"name": "田尻技建（株）", "address": "福岡県福岡市西区生の松原４ー１ー２７", "tel": "092-882-8651"}}, {"type": "Feature", "geometry": {"type": "Point", "coordinates": [130.831039, 33.60199]}, "properties": {"name": "（有）滝建設", "address": "福岡県田川郡川崎町大字川崎３４０", "tel": "0947-72-7888"}}, {"type": "Feature", "geometry": {"type": "Point", "coordinates": [130.442215, 33.610001]}, "properties": {"name": "（株）ベース・テック", "address": "福岡県福岡市東区二又瀬新町１０ー２８", "tel": "092-621-8845"}}, {"type": "Feature", "geometry": {"type": "Point", "coordinates": [130.831863, 33.596073]}, "properties": {"name": "（有）田口建設", "address": "福岡県田川郡川崎町大字川崎１３１", "tel": "0947-73-4050"}}, {"type": "Feature", "geometry": {"type": "Point", "coordinates": [130.683273, 33.889343]}, "properties": {"name": "（株）田中", "address": "福岡県北九州市若松区高須西２ー１ー９０", "tel": "093-741-3900"}}, {"type": "Feature", "geometry": {"type": "Point", "coordinates": [130.810364, 33.695732]}, "properties": {"name": "高木建設", "address": "福岡県田川郡福智町伊方２７５６", "tel": "0947-22-4885"}}, {"type": "Feature", "geometry": {"type": "Point", "coordinates": [130.695877, 33.87336]}, "properties": {"name": "（有）田中幸二郎組", "address": "福岡県北九州市八幡西区浅川日の峯３ー７ー２５", "tel": "093-601-1231"}}, {"type": "Feature", "geometry": {"type": "Point", "coordinates": [130.42807, 33.531052]}, "properties": {"name": "げんき住宅（株）", "address": "福岡県福岡市南区警弥郷３ー４４ー１９", "tel": "092-501-7743"}}, {"type": "Feature", "geometry": {"type": "Point", "coordinates": [130.437134, 33.037434]}, "properties": {"name": "（株）大平建工", "address": "福岡県大牟田市浜田町４ー１０", "tel": "0944-55-8900"}}, {"type": "Feature", "geometry": {"type": "Point", "coordinates": [130.447617, 33.261608]}, "properties": {"name": "（有）タカハマ", "address": "福岡県久留米市三潴町草場１１４", "tel": "0942-54-6400"}}, {"type": "Feature", "geometry": {"type": "Point", "coordinates": [130.311096, 33.538204]}, "properties": {"name": "大福建設（有）", "address": "福岡県福岡市西区大字飯盛５８５ー１", "tel": "092-811-5561"}}, {"type": "Feature", "geometry": {"type": "Point", "coordinates": [130.335663, 33.502445]}, "properties": {"name": "谷口建設（株）", "address": "福岡県福岡市早良区早良１ー１５ー２４", "tel": "092-804-5852"}}, {"type": "Feature", "geometry": {"type": "Point", "coordinates": [130.567551, 33.214783]}, "properties": {"name": "立花鉄工建設（株）", "address": "福岡県八女市納楚６９７ー１", "tel": "0943-24-8101"}}, {"type": "Feature", "geometry": {"type": "Point", "coordinates": [130.194885, 33.565258]}, "properties": {"name": "（株）舘ホームサービス", "address": "福岡県糸島市前原北２ー８ー２５", "tel": "092-323-3537"}}, {"type": "Feature", "geometry": {"type": "Point", "coordinates": [130.40979, 33.551113]}, "properties": {"name": "（有）喬洲開発", "address": "福岡県福岡市南区柳河内２ー７ー１８", "tel": "092-512-1895"}}, {"type": "Feature", "geometry": {"type": "Point", "coordinates": [130.997421, 33.658104]}, "properties": {"name": "隆和組（有）", "address": "福岡県築上郡築上町大字船迫９３２ー１", "tel": "0930-52-2951"}}, {"type": "Feature", "geometry": {"type": "Point", "coordinates": [130.848892, 33.65398]}, "properties": {"name": "（有）大親建設", "address": "福岡県田川郡香春町大字中津原１６７６ー２", "tel": "0947-32-4787"}}, {"type": "Feature", "geometry": {"type": "Point", "coordinates": [130.779846, 33.679604]}, "properties": {"name": "（有）辰島工業", "address": "福岡県田川郡福智町金田２７５ー７", "tel": "0947-22-0961"}}, {"type": "Feature", "geometry": {"type": "Point", "coordinates": [130.516632, 33.630947]}, "properties": {"name": "（有）立開工務店", "address": "福岡県糟屋郡篠栗町津波黒３ー７ー２９", "tel": "092-947-5026"}}, {"type": "Feature", "geometry": {"type": "Point", "coordinates": [130.449417, 33.695663]}, "properties": {"name": "（株）立花建設", "address": "福岡県糟屋郡新宮町大字原上１７９３ー１", "tel": "092-962-3624"}}, {"type": "Feature", "geometry": {"type": "Point", "coordinates": [130.48468, 33.214592]}, "properties": {"name": "（株）高江建設", "address": "福岡県筑後市大字若菜８９ー１", "tel": "0942-52-7050"}}, {"type": "Feature", "geometry": {"type": "Point", "coordinates": [131.164597, 33.522102]}, "properties": {"name": "（株）大豊建設", "address": "福岡県築上郡上毛町大字原井１９１９", "tel": "0979-52-2160"}}, {"type": "Feature", "geometry": {"type": "Point", "coordinates": [130.429047, 33.138531]}, "properties": {"name": "（有）太陽ハウス工業", "address": "福岡県柳川市大和町塩塚９５６ー１", "tel": "0944-76-4270"}}, {"type": "Feature", "geometry": {"type": "Point", "coordinates": [130.696564, 33.613392]}, "properties": {"name": "（株）春田建設", "address": "福岡県飯塚市平恒４２", "tel": "0948-25-0013"}}, {"type": "Feature", "geometry": {"type": "Point", "coordinates": [130.8069, 33.625744]}, "properties": {"name": "原口住建", "address": "福岡県田川市大字奈良５ー１", "tel": "0947-42-4661"}}, {"type": "Feature", "geometry": {"type": "Point", "coordinates": [130.812851, 33.923733]}, "properties": {"name": "原口建設（株）", "address": "福岡県北九州市若松区大字安瀬４４ー１", "tel": "093-751-5100"}}, {"type": "Feature", "geometry": {"type": "Point", "coordinates": [130.663696, 33.585358]}, "properties": {"name": "林田住宅建設（株）", "address": "福岡県嘉穂郡桂川町大字豆田１３６", "tel": "0948-65-0040"}}, {"type": "Feature", "geometry": {"type": "Point", "coordinates": [130.538147, 33.287003]}, "properties": {"name": "（有）博栄畳商店", "address": "福岡県久留米市上津町１３０５ー１", "tel": "0942-22-3427"}}, {"type": "Feature", "geometry": {"type": "Point", "coordinates": [130.313431, 33.583134]}, "properties": {"name": "（株）成斗工務店", "address": "福岡県福岡市西区小戸４ー２９ー４０", "tel": "092-883-5501"}}, {"type": "Feature", "geometry": {"type": "Point", "coordinates": [130.873413, 33.835403]}, "properties": {"name": "（有）なかにし", "address": "福岡県北九州市小倉南区守恒本町２ー６ー２", "tel": "093-962-0862"}}, {"type": "Feature", "geometry": {"type": "Point", "coordinates": [130.449966, 33.151855]}, "properties": {"name": "（株）中川建設", "address": "福岡県柳川市三橋町棚町７８４ー１", "tel": "0944-63-6880"}}, {"type": "Feature", "geometry": {"type": "Point", "coordinates": [130.849579, 33.628174]}, "properties": {"name": "信栄建設", "address": "福岡県田川郡大任町大字今任原３９９９", "tel": "0947-63-2922"}}, {"type": "Feature", "geometry": {"type": "Point", "coordinates": [130.949387, 33.706474]}, "properties": {"name": "（有）中本土木興業", "address": "福岡県行橋市大字中川２ー１", "tel": "0930-23-1327"}}, {"type": "Feature", "geometry": {"type": "Point", "coordinates": [130.677933, 33.646309]}, "properties": {"name": "（株）ナカジマ建設", "address": "福岡県飯塚市片島３ー１６ー１１", "tel": "0948-21-1633"}}, {"type": "Feature", "geometry": {"type": "Point", "coordinates": [130.435959, 33.577785]}, "properties": {"name": "（株）ナカケン", "address": "福岡県福岡市博多区東光寺町２ー２ー１３", "tel": "092-260-1974"}}, {"type": "Feature", "geometry": {"type": "Point", "coordinates": [131.003128, 33.679295]}, "properties": {"name": "中村重機", "address": "福岡県京都郡みやこ町呰見１５６９ー４", "tel": "0930-33-3440"}}, {"type": "Feature", "geometry": {"type": "Point", "coordinates": [130.556458, 33.316803]}, "properties": {"name": "（株）ナカガワ", "address": "福岡県久留米市東合川４ー３ー２６", "tel": "0942-27-9812"}}, {"type": "Feature", "geometry": {"type": "Point", "coordinates": [130.797623, 33.708256]}, "properties": {"name": "中村基礎工業（株）", "address": "福岡県田川郡福智町弁城４２３０ー２", "tel": "0947-22-4841"}}, {"type": "Feature", "geometry": {"type": "Point", "coordinates": [130.606918, 33.327686]}, "properties": {"name": "（有）中村製畳店", "address": "福岡県久留米市善導寺町飯田６０８", "tel": "0942-47-1106"}}, {"type": "Feature", "geometry": {"type": "Point", "coordinates": [130.875458, 33.630573]}, "properties": {"name": "（有）光明建設工業", "address": "福岡県田川郡赤村大字内田２２２３ー６９", "tel": "0947-62-3655"}}, {"type": "Feature", "geometry": {"type": "Point", "coordinates": [130.734344, 33.786774]}, "properties": {"name": "（株）後藤緑化建設", "address": "福岡県北九州市八幡西区楠橋南２ー１１ー１９", "tel": "093-618-5384"}}, {"type": "Feature", "geometry": {"type": "Point", "coordinates": [130.816193, 33.595219]}, "properties": {"name": "（有）雄健", "address": "福岡県田川郡川崎町大字川崎１６３８ー１", "tel": "0947-72-3988"}}, {"type": "Feature", "geometry": {"type": "Point", "coordinates": [130.433746, 33.551044]}, "properties": {"name": "アレックス（株）", "address": "福岡県福岡市南区横手４ー１ー３２", "tel": "092-575-0500"}}, {"type": "Feature", "geometry": {"type": "Point", "coordinates": [131.112625, 33.610043]}, "properties": {"name": "（株）アンテック", "address": "福岡県豊前市大字八屋５１７ー１", "tel": "0979-82-3448"}}, {"type": "Feature", "geometry": {"type": "Point", "coordinates": [130.333939, 33.570332]}, "properties": {"name": "（株）エム・アイ工房", "address": "福岡県福岡市早良区小田部１ー３２ー３", "tel": "092-845-1211"}}, {"type": "Feature", "geometry": {"type": "Point", "coordinates": [130.405258, 33.550556]}, "properties": {"name": "芦塚工業（株）", "address": "福岡県福岡市南区柳河内２ー１１ー３９", "tel": "092-541-6068"}}, {"type": "Feature", "geometry": {"type": "Point", "coordinates": [130.354691, 33.553558]}, "properties": {"name": "（株）栄屋", "address": "福岡県福岡市城南区七隈６ー１９ー１８", "tel": "092-861-6734"}}, {"type": "Feature", "geometry": {"type": "Point", "coordinates": [130.884674, 33.854843]}, "properties": {"name": "（株）ユービック", "address": "福岡県北九州市小倉南区城野３ー９ー３０", "tel": "093-952-0800"}}, {"type": "Feature", "geometry": {"type": "Point", "coordinates": [130.590912, 33.41864]}, "properties": {"name": "（株）ミリオンテック", "address": "福岡県小郡市干潟字城山１４８９ー５", "tel": "0942-72-0400"}}, {"type": "Feature", "geometry": {"type": "Point", "coordinates": [130.371414, 33.186447]}, "properties": {"name": "（有）香妻塗装工業", "address": "福岡県大川市大字一木９２４ー３", "tel": "0944-87-8224"}}, {"type": "Feature", "geometry": {"type": "Point", "coordinates": [130.718597, 33.205151]}, "properties": {"name": "（株）石崎組", "address": "福岡県八女市黒木町北木屋４２７", "tel": "0943-42-0184"}}, {"type": "Feature", "geometry": {"type": "Point", "coordinates": [130.385132, 33.557056]}, "properties": {"name": "鶴田工業（株）", "address": "福岡県福岡市城南区長尾３ー２７ー２３", "tel": "092-531-4343"}}, {"type": "Feature", "geometry": {"type": "Point", "coordinates": [130.887558, 33.599346]}, "properties": {"name": "高田建設", "address": "福岡県田川郡赤村大字赤３１７１ー１", "tel": "0947-62-3541"}}, {"type": "Feature", "geometry": {"type": "Point", "coordinates": [130.485809, 33.111347]}, "properties": {"name": "小宮建設", "address": "福岡県みやま市高田町田尻１４００", "tel": "0944-22-6387"}}, {"type": "Feature", "geometry": {"type": "Point", "coordinates": [130.931641, 33.658829]}, "properties": {"name": "（有）笹山建設工業", "address": "福岡県京都郡みやこ町犀川谷口４４１", "tel": "0930-42-1320"}}, {"type": "Feature", "geometry": {"type": "Point", "coordinates": [130.531265, 33.292377]}, "properties": {"name": "ティー・ツー（株）", "address": "福岡県久留米市国分町１９８７ー１２", "tel": "0942-51-2600"}}, {"type": "Feature", "geometry": {"type": "Point", "coordinates": [130.83194, 33.642788]}, "properties": {"name": "（株）ケンタツ", "address": "福岡県田川市大字伊田２７３８ー２", "tel": "0947-44-2972"}}, {"type": "Feature", "geometry": {"type": "Point", "coordinates": [130.854401, 33.598255]}, "properties": {"name": "（株）鷹羽建設", "address": "福岡県田川郡大任町大字大行事４６７８ー１４", "tel": "0947-63-2887"}}, {"type": "Feature", "geometry": {"type": "Point", "coordinates": [130.986298, 33.617691]}, "properties": {"name": "政時組", "address": "福岡県築上郡築上町大字伝法寺１４９５ー２", "tel": "0930-54-0445"}}, {"type": "Feature", "geometry": {"type": "Point", "coordinates": [130.894897, 33.848686]}, "properties": {"name": "（有）平島建設", "address": "福岡県北九州市小倉南区湯川新町１ー３ー３１", "tel": "093-967-9711"}}, {"type": "Feature", "geometry": {"type": "Point", "coordinates": [130.427109, 33.585007]}, "properties": {"name": "（株）博栄建設", "address": "福岡県福岡市博多区比惠町２ー１ー２０３", "tel": "092-483-1688"}}, {"type": "Feature", "geometry": {"type": "Point", "coordinates": [130.810364, 33.695732]}, "properties": {"name": "（有）高木組", "address": "福岡県田川郡福智町伊方３２７３ー１", "tel": "0947-22-0504"}}, {"type": "Feature", "geometry": {"type": "Point", "coordinates": [130.675583, 33.808975]}, "properties": {"name": "（有）若竹エンジニアリング", "address": "福岡県鞍手郡鞍手町大字木月貝殻２３７３ー１", "tel": "0949-42-3849"}}, {"type": "Feature", "geometry": {"type": "Point", "coordinates": [130.799301, 33.862556]}, "properties": {"name": "（株）千原建設", "address": "福岡県北九州市八幡東区尾倉１ー１３ー１９", "tel": "093-662-0406"}}, {"type": "Feature", "geometry": {"type": "Point", "coordinates": [130.513412, 33.698807]}, "properties": {"name": "居石鉄工建設", "address": "福岡県古賀市谷山３３６ー１", "tel": "092-944-1785"}}, {"type": "Feature", "geometry": {"type": "Point", "coordinates": [130.482025, 33.522709]}, "properties": {"name": "イワイ（株）", "address": "福岡県大野城市上大利１ー１ー３", "tel": "092-596-4130"}}, {"type": "Feature", "geometry": {"type": "Point", "coordinates": [130.473907, 33.556015]}, "properties": {"name": "（株）西和", "address": "福岡県福岡市博多区金の隈２ー１８ー４１", "tel": "092-503-3815"}}, {"type": "Feature", "geometry": {"type": "Point", "coordinates": [130.737228, 33.764988]}, "properties": {"name": "（有）クリエイトホーム", "address": "福岡県直方市大字感田１３８８ー１", "tel": "0949-26-4149"}}, {"type": "Feature", "geometry": {"type": "Point", "coordinates": [130.3638, 33.563595]}, "properties": {"name": "（株）上田建築社", "address": "福岡県福岡市城南区茶山５ー２ー１０", "tel": "092-874-1139"}}, {"type": "Feature", "geometry": {"type": "Point", "coordinates": [130.553162, 33.208797]}, "properties": {"name": "（株）中島組", "address": "福岡県八女市本町２ー１５３ー１", "tel": "0943-24-4468"}}, {"type": "Feature", "geometry": {"type": "Point", "coordinates": [130.427109, 33.585007]}, "properties": {"name": "大社建設（株）", "address": "福岡県福岡市博多区比恵町２ー１ー２０７", "tel": "092-400-3188"}}, {"type": "Feature", "geometry": {"type": "Point", "coordinates": [130.472504, 33.549046]}, "properties": {"name": "（有）大建設", "address": "福岡県大野城市山田１ー１０ー８", "tel": "092-588-4488"}}, {"type": "Feature", "geometry": {"type": "Point", "coordinates": [130.86319, 33.885246]}, "properties": {"name": "（有）泊建設", "address": "福岡県北九州市小倉北区菜園場２ー２ー５", "tel": "093-571-8873"}}, {"type": "Feature", "geometry": {"type": "Point", "coordinates": [130.949707, 33.673412]}, "properties": {"name": "中原工務店（株）", "address": "福岡県京都郡みやこ町犀川花熊９５３", "tel": "0930-42-2151"}}, {"type": "Feature", "geometry": {"type": "Point", "coordinates": [130.924454, 33.885204]}, "properties": {"name": "八谷ガラス建材", "address": "福岡県北九州市門司区藤松３ー３ー６", "tel": "093-381-8711"}}, {"type": "Feature", "geometry": {"type": "Point", "coordinates": [130.40419, 33.590611]}, "properties": {"name": "（株）筑糸建設", "address": "福岡県福岡市中央区西中洲１２ー１３ー２０７", "tel": "092-725-7192"}}, {"type": "Feature", "geometry": {"type": "Point", "coordinates": [130.356339, 33.541302]}, "properties": {"name": "（株）五十嵐工務店", "address": "福岡県福岡市城南区梅林４９５ー１", "tel": "092-801-3788"}}, {"type": "Feature", "geometry": {"type": "Point", "coordinates": [130.419235, 33.587479]}, "properties": {"name": "太平ビルサービス（株）", "address": "福岡県福岡市博多区博多駅前４ー１４ー１", "tel": "092-477-1014"}}, {"type": "Feature", "geometry": {"type": "Point", "coordinates": [130.527603, 33.854076]}, "properties": {"name": "宗像機工（株）", "address": "福岡県宗像市田野字岡手９６６ー２", "tel": "0940-62-1028"}}, {"type": "Feature", "geometry": {"type": "Point", "coordinates": [130.512222, 33.263969]}, "properties": {"name": "（有）和廣建設", "address": "福岡県久留米市藤光町９８６ー９", "tel": "0942-27-0164"}}, {"type": "Feature", "geometry": {"type": "Point", "coordinates": [130.532745, 33.47364]}, "properties": {"name": "タダスエ建設（株）", "address": "福岡県筑紫野市大字永岡１２７２ー６９", "tel": "092-922-6130"}}, {"type": "Feature", "geometry": {"type": "Point", "coordinates": [130.863739, 33.842781]}, "properties": {"name": "（有）後藤金属商会", "address": "福岡県北九州市小倉南区蒲生４ー３ー４３", "tel": "093-962-1299"}}, {"type": "Feature", "geometry": {"type": "Point", "coordinates": [130.724518, 33.847984]}, "properties": {"name": "（有）オー・アール・エス", "address": "福岡県北九州市八幡西区永犬丸１ー３ー２５", "tel": "093-692-4070"}}, {"type": "Feature", "geometry": {"type": "Point", "coordinates": [130.484451, 33.053848]}, "properties": {"name": "（有）モリ建設", "address": "福岡県大牟田市大字久福木７３６ー５", "tel": "0944-56-5971"}}, {"type": "Feature", "geometry": {"type": "Point", "coordinates": [130.769287, 33.848057]}, "properties": {"name": "（有）白石工業", "address": "福岡県北九州市八幡西区大畑町１３ー２", "tel": "093-643-6755"}}, {"type": "Feature", "geometry": {"type": "Point", "coordinates": [130.515472, 33.620041]}, "properties": {"name": "やまて建設", "address": "福岡県糟屋郡篠栗町大字尾仲７６８", "tel": "092-980-1163"}}, {"type": "Feature", "geometry": {"type": "Point", "coordinates": [130.415878, 33.169304]}, "properties": {"name": "アジア商事（有）", "address": "福岡県柳川市三橋町高畑２０６ー３", "tel": "0944-73-0115"}}, {"type": "Feature", "geometry": {"type": "Point", "coordinates": [130.875458, 33.630573]}, "properties": {"name": "（有）中明建設", "address": "福岡県田川郡赤村大字内田２２０５", "tel": "0947-62-3025"}}, {"type": "Feature", "geometry": {"type": "Point", "coordinates": [130.514175, 33.48608]}, "properties": {"name": "（株）広田建創", "address": "福岡県筑紫野市武蔵３ー２ー２６", "tel": "092-929-1800"}}, {"type": "Feature", "geometry": {"type": "Point", "coordinates": [130.832153, 33.865368]}, "properties": {"name": "郡谷利昇堂", "address": "福岡県北九州市八幡東区荒生田１ー６ー４", "tel": "093-651-3182"}}, {"type": "Feature", "geometry": {"type": "Point", "coordinates": [130.691193, 33.662441]}, "properties": {"name": "永井組", "address": "福岡県飯塚市川島４５０ー２", "tel": "0948-29-3764"}}, {"type": "Feature", "geometry": {"type": "Point", "coordinates": [130.342957, 33.549801]}, "properties": {"name": "松栄ランテック（株）", "address": "福岡県福岡市早良区賀茂２ー２０ー２６", "tel": "092-873-7860"}}, {"type": "Feature", "geometry": {"type": "Point", "coordinates": [130.486557, 33.154949]}, "properties": {"name": "（有）松尾左建", "address": "福岡県みやま市瀬高町小川１１８３ー４", "tel": "0944-62-5016"}}, {"type": "Feature", "geometry": {"type": "Point", "coordinates": [130.758072, 33.85384]}, "properties": {"name": "正木表具店", "address": "福岡県北九州市八幡西区南王子町３ー８", "tel": "093-644-3715"}}, {"type": "Feature", "geometry": {"type": "Point", "coordinates": [130.398254, 33.582554]}, "properties": {"name": "（株）ホームライク", "address": "福岡県福岡市中央区薬院１ー１３ー８九電不動産ビル１階", "tel": "092-717-5151"}}, {"type": "Feature", "geometry": {"type": "Point", "coordinates": [130.439178, 33.119225]}, "properties": {"name": "エヌ・トレーディング（株）", "address": "福岡県みやま市高田町徳島３５９", "tel": "0944-22-6865"}}, {"type": "Feature", "geometry": {"type": "Point", "coordinates": [130.383133, 33.552364]}, "properties": {"name": "（有）森工務店", "address": "福岡県福岡市城南区樋井川２ー２６ー６", "tel": "092-862-4750"}}, {"type": "Feature", "geometry": {"type": "Point", "coordinates": [130.420166, 33.57011]}, "properties": {"name": "（有）ケイ・ネットワーク", "address": "福岡県福岡市南区清水１ー１６ー８", "tel": "092-551-8200"}}, {"type": "Feature", "geometry": {"type": "Point", "coordinates": [130.645203, 33.701931]}, "properties": {"name": "（有）広門建設", "address": "福岡県宮若市宮田２２０９ー１", "tel": "0949-32-9877"}}, {"type": "Feature", "geometry": {"type": "Point", "coordinates": [130.810364, 33.695732]}, "properties": {"name": "白石建築", "address": "福岡県田川郡福智町伊方２６７９ー１", "tel": "0947-22-3196"}}, {"type": "Feature", "geometry": {"type": "Point", "coordinates": [130.699631, 33.350552]}, "properties": {"name": "（株）行徳建設", "address": "福岡県久留米市田主丸町常盤７４８ー１", "tel": "0943-72-2775"}}, {"type": "Feature", "geometry": {"type": "Point", "coordinates": [130.745407, 33.848312]}, "properties": {"name": "安部畳店", "address": "福岡県北九州市八幡西区竹末２ー４ー２３", "tel": "093-621-6307"}}, {"type": "Feature", "geometry": {"type": "Point", "coordinates": [130.877182, 33.871174]}, "properties": {"name": "東海建装（株）", "address": "福岡県北九州市小倉北区白銀１ー５ー１７ー１０１", "tel": "093-941-0221"}}, {"type": "Feature", "geometry": {"type": "Point", "coordinates": [130.395309, 33.12027]}, "properties": {"name": "（有）英興建設", "address": "福岡県柳川市有明町２５３５ー２２", "tel": "0944-73-3869"}}, {"type": "Feature", "geometry": {"type": "Point", "coordinates": [130.752121, 33.725929]}, "properties": {"name": "（有）片山組", "address": "福岡県直方市大字上境１６８２ー１", "tel": "0949-25-0598"}}, {"type": "Feature", "geometry": {"type": "Point", "coordinates": [130.810364, 33.695732]}, "properties": {"name": "（有）池永武工務店", "address": "福岡県田川郡福智町伊方３１９１ー３", "tel": "0947-22-4547"}}, {"type": "Feature", "geometry": {"type": "Point", "coordinates": [131.169754, 33.598259]}, "properties": {"name": "（有）横川工務店", "address": "福岡県築上郡吉富町大字今吉２６７ー２", "tel": "0979-23-4027"}}, {"type": "Feature", "geometry": {"type": "Point", "coordinates": [130.666412, 33.57066]}, "properties": {"name": "三開発（株）", "address": "福岡県嘉穂郡桂川町大字九郎丸８０ー２", "tel": "0948-65-5757"}}, {"type": "Feature", "geometry": {"type": "Point", "coordinates": [130.919022, 33.737514]}, "properties": {"name": "（有）昇央建設", "address": "福岡県行橋市大字高来１３０", "tel": "0930-22-1864"}}, {"type": "Feature", "geometry": {"type": "Point", "coordinates": [130.699081, 33.787216]}, "properties": {"name": "（有）シバタ", "address": "福岡県直方市大字植木２３０８ー１", "tel": "0949-28-1401"}}, {"type": "Feature", "geometry": {"type": "Point", "coordinates": [130.83194, 33.642788]}, "properties": {"name": "（株）ツシマ", "address": "福岡県田川市大字伊田２４２２ー７", "tel": "0947-44-0373"}}, {"type": "Feature", "geometry": {"type": "Point", "coordinates": [130.565689, 33.240288]}, "properties": {"name": "樋口工業（有）", "address": "福岡県八女郡広川町大字吉常４４５ー３", "tel": "0943-32-5118"}}, {"type": "Feature", "geometry": {"type": "Point", "coordinates": [130.435715, 33.586441]}, "properties": {"name": "（株）草野", "address": "福岡県福岡市博多区上牟田１ー２１ー６", "tel": "092-473-7292"}}, {"type": "Feature", "geometry": {"type": "Point", "coordinates": [130.809952, 33.907093]}, "properties": {"name": "重安組", "address": "福岡県北九州市若松区浜町２ー１４ー３０", "tel": "093-761-5279"}}, {"type": "Feature", "geometry": {"type": "Point", "coordinates": [130.966354, 33.761909]}, "properties": {"name": "（有）ナカマ", "address": "福岡県京都郡苅田町大字尾倉２９３６ー３", "tel": "093-436-0835"}}, {"type": "Feature", "geometry": {"type": "Point", "coordinates": [130.764633, 33.675369]}, "properties": {"name": "（有）永末工務店", "address": "福岡県田川郡福智町神崎１２９３ー１１", "tel": "0947-22-2967"}}, {"type": "Feature", "geometry": {"type": "Point", "coordinates": [130.476898, 33.036655]}, "properties": {"name": "ティ・エム建設", "address": "福岡県大牟田市大字歴木８６２ー１", "tel": "0944-52-4595"}}, {"type": "Feature", "geometry": {"type": "Point", "coordinates": [130.498413, 33.310989]}, "properties": {"name": "修・コーポレーション", "address": "福岡県久留米市梅満町４３５ー１", "tel": "0942-36-1568"}}, {"type": "Feature", "geometry": {"type": "Point", "coordinates": [130.46489, 33.502712]}, "properties": {"name": "（有）白濱工業", "address": "福岡県大野城市若草２ー２４ー１", "tel": "092-596-4007"}}, {"type": "Feature", "geometry": {"type": "Point", "coordinates": [130.64212, 33.418163]}, "properties": {"name": "（株）エフ・テクノ", "address": "福岡県朝倉市牛木９００ー１", "tel": "0946-24-7070"}}, {"type": "Feature", "geometry": {"type": "Point", "coordinates": [130.9729, 33.740288]}, "properties": {"name": "竹下建設（株）", "address": "福岡県行橋市行事３ー７ー２２", "tel": "0930-24-1110"}}, {"type": "Feature", "geometry": {"type": "Point", "coordinates": [130.543716, 33.567348]}, "properties": {"name": "（株）興和塗装", "address": "福岡県糟屋郡宇美町障子岳３ー５ー２０", "tel": "092-957-0500"}}, {"type": "Feature", "geometry": {"type": "Point", "coordinates": [130.643646, 33.577618]}, "properties": {"name": "（有）ダイオー建設", "address": "福岡県飯塚市筑穂元吉７１２ー１３", "tel": "0948-72-4599"}}, {"type": "Feature", "geometry": {"type": "Point", "coordinates": [130.800613, 33.661575]}, "properties": {"name": "（株）エイケン", "address": "福岡県田川市大字糒１９７３ー３", "tel": "0947-42-5642"}}, {"type": "Feature", "geometry": {"type": "Point", "coordinates": [130.85643, 33.887917]}, "properties": {"name": "（有）高木工務店", "address": "福岡県北九州市小倉北区緑ヶ丘２ー７ー２０", "tel": "093-561-6529"}}, {"type": "Feature", "geometry": {"type": "Point", "coordinates": [130.439468, 33.129215]}, "properties": {"name": "（株）平田住宅", "address": "福岡県柳川市大和町鷹ノ尾１１７ー３", "tel": "0944-76-2359"}}, {"type": "Feature", "geometry": {"type": "Point", "coordinates": [130.849579, 33.628174]}, "properties": {"name": "永次建設", "address": "福岡県田川郡大任町大字今任原４０９２ー２２", "tel": "0947-41-2026"}}, {"type": "Feature", "geometry": {"type": "Point", "coordinates": [130.4646, 33.550713]}, "properties": {"name": "（株）エスケイ装研", "address": "福岡県福岡市博多区麦野５ー２２ー１６", "tel": "092-501-4845"}}, {"type": "Feature", "geometry": {"type": "Point", "coordinates": [130.716934, 33.859589]}, "properties": {"name": "（有）誠建工業", "address": "福岡県北九州市八幡西区則松２ー２ー６", "tel": "093-691-8776"}}, {"type": "Feature", "geometry": {"type": "Point", "coordinates": [130.81015, 33.60984]}, "properties": {"name": "（有）稲友建設", "address": "福岡県田川郡川崎町大字池尻５ー１", "tel": "0947-49-1377"}}, {"type": "Feature", "geometry": {"type": "Point", "coordinates": [130.44313, 33.003723]}, "properties": {"name": "（株）鍋倉建設", "address": "福岡県大牟田市藤田町２５９", "tel": "0944-57-3020"}}, {"type": "Feature", "geometry": {"type": "Point", "coordinates": [130.875458, 33.630573]}, "properties": {"name": "（有）今川木材", "address": "福岡県田川郡赤村大字内田１１ー２", "tel": "0947-62-2700"}}, {"type": "Feature", "geometry": {"type": "Point", "coordinates": [131.177902, 33.611637]}, "properties": {"name": "（株）田口組", "address": "福岡県築上郡吉富町大字小犬丸４２６ー１", "tel": "0979-22-5714"}}, {"type": "Feature", "geometry": {"type": "Point", "coordinates": [130.634842, 33.333813]}, "properties": {"name": "（有）古賀建設", "address": "福岡県久留米市大橋町常持１０４９ー１", "tel": "0942-47-1709"}}, {"type": "Feature", "geometry": {"type": "Point", "coordinates": [130.207596, 33.593166]}, "properties": {"name": "エヌケイ住宅（株）", "address": "福岡県糸島市志摩馬場８３３ー１", "tel": "092-327-5821"}}, {"type": "Feature", "geometry": {"type": "Point", "coordinates": [130.588364, 33.199547]}, "properties": {"name": "（有）牛嶋住興", "address": "福岡県八女市立花町山崎１０６７ー１", "tel": "0943-22-6611"}}, {"type": "Feature", "geometry": {"type": "Point", "coordinates": [130.644318, 33.216961]}, "properties": {"name": "（株）八田工務店", "address": "福岡県八女市黒木町本分４６６ー２", "tel": "0943-42-2336"}}, {"type": "Feature", "geometry": {"type": "Point", "coordinates": [130.801178, 33.64743]}, "properties": {"name": "（有）藤本建設", "address": "福岡県田川市大字川宮１６５６ー６　ＯＡビル", "tel": "0947-46-0600"}}, {"type": "Feature", "geometry": {"type": "Point", "coordinates": [130.891876, 33.697811]}, "properties": {"name": "（株）コウダイ建設", "address": "福岡県京都郡みやこ町勝山箕田４８８ー１", "tel": "0930-32-4887"}}, {"type": "Feature", "geometry": {"type": "Point", "coordinates": [130.832413, 33.860222]}, "properties": {"name": "（有）石黒産業", "address": "福岡県北九州市八幡東区宮の町１ー４ー１０", "tel": "093-651-6129"}}, {"type": "Feature", "geometry": {"type": "Point", "coordinates": [130.547592, 33.501698]}, "properties": {"name": "（有）コジマ建設", "address": "福岡県筑紫野市阿志岐２４８９ー５７", "tel": "092-925-6067"}}, {"type": "Feature", "geometry": {"type": "Point", "coordinates": [130.725815, 33.822296]}, "properties": {"name": "ヒヤムタ興産（株）", "address": "福岡県中間市鍋山町１ー１", "tel": "093-244-1106"}}, {"type": "Feature", "geometry": {"type": "Point", "coordinates": [130.439972, 33.105354]}, "properties": {"name": "インテリア内藤", "address": "福岡県みやま市高田町江浦１３４１ー３", "tel": "0944-22-3758"}}, {"type": "Feature", "geometry": {"type": "Point", "coordinates": [130.453705, 33.689617]}, "properties": {"name": "（株）ティスプランニング", "address": "福岡県糟屋郡新宮町大字原上１６４８", "tel": "092-963-4702"}}, {"type": "Feature", "geometry": {"type": "Point", "coordinates": [130.406876, 33.228436]}, "properties": {"name": "成生建設（株）", "address": "福岡県大川市大字下林４００ー１", "tel": "0944-87-4465"}}, {"type": "Feature", "geometry": {"type": "Point", "coordinates": [130.366562, 33.59935]}, "properties": {"name": "（株）ヒラオカ", "address": "福岡県福岡市中央区福浜１ー１１ー１３", "tel": "092-741-7790"}}, {"type": "Feature", "geometry": {"type": "Point", "coordinates": [130.504395, 33.622276]}, "properties": {"name": "ゼロップ（株）", "address": "福岡県糟屋郡篠栗町大字乙犬１０５３ー２３", "tel": "092-948-0161"}}, {"type": "Feature", "geometry": {"type": "Point", "coordinates": [130.835678, 33.592484]}, "properties": {"name": "（有）新栄建設", "address": "福岡県田川郡川崎町大字川崎１", "tel": "0947-72-3424"}}, {"type": "Feature", "geometry": {"type": "Point", "coordinates": [131.003616, 33.702827]}, "properties": {"name": "（有）中野技建", "address": "福岡県行橋市大字高瀬７５ー４", "tel": "0930-25-9400"}}, {"type": "Feature", "geometry": {"type": "Point", "coordinates": [130.759842, 33.557091]}, "properties": {"name": "（株）日本伝統建築サンジョウ", "address": "福岡県嘉麻市上山田１６８３ー１９１", "tel": "0948-52-1798"}}, {"type": "Feature", "geometry": {"type": "Point", "coordinates": [130.661819, 33.658298]}, "properties": {"name": "仲工務店", "address": "福岡県飯塚市相田１１７ー１８", "tel": "0948-22-9597"}}, {"type": "Feature", "geometry": {"type": "Point", "coordinates": [130.814178, 33.593044]}, "properties": {"name": "中野工務店（株）", "address": "福岡県田川郡川崎町大字川崎１７５８ー９", "tel": "0947-72-5306"}}, {"type": "Feature", "geometry": {"type": "Point", "coordinates": [130.548492, 33.295071]}, "properties": {"name": "（株）シャルム建築デザイン", "address": "福岡県久留米市高良内町２８０９ー１", "tel": "0942-43-5819"}}, {"type": "Feature", "geometry": {"type": "Point", "coordinates": [130.873871, 33.673191]}, "properties": {"name": "（有）植田文興業", "address": "福岡県田川郡香春町大字鏡山２４７", "tel": "0947-32-6018"}}, {"type": "Feature", "geometry": {"type": "Point", "coordinates": [130.977615, 33.660252]}, "properties": {"name": "山本工務店", "address": "福岡県京都郡みやこ町光冨９１４", "tel": "0930-33-2775"}}, {"type": "Feature", "geometry": {"type": "Point", "coordinates": [130.873169, 33.912346]}, "properties": {"name": "セゾン（株）", "address": "福岡県北九州市小倉北区西港町９４ー６", "tel": "093-583-6655"}}, {"type": "Feature", "geometry": {"type": "Point", "coordinates": [130.678818, 33.707741]}, "properties": {"name": "（株）新輝建設", "address": "福岡県宮若市磯光１４９１ー６", "tel": "0949-33-3976"}}, {"type": "Feature", "geometry": {"type": "Point", "coordinates": [130.855438, 33.562199]}, "properties": {"name": "（有）田中工業", "address": "福岡県田川郡添田町大字添田９５４", "tel": "0947-82-4875"}}, {"type": "Feature", "geometry": {"type": "Point", "coordinates": [130.759018, 33.865334]}, "properties": {"name": "（株）福山組", "address": "福岡県北九州市八幡西区熊西１ー８ー３７", "tel": "093-641-0529"}}, {"type": "Feature", "geometry": {"type": "Point", "coordinates": [130.443024, 33.047939]}, "properties": {"name": "（株）アーバンワークス", "address": "福岡県大牟田市健老町３２８ー１", "tel": "0944-55-5400"}}, {"type": "Feature", "geometry": {"type": "Point", "coordinates": [130.68985, 33.631191]}, "properties": {"name": "（有）荻原建設", "address": "福岡県飯塚市菰田東２ー２ー１２", "tel": "0948-21-4420"}}, {"type": "Feature", "geometry": {"type": "Point", "coordinates": [130.810364, 33.695732]}, "properties": {"name": "大喜建設", "address": "福岡県田川郡福智町伊方１９９８", "tel": "0947-22-2582"}}, {"type": "Feature", "geometry": {"type": "Point", "coordinates": [130.347122, 33.57198]}, "properties": {"name": "吉洋建設（株）", "address": "福岡県福岡市早良区原１ー３０ー１８", "tel": "092-833-8188"}}, {"type": "Feature", "geometry": {"type": "Point", "coordinates": [130.838882, 33.898777]}, "properties": {"name": "（株）井上建設工業", "address": "福岡県北九州市戸畑区中原西１ー６ー８", "tel": "093-881-3306"}}, {"type": "Feature", "geometry": {"type": "Point", "coordinates": [130.668182, 33.863892]}, "properties": {"name": "（有）コアカット", "address": "福岡県遠賀郡遠賀町大字鬼津６５４ー１０", "tel": "093-293-8241"}}, {"type": "Feature", "geometry": {"type": "Point", "coordinates": [130.987961, 33.628052]}, "properties": {"name": "（有）宮崎建設", "address": "福岡県築上郡築上町大字松丸６７０ー１", "tel": "0930-54-0067"}}, {"type": "Feature", "geometry": {"type": "Point", "coordinates": [130.454285, 33.518894]}, "properties": {"name": "トミナガコーポレーション（株）", "address": "福岡県春日市昇町７ー８７", "tel": "092-589-4878"}}, {"type": "Feature", "geometry": {"type": "Point", "coordinates": [130.536758, 33.310474]}, "properties": {"name": "（株）貴重企画", "address": "福岡県久留米市野中町４３０ー３", "tel": "0942-43-1967"}}, {"type": "Feature", "geometry": {"type": "Point", "coordinates": [130.630478, 33.589867]}, "properties": {"name": "茜建設（株）", "address": "福岡県飯塚市大分１５１９", "tel": "0948-72-3358"}}, {"type": "Feature", "geometry": {"type": "Point", "coordinates": [130.435638, 33.017689]}, "properties": {"name": "タシロ建設（有）", "address": "福岡県大牟田市天領町１ー１８８ー８", "tel": "0944-52-4936"}}, {"type": "Feature", "geometry": {"type": "Point", "coordinates": [131.017624, 33.683277]}, "properties": {"name": "（有）コバヤシ", "address": "福岡県行橋市大字道場寺１２９２ー１２４", "tel": "0930-55-2280"}}, {"type": "Feature", "geometry": {"type": "Point", "coordinates": [130.619675, 33.43729]}, "properties": {"name": "西依建設（株）", "address": "福岡県朝倉郡筑前町上高場９８５", "tel": "0946-24-3101"}}, {"type": "Feature", "geometry": {"type": "Point", "coordinates": [130.577423, 33.813705]}, "properties": {"name": "平川工務店（有）", "address": "福岡県宗像市三郎丸４ー８ー７", "tel": "0940-33-6611"}}, {"type": "Feature", "geometry": {"type": "Point", "coordinates": [130.460938, 33.635597]}, "properties": {"name": "パワーハウス（株）", "address": "福岡県福岡市東区八田２ー２１ー２８", "tel": "092-691-8880"}}, {"type": "Feature", "geometry": {"type": "Point", "coordinates": [130.602478, 33.854042]}, "properties": {"name": "（有）岡田設備工業", "address": "福岡県遠賀郡岡垣町大字吉木１１５８ー５", "tel": "093-283-3531"}}, {"type": "Feature", "geometry": {"type": "Point", "coordinates": [130.682022, 33.567032]}, "properties": {"name": "（有）三和建設", "address": "福岡県嘉穂郡桂川町大字土師３２２８", "tel": "0948-65-2380"}}, {"type": "Feature", "geometry": {"type": "Point", "coordinates": [130.462326, 33.062931]}, "properties": {"name": "（有）さくら建設", "address": "福岡県大牟田市大字甘木７９２ー１", "tel": "0944-41-6433"}}, {"type": "Feature", "geometry": {"type": "Point", "coordinates": [130.526413, 33.512833]}, "properties": {"name": "（有）平生建設", "address": "福岡県太宰府市五条２ー１１ー１", "tel": "092-925-3939"}}, {"type": "Feature", "geometry": {"type": "Point", "coordinates": [130.405304, 33.160904]}, "properties": {"name": "（株）岡工務店", "address": "福岡県柳川市本町６８ー９", "tel": "0944-72-4476"}}, {"type": "Feature", "geometry": {"type": "Point", "coordinates": [130.422287, 33.617527]}, "properties": {"name": "（株）秀建", "address": "福岡県福岡市東区箱崎１ー３５ー７", "tel": "092-643-0777"}}, {"type": "Feature", "geometry": {"type": "Point", "coordinates": [130.426376, 33.019962]}, "properties": {"name": "（株）九州ビルシステム", "address": "福岡県大牟田市西港町２ー１５ー７", "tel": "0944-51-2125"}}, {"type": "Feature", "geometry": {"type": "Point", "coordinates": [131.156952, 33.574856]}, "properties": {"name": "西建設", "address": "福岡県築上郡上毛町大字宇野７３０ー１", "tel": "0979-72-2610"}}, {"type": "Feature", "geometry": {"type": "Point", "coordinates": [130.780853, 33.640999]}, "properties": {"name": "（有）植田建設", "address": "福岡県田川市大字弓削田７９３ー１", "tel": "0947-42-6630"}}, {"type": "Feature", "geometry": {"type": "Point", "coordinates": [130.741318, 33.831146]}, "properties": {"name": "小島製畳", "address": "福岡県北九州市八幡西区下上津役１ー５ー４", "tel": "093-611-1981"}}, {"type": "Feature", "geometry": {"type": "Point", "coordinates": [130.764557, 33.859989]}, "properties": {"name": "シラザワ技建工業（株）", "address": "福岡県北九州市八幡西区岸の浦２ー３ー５", "tel": "093-644-1221"}}, {"type": "Feature", "geometry": {"type": "Point", "coordinates": [130.823868, 33.645477]}, "properties": {"name": "浦野工務店（株）", "address": "福岡県田川市大字伊田３６９１ー１", "tel": "0947-44-5317"}}, {"type": "Feature", "geometry": {"type": "Point", "coordinates": [130.309464, 33.583717]}, "properties": {"name": "トータルハウス工業（株）", "address": "福岡県福岡市西区小戸５ー４ー１３", "tel": "092-892-1723"}}, {"type": "Feature", "geometry": {"type": "Point", "coordinates": [130.760818, 33.881474]}, "properties": {"name": "鉄鋼処理産業（株）", "address": "福岡県北九州市若松区南二島３ー５ー１", "tel": "093-791-1740"}}, {"type": "Feature", "geometry": {"type": "Point", "coordinates": [130.831314, 33.598656]}, "properties": {"name": "（有）ハウジングトダカ", "address": "福岡県田川郡川崎町大字川崎３３７ー１", "tel": "0947-72-5959"}}, {"type": "Feature", "geometry": {"type": "Point", "coordinates": [130.378357, 33.561466]}, "properties": {"name": "成和建設（株）", "address": "福岡県福岡市城南区友泉亭２ー１", "tel": "092-714-4496"}}, {"type": "Feature", "geometry": {"type": "Point", "coordinates": [130.855774, 33.860733]}, "properties": {"name": "（有）エコーエン", "address": "福岡県北九州市小倉北区高尾２ー１８ー８", "tel": "093-562-0151"}}, {"type": "Feature", "geometry": {"type": "Point", "coordinates": [130.371353, 33.575211]}, "properties": {"name": "（株）イワシタ", "address": "福岡県福岡市城南区別府１ー２１ー２４", "tel": "092-844-5800"}}, {"type": "Feature", "geometry": {"type": "Point", "coordinates": [130.43811, 33.618046]}, "properties": {"name": "（有）庄司工務店", "address": "福岡県福岡市東区原田１ー２７ー４", "tel": "092-622-7496"}}, {"type": "Feature", "geometry": {"type": "Point", "coordinates": [130.405182, 33.598675]}, "properties": {"name": "（株）竹澤建設", "address": "福岡県福岡市博多区奈良屋町４ー２０", "tel": "092-710-6930"}}, {"type": "Feature", "geometry": {"type": "Point", "coordinates": [130.396713, 33.595097]}, "properties": {"name": "（株）西日本総合リフレッシュ", "address": "福岡県福岡市中央区天神３ー１０ー１　天神源氏ビル６０２", "tel": "092-739-2171"}}, {"type": "Feature", "geometry": {"type": "Point", "coordinates": [130.789124, 33.641685]}, "properties": {"name": "（有）にしき建設", "address": "福岡県田川市大字川宮８１７ー７", "tel": "0947-44-7505"}}, {"type": "Feature", "geometry": {"type": "Point", "coordinates": [130.706619, 33.861179]}, "properties": {"name": "（株）麻生産業", "address": "福岡県北九州市八幡西区日吉台１ー９ー１０", "tel": "093-616-2633"}}, {"type": "Feature", "geometry": {"type": "Point", "coordinates": [130.60965, 33.322315]}, "properties": {"name": "（株）太田工務店", "address": "福岡県久留米市善導寺町飯田３６４ー３", "tel": "0942-47-3087"}}, {"type": "Feature", "geometry": {"type": "Point", "coordinates": [130.50502, 33.014462]}, "properties": {"name": "（有）エイト工業", "address": "福岡県大牟田市大字教楽来２７８ー１", "tel": "0944-55-7633"}}, {"type": "Feature", "geometry": {"type": "Point", "coordinates": [130.847565, 33.893848]}, "properties": {"name": "（株）冨重畳襖製作所", "address": "福岡県北九州市小倉北区中井１ー３６ー５", "tel": "093-561-9063"}}, {"type": "Feature", "geometry": {"type": "Point", "coordinates": [130.690338, 33.610134]}, "properties": {"name": "（有）成建産業", "address": "福岡県飯塚市平恒３０６ー１", "tel": "0948-25-5816"}}, {"type": "Feature", "geometry": {"type": "Point", "coordinates": [130.737717, 33.751991]}, "properties": {"name": "（有）サヤ建設", "address": "福岡県直方市大字頓野３９２０ー２", "tel": "0949-26-6909"}}, {"type": "Feature", "geometry": {"type": "Point", "coordinates": [130.419769, 33.568024]}, "properties": {"name": "フクパ建設（株）", "address": "福岡県福岡市南区清水３ー２２ー２４", "tel": "092-562-4011"}}, {"type": "Feature", "geometry": {"type": "Point", "coordinates": [130.388275, 33.155716]}, "properties": {"name": "（有）伍大建設", "address": "福岡県柳川市矢留本町４０３ー７", "tel": "0944-74-3954"}}, {"type": "Feature", "geometry": {"type": "Point", "coordinates": [130.797623, 33.708256]}, "properties": {"name": "（有）渡辺", "address": "福岡県田川郡福智町弁城１６３８ー２５", "tel": "0947-22-5500"}}, {"type": "Feature", "geometry": {"type": "Point", "coordinates": [130.459213, 33.509995]}, "properties": {"name": "（有）吉弘工務店", "address": "福岡県春日市松ヶ丘３ー１９５ー３", "tel": "092-589-2412"}}, {"type": "Feature", "geometry": {"type": "Point", "coordinates": [130.54541, 33.286629]}, "properties": {"name": "（株）案納工務店", "address": "福岡県久留米市高良内町４３３７ー１０", "tel": "0942-21-7857"}}, {"type": "Feature", "geometry": {"type": "Point", "coordinates": [130.859772, 33.579926]}, "properties": {"name": "（有）押川開発", "address": "福岡県田川郡添田町大字添田２５２６", "tel": "0947-82-3221"}}, {"type": "Feature", "geometry": {"type": "Point", "coordinates": [130.729614, 33.799866]}, "properties": {"name": "（株）友和テクノ", "address": "福岡県北九州市八幡西区香月中央３ー５ー１２", "tel": "093-619-2766"}}, {"type": "Feature", "geometry": {"type": "Point", "coordinates": [130.444138, 33.622299]}, "properties": {"name": "（有）九州ホームリビング", "address": "福岡県福岡市東区原田４丁目２３ー５", "tel": "092-292-5643"}}, {"type": "Feature", "geometry": {"type": "Point", "coordinates": [130.399826, 33.543999]}, "properties": {"name": "（株）大成工務店", "address": "福岡県福岡市南区長住６ー１０ー２", "tel": "092-561-1974"}}, {"type": "Feature", "geometry": {"type": "Point", "coordinates": [130.640671, 33.429714]}, "properties": {"name": "矢野建設工業（株）", "address": "福岡県朝倉郡筑前町依井１７０２ー１", "tel": "0946-22-4677"}}, {"type": "Feature", "geometry": {"type": "Point", "coordinates": [130.824936, 33.360806]}, "properties": {"name": "時川建設（有）", "address": "福岡県朝倉市杷木林田１１３６ー１", "tel": "0946-62-0824"}}, {"type": "Feature", "geometry": {"type": "Point", "coordinates": [130.455765, 33.5872]}, "properties": {"name": "小川畳店", "address": "福岡県福岡市博多区東平尾２ー８ー２２", "tel": "092-629-4710"}}, {"type": "Feature", "geometry": {"type": "Point", "coordinates": [130.851959, 33.822834]}, "properties": {"name": "（有）平田建築", "address": "福岡県北九州市小倉南区長尾３ー４ー１６", "tel": "093-452-1675"}}, {"type": "Feature", "geometry": {"type": "Point", "coordinates": [130.810364, 33.695732]}, "properties": {"name": "（有）泰成工務店", "address": "福岡県田川郡福智町伊方３０２０", "tel": "0947-45-8839"}}, {"type": "Feature", "geometry": {"type": "Point", "coordinates": [130.335571, 33.477943]}, "properties": {"name": "明和技研（有）", "address": "福岡県福岡市早良区大字西字下廣瀬１７７８ー１", "tel": "092-872-8300"}}, {"type": "Feature", "geometry": {"type": "Point", "coordinates": [130.94101, 33.908016]}, "properties": {"name": "山田土建（株）", "address": "福岡県北九州市門司区中二十町６ー２３", "tel": "093-371-2311"}}, {"type": "Feature", "geometry": {"type": "Point", "coordinates": [130.434433, 33.544548]}, "properties": {"name": "イトケンテクノ（株）", "address": "福岡県福岡市南区的場１ー２４ー３", "tel": "092-915-4150"}}, {"type": "Feature", "geometry": {"type": "Point", "coordinates": [130.72435, 33.856163]}, "properties": {"name": "（有）翔鷹技建", "address": "福岡県北九州市八幡西区則松東１ー１０ー１０", "tel": "093-693-9457"}}, {"type": "Feature", "geometry": {"type": "Point", "coordinates": [130.43692, 33.615768]}, "properties": {"name": "（株）三森屋", "address": "福岡県福岡市東区原田１ー４５ー１４", "tel": "092-622-7377"}}, {"type": "Feature", "geometry": {"type": "Point", "coordinates": [130.875458, 33.630573]}, "properties": {"name": "和廣総業", "address": "福岡県田川郡赤村大字内田字小柳山２２２３ー８１", "tel": "0947-62-3345"}}, {"type": "Feature", "geometry": {"type": "Point", "coordinates": [130.32608, 33.587399]}, "properties": {"name": "（株）鈴建ワークス", "address": "福岡県福岡市西区姪の浜４ー１４ー２５ー２０１", "tel": "092-894-3030"}}, {"type": "Feature", "geometry": {"type": "Point", "coordinates": [130.408783, 33.580956]}, "properties": {"name": "（株）ニック", "address": "福岡県福岡市中央区清川２ー１０ー２ー３Ｆ", "tel": "092-526-1822"}}, {"type": "Feature", "geometry": {"type": "Point", "coordinates": [130.992355, 33.754032]}, "properties": {"name": "（株）誠建設", "address": "福岡県京都郡苅田町大字与原７５２ー２", "tel": "0930-22-0814"}}, {"type": "Feature", "geometry": {"type": "Point", "coordinates": [130.661972, 33.767902]}, "properties": {"name": "グローバル総業（有）", "address": "福岡県鞍手郡鞍手町大字八尋１６９５ー２", "tel": "0949-42-3779"}}, {"type": "Feature", "geometry": {"type": "Point", "coordinates": [130.629959, 33.211517]}, "properties": {"name": "（有）サンモリ", "address": "福岡県八女市黒木町湯辺田２６７ー１", "tel": "0943-42-4558"}}, {"type": "Feature", "geometry": {"type": "Point", "coordinates": [130.441315, 33.6716]}, "properties": {"name": "田代工務店", "address": "福岡県福岡市東区香住ヶ丘２ー１０ー１３", "tel": "092-681-1622"}}, {"type": "Feature", "geometry": {"type": "Point", "coordinates": [130.816849, 33.590931]}, "properties": {"name": "（有）松田工業", "address": "福岡県田川郡川崎町大字川崎４４７１ー２", "tel": "0947-72-7190"}}, {"type": "Feature", "geometry": {"type": "Point", "coordinates": [130.77916, 33.652779]}, "properties": {"name": "（有）早麻組", "address": "福岡県田川郡糸田町９４８", "tel": "0947-26-0180"}}, {"type": "Feature", "geometry": {"type": "Point", "coordinates": [130.318008, 33.540077]}, "properties": {"name": "九建エンジニアリング（株）", "address": "福岡県福岡市西区大字飯盛３０４", "tel": "092-811-4281"}}, {"type": "Feature", "geometry": {"type": "Point", "coordinates": [130.65094, 33.734352]}, "properties": {"name": "（株）宮田土木", "address": "福岡県宮若市長井鶴３２４ー４", "tel": "0949-32-4892"}}, {"type": "Feature", "geometry": {"type": "Point", "coordinates": [130.260941, 33.608646]}, "properties": {"name": "中尾正工務店", "address": "福岡県福岡市西区今津１５３０ー１", "tel": "092-806-2716"}}, {"type": "Feature", "geometry": {"type": "Point", "coordinates": [130.378128, 33.160076]}, "properties": {"name": "（有）荒巻建設", "address": "福岡県柳川市吉原２６７", "tel": "0944-72-5137"}}, {"type": "Feature", "geometry": {"type": "Point", "coordinates": [130.895401, 33.853088]}, "properties": {"name": "福嶋建設（株）", "address": "福岡県北九州市小倉北区霧ヶ丘３ー１０ー２１", "tel": "093-923-8066"}}, {"type": "Feature", "geometry": {"type": "Point", "coordinates": [130.467712, 33.169186]}, "properties": {"name": "（株）松田建設", "address": "福岡県柳川市三橋町中山７４５ー１", "tel": "0944-63-5517"}}, {"type": "Feature", "geometry": {"type": "Point", "coordinates": [130.440781, 33.568531]}, "properties": {"name": "（株）エムテック", "address": "福岡県福岡市博多区那珂３ー２３ー１", "tel": "092-434-7030"}}, {"type": "Feature", "geometry": {"type": "Point", "coordinates": [130.497147, 33.240608]}, "properties": {"name": "未来建設（株）", "address": "福岡県筑後市大字西牟田５９０３ー８", "tel": "0942-52-7235"}}, {"type": "Feature", "geometry": {"type": "Point", "coordinates": [130.421234, 33.70295]}, "properties": {"name": "（株）ライフクリエイト", "address": "福岡県福岡市東区三苫５ー３ー５９", "tel": "092-605-0333"}}, {"type": "Feature", "geometry": {"type": "Point", "coordinates": [130.790955, 33.864273]}, "properties": {"name": "（株）スピナ", "address": "福岡県北九州市八幡東区平野２ー１１ー１", "tel": "093-671-2318"}}, {"type": "Feature", "geometry": {"type": "Point", "coordinates": [130.976822, 33.717289]}, "properties": {"name": "（有）オオバ", "address": "福岡県行橋市西泉１ー１ー７", "tel": "0930-25-7085"}}, {"type": "Feature", "geometry": {"type": "Point", "coordinates": [130.387299, 33.5383]}, "properties": {"name": "（有）研和工業", "address": "福岡県福岡市南区桧原７ー５２ー９", "tel": "092-565-2261"}}, {"type": "Feature", "geometry": {"type": "Point", "coordinates": [130.874939, 33.871944]}, "properties": {"name": "ＴＯＴＯ水彩プラザ傳（株）", "address": "福岡県北九州市小倉北区吉野町１１ー２７", "tel": "093-952-5525"}}, {"type": "Feature", "geometry": {"type": "Point", "coordinates": [130.498581, 33.315739]}, "properties": {"name": "（株）ヒサミツセンター", "address": "福岡県久留米市大石町３４ー１", "tel": "0942-37-1345"}}, {"type": "Feature", "geometry": {"type": "Point", "coordinates": [130.42627, 33.612652]}, "properties": {"name": "（有）日通建", "address": "福岡県福岡市東区馬出６ー２０ー６", "tel": "092-612-7770"}}, {"type": "Feature", "geometry": {"type": "Point", "coordinates": [130.898941, 33.71019]}, "properties": {"name": "（有）ミヤタ創建", "address": "福岡県京都郡みやこ町勝山長川２４６ー２", "tel": "0930-32-2423"}}, {"type": "Feature", "geometry": {"type": "Point", "coordinates": [130.358139, 33.585171]}, "properties": {"name": "（有）仁徳建設", "address": "福岡県福岡市早良区西新３ー１０ー１７ー２０１", "tel": "092-822-3873"}}, {"type": "Feature", "geometry": {"type": "Point", "coordinates": [130.449722, 33.620804]}, "properties": {"name": "（株）コウケン工業", "address": "福岡県福岡市東区多の津５ー８ー１２", "tel": "092-621-8712"}}, {"type": "Feature", "geometry": {"type": "Point", "coordinates": [130.93898, 33.897465]}, "properties": {"name": "（有）松根企画", "address": "福岡県北九州市門司区不老町２ー３ー９", "tel": "093-381-0007"}}, {"type": "Feature", "geometry": {"type": "Point", "coordinates": [130.887558, 33.599346]}, "properties": {"name": "大場工務店", "address": "福岡県田川郡赤村大字赤５８１２ー４", "tel": "0947-62-2089"}}, {"type": "Feature", "geometry": {"type": "Point", "coordinates": [130.208664, 33.546761]}, "properties": {"name": "（有）東組", "address": "福岡県糸島市篠原西３ー６ー６", "tel": "092-323-3312"}}, {"type": "Feature", "geometry": {"type": "Point", "coordinates": [130.427017, 33.563889]}, "properties": {"name": "（有）タクミホーム", "address": "福岡県福岡市南区塩原３ー１１ー１０", "tel": "092-555-6660"}}, {"type": "Feature", "geometry": {"type": "Point", "coordinates": [130.657837, 33.759426]}, "properties": {"name": "（有）新谷製作所", "address": "福岡県鞍手郡鞍手町大字八尋４１６ー１２", "tel": "0949-42-3292"}}, {"type": "Feature", "geometry": {"type": "Point", "coordinates": [130.722504, 33.858429]}, "properties": {"name": "（有）風伯", "address": "福岡県北九州市八幡西区則松５ー２３ー３", "tel": "093-602-4000"}}, {"type": "Feature", "geometry": {"type": "Point", "coordinates": [130.764633, 33.675369]}, "properties": {"name": "（株）アルバ工業", "address": "福岡県田川郡福智町神崎１０９８ー２７５", "tel": "0947-22-7171"}}, {"type": "Feature", "geometry": {"type": "Point", "coordinates": [130.541977, 33.80479]}, "properties": {"name": "（株）西建", "address": "福岡県宗像市東郷２ー１ー４３", "tel": "0940-36-8088"}}, {"type": "Feature", "geometry": {"type": "Point", "coordinates": [130.813736, 33.925617]}, "properties": {"name": "（株）西日本テクノス", "address": "福岡県北九州市若松区大字安瀬４７ー１", "tel": "093-752-7200"}}, {"type": "Feature", "geometry": {"type": "Point", "coordinates": [130.3909, 33.488441]}, "properties": {"name": "（有）野田技建", "address": "福岡県那珂川市西畑１４３５ー４１", "tel": "092-953-8600"}}, {"type": "Feature", "geometry": {"type": "Point", "coordinates": [130.77916, 33.652779]}, "properties": {"name": "（有）翔陽建設", "address": "福岡県田川郡糸田町３６９９ー５", "tel": "0947-26-4358"}}, {"type": "Feature", "geometry": {"type": "Point", "coordinates": [131.023239, 33.669556]}, "properties": {"name": "（有）サン・フレッシュ", "address": "福岡県築上郡築上町大字上別府５８６ー７", "tel": "0930-52-0877"}}, {"type": "Feature", "geometry": {"type": "Point", "coordinates": [130.381622, 33.154137]}, "properties": {"name": "（有）共栄建設", "address": "福岡県柳川市南浜武１２０６ー２", "tel": "0944-74-1838"}}, {"type": "Feature", "geometry": {"type": "Point", "coordinates": [130.800476, 33.639866]}, "properties": {"name": "谷口建設", "address": "福岡県田川市大字川宮１５６７ー１０", "tel": "0947-45-9501"}}, {"type": "Feature", "geometry": {"type": "Point", "coordinates": [130.309219, 33.569527]}, "properties": {"name": "（有）ワズ", "address": "福岡県福岡市西区拾六町５ー１６ー１２ー１０２", "tel": "092-872-3122"}}, {"type": "Feature", "geometry": {"type": "Point", "coordinates": [130.457962, 33.261627]}, "properties": {"name": "（有）秋吉板金工業", "address": "福岡県久留米市三潴町高三潴１１５５ー４", "tel": "0942-64-4505"}}, {"type": "Feature", "geometry": {"type": "Point", "coordinates": [130.998978, 33.786098]}, "properties": {"name": "（株）ＭＳＧ", "address": "福岡県京都郡苅田町港町２２ー８", "tel": "093-434-6123"}}, {"type": "Feature", "geometry": {"type": "Point", "coordinates": [130.454895, 33.563911]}, "properties": {"name": "スペース・ワーク（株）", "address": "福岡県福岡市博多区板付５ー１１ー２", "tel": "092-593-7515"}}, {"type": "Feature", "geometry": {"type": "Point", "coordinates": [130.746048, 33.864819]}, "properties": {"name": "（株）エフォート", "address": "福岡県北九州市八幡西区陣原１ー１３ー１", "tel": "093-383-0001"}}, {"type": "Feature", "geometry": {"type": "Point", "coordinates": [130.465805, 33.797173]}, "properties": {"name": "（株）パークレスキュー", "address": "福岡県福津市津屋崎５ー１９ー２１", "tel": "0940-52-4570"}}, {"type": "Feature", "geometry": {"type": "Point", "coordinates": [130.377335, 33.55249]}, "properties": {"name": "（株）村上建総", "address": "福岡県福岡市城南区片江１ー２４ー３１", "tel": "092-834-7415"}}, {"type": "Feature", "geometry": {"type": "Point", "coordinates": [131.006607, 33.640381]}, "properties": {"name": "（有）ダイヤ商会", "address": "福岡県築上郡築上町大字下香楽２１９", "tel": "0930-52-3770"}}, {"type": "Feature", "geometry": {"type": "Point", "coordinates": [130.762772, 33.83976]}, "properties": {"name": "（有）岩崎建装", "address": "福岡県北九州市八幡西区市瀬２ー６ー１７", "tel": "093-631-9523"}}, {"type": "Feature", "geometry": {"type": "Point", "coordinates": [130.642014, 33.19434]}, "properties": {"name": "（株）大徳", "address": "福岡県八女市黒木町土窪１５１５ー１", "tel": "0943-42-9707"}}, {"type": "Feature", "geometry": {"type": "Point", "coordinates": [130.714554, 33.719975]}, "properties": {"name": "（株）英建設", "address": "福岡県鞍手郡小竹町大字御徳１９８８ー１", "tel": "0949-62-4007"}}, {"type": "Feature", "geometry": {"type": "Point", "coordinates": [130.41304, 33.531048]}, "properties": {"name": "黒木内装", "address": "福岡県福岡市南区鶴田４ー４１ー２", "tel": "092-567-6922"}}, {"type": "Feature", "geometry": {"type": "Point", "coordinates": [130.390518, 33.584461]}, "properties": {"name": "（株）マイサ", "address": "福岡県福岡市中央区警固２ー１８ー７", "tel": "092-736-0113"}}, {"type": "Feature", "geometry": {"type": "Point", "coordinates": [130.398132, 33.590588]}, "properties": {"name": "（株）ＭＵＲＡＳＥ", "address": "福岡県福岡市中央区天神２ー９ー２１０ー４Ｆ", "tel": "092-713-6505"}}, {"type": "Feature", "geometry": {"type": "Point", "coordinates": [130.421555, 33.613777]}, "properties": {"name": "（有）柴田黒板製作所", "address": "福岡県福岡市東区馬出５ー３４ー１２", "tel": "092-641-1388"}}, {"type": "Feature", "geometry": {"type": "Point", "coordinates": [130.432953, 33.600857]}, "properties": {"name": "（株）トーヨー化成", "address": "福岡県福岡市博多区吉塚４ー１１ー３４", "tel": "092-626-0857"}}, {"type": "Feature", "geometry": {"type": "Point", "coordinates": [130.458511, 33.053879]}, "properties": {"name": "（有）セイコーボード", "address": "福岡県大牟田市大字草木１４６ー７", "tel": "0944-56-4159"}}, {"type": "Feature", "geometry": {"type": "Point", "coordinates": [130.531784, 33.303864]}, "properties": {"name": "（有）大陽工業", "address": "福岡県久留米市野中町１４３４", "tel": "0942-32-2974"}}, {"type": "Feature", "geometry": {"type": "Point", "coordinates": [130.409592, 33.625351]}, "properties": {"name": "（株）稗田製作所", "address": "福岡県福岡市東区箱崎ふ頭６ー１ー１５", "tel": "092-641-7748"}}, {"type": "Feature", "geometry": {"type": "Point", "coordinates": [130.816025, 33.67416]}, "properties": {"name": "原田工務店", "address": "福岡県田川市夏吉１９３８", "tel": "0947-45-4668"}}, {"type": "Feature", "geometry": {"type": "Point", "coordinates": [130.779846, 33.679604]}, "properties": {"name": "（有）中村技建", "address": "福岡県田川郡福智町金田１０９４ー５", "tel": "0947-48-3200"}}, {"type": "Feature", "geometry": {"type": "Point", "coordinates": [130.870682, 33.846684]}, "properties": {"name": "（有）九州ボード", "address": "福岡県北九州市小倉南区北方３ー６７ー１５", "tel": "093-963-4377"}}, {"type": "Feature", "geometry": {"type": "Point", "coordinates": [130.447495, 33.030659]}, "properties": {"name": "（株）マインディア", "address": "福岡県大牟田市曙町１ー１０", "tel": "0944-51-0249"}}, {"type": "Feature", "geometry": {"type": "Point", "coordinates": [130.421677, 33.570492]}, "properties": {"name": "（株）三共", "address": "福岡県福岡市南区清水３ー８ー１９", "tel": "092-552-0707"}}, {"type": "Feature", "geometry": {"type": "Point", "coordinates": [130.424011, 33.510277]}, "properties": {"name": "（株）幸州", "address": "福岡県那珂川市道善３ー４１", "tel": "092-953-6310"}}, {"type": "Feature", "geometry": {"type": "Point", "coordinates": [130.688232, 33.356705]}, "properties": {"name": "（有）林田建設", "address": "福岡県久留米市田主丸町野田１５９８ー１", "tel": "0943-72-2885"}}, {"type": "Feature", "geometry": {"type": "Point", "coordinates": [130.434921, 33.629391]}, "properties": {"name": "（株）妹尾産業", "address": "福岡県福岡市東区松島４ー４ー３７", "tel": "092-612-3007"}}, {"type": "Feature", "geometry": {"type": "Point", "coordinates": [131.137375, 33.600128]}, "properties": {"name": "（株）釘丸建設", "address": "福岡県豊前市大字堀立２９９ー１", "tel": "0979-82-2700"}}, {"type": "Feature", "geometry": {"type": "Point", "coordinates": [130.432953, 33.600857]}, "properties": {"name": "サンフィット（株）", "address": "福岡県福岡市博多区吉塚４ー１１ー３４", "tel": "092-612-3510"}}, {"type": "Feature", "geometry": {"type": "Point", "coordinates": [130.458405, 33.662167]}, "properties": {"name": "（有）霧島建築事務所", "address": "福岡県福岡市東区大字香椎５００ー４", "tel": "092-672-0581"}}, {"type": "Feature", "geometry": {"type": "Point", "coordinates": [130.972931, 33.929077]}, "properties": {"name": "宮本建設工業（株）", "address": "福岡県北九州市門司区春日町２１ー２５", "tel": "093-341-2020"}}, {"type": "Feature", "geometry": {"type": "Point", "coordinates": [130.865204, 33.838398]}, "properties": {"name": "（株）ヤマト建設", "address": "福岡県北九州市小倉南区徳力新町１ー２６ー１", "tel": "093-964-8033"}}, {"type": "Feature", "geometry": {"type": "Point", "coordinates": [130.718674, 33.807163]}, "properties": {"name": "福山総合建設（株）", "address": "福岡県北九州市八幡西区岩崎１ー４", "tel": "093-618-2030"}}, {"type": "Feature", "geometry": {"type": "Point", "coordinates": [130.79213, 33.330547]}, "properties": {"name": "（株）総建", "address": "福岡県うきは市浮羽町朝田２６８ー１", "tel": "0943-77-2990"}}, {"type": "Feature", "geometry": {"type": "Point", "coordinates": [130.439667, 33.032932]}, "properties": {"name": "江島畳商店", "address": "福岡県大牟田市新地町１ー１５", "tel": "0944-52-7569"}}, {"type": "Feature", "geometry": {"type": "Point", "coordinates": [130.658859, 33.391846]}, "properties": {"name": "（株）ハラダ", "address": "福岡県朝倉市小田２１２９", "tel": "0946-22-2375"}}, {"type": "Feature", "geometry": {"type": "Point", "coordinates": [130.662903, 33.420658]}, "properties": {"name": "（株）エステート工房", "address": "福岡県朝倉市菩提寺５８５ー６", "tel": "0946-26-0808"}}, {"type": "Feature", "geometry": {"type": "Point", "coordinates": [130.629471, 33.373161]}, "properties": {"name": "（有）安達組", "address": "福岡県三井郡大刀洗町大字菅野４１７ー１", "tel": "0942-77-0395"}}, {"type": "Feature", "geometry": {"type": "Point", "coordinates": [130.427063, 33.537552]}, "properties": {"name": "（有）熊丸畳店", "address": "福岡県福岡市南区野多目４ー２ー８", "tel": "092-565-6901"}}, {"type": "Feature", "geometry": {"type": "Point", "coordinates": [130.33194, 33.54681]}, "properties": {"name": "（株）フルハウス", "address": "福岡県福岡市早良区次郎丸５ー１８ー２５", "tel": "092-865-3740"}}, {"type": "Feature", "geometry": {"type": "Point", "coordinates": [130.370819, 33.190437]}, "properties": {"name": "（株）かねぜん建設", "address": "福岡県大川市大字一木４３９ー８", "tel": "0944-87-2804"}}, {"type": "Feature", "geometry": {"type": "Point", "coordinates": [130.747177, 33.812531]}, "properties": {"name": "（有）日動サービス", "address": "福岡県北九州市八幡西区千代１ー７ー１", "tel": "093-614-3977"}}, {"type": "Feature", "geometry": {"type": "Point", "coordinates": [130.413162, 33.520679]}, "properties": {"name": "（有）いりぐち", "address": "福岡県那珂川市片縄西４ー１７ー１", "tel": "092-953-3892"}}, {"type": "Feature", "geometry": {"type": "Point", "coordinates": [130.732178, 33.607422]}, "properties": {"name": "サンコー開発（株）", "address": "福岡県嘉麻市鴨生９４ー２９", "tel": "0948-42-7171"}}, {"type": "Feature", "geometry": {"type": "Point", "coordinates": [131.100967, 33.601124]}, "properties": {"name": "（有）東建設", "address": "福岡県豊前市大字鳥越７６６ー７", "tel": "0979-84-1188"}}, {"type": "Feature", "geometry": {"type": "Point", "coordinates": [130.849579, 33.628174]}, "properties": {"name": "（有）ニチリン", "address": "福岡県田川郡大任町大字今任原１３６４", "tel": "0947-63-2720"}}, {"type": "Feature", "geometry": {"type": "Point", "coordinates": [130.414352, 33.590897]}, "properties": {"name": "（株）ズーム", "address": "福岡県福岡市博多区網場町４ー１１ー７０１", "tel": "092-283-2866"}}, {"type": "Feature", "geometry": {"type": "Point", "coordinates": [130.838501, 33.677807]}, "properties": {"name": "木村工務店", "address": "福岡県田川郡香春町大字香春１７１３", "tel": "0947-32-6032"}}, {"type": "Feature", "geometry": {"type": "Point", "coordinates": [130.428528, 33.52639]}, "properties": {"name": "（株）佐藤建築コンサルタント", "address": "福岡県福岡市南区弥永２ー１６ー２０", "tel": "092-582-0540"}}, {"type": "Feature", "geometry": {"type": "Point", "coordinates": [130.849579, 33.628174]}, "properties": {"name": "（有）永高建設", "address": "福岡県田川郡大任町大字今任原３２０５ー１", "tel": "0947-63-2069"}}, {"type": "Feature", "geometry": {"type": "Point", "coordinates": [130.409195, 33.601582]}, "properties": {"name": "（株）ボッテガ東京", "address": "福岡県福岡市博多区下呉服町９ー１０６ー１ー１０２", "tel": "092-281-1145"}}, {"type": "Feature", "geometry": {"type": "Point", "coordinates": [130.734451, 33.617973]}, "properties": {"name": "（有）池田建設", "address": "福岡県飯塚市赤坂５８６", "tel": "0948-82-0108"}}, {"type": "Feature", "geometry": {"type": "Point", "coordinates": [130.699631, 33.350552]}, "properties": {"name": "（株）ユニ企画", "address": "福岡県久留米市田主丸町常盤７５６ー１", "tel": "0943-72-4334"}}, {"type": "Feature", "geometry": {"type": "Point", "coordinates": [130.99614, 33.643349]}, "properties": {"name": "（株）松田組", "address": "福岡県築上郡築上町大字下深野５０ー１", "tel": "0930-52-2817"}}, {"type": "Feature", "geometry": {"type": "Point", "coordinates": [130.472702, 33.551327]}, "properties": {"name": "（有）白水建工", "address": "福岡県大野城市仲畑４ー１０ー５", "tel": "092-591-8820"}}, {"type": "Feature", "geometry": {"type": "Point", "coordinates": [130.445465, 33.508457]}, "properties": {"name": "（有）インテリアコガ", "address": "福岡県那珂川市観晴が丘１５ー１６", "tel": "092-555-2791"}}, {"type": "Feature", "geometry": {"type": "Point", "coordinates": [130.403717, 33.591602]}, "properties": {"name": "岩崎建設（株）", "address": "福岡県福岡市中央区西中洲１２ー２５", "tel": "092-751-9601"}}, {"type": "Feature", "geometry": {"type": "Point", "coordinates": [130.364014, 33.210873]}, "properties": {"name": "（有）メイクハウス", "address": "福岡県大川市大字向島２６１２ー２", "tel": "0944-88-0605"}}, {"type": "Feature", "geometry": {"type": "Point", "coordinates": [130.479858, 33.538834]}, "properties": {"name": "（有）武富士建設", "address": "福岡県大野城市筒井３ー１６ー７", "tel": "092-400-3227"}}, {"type": "Feature", "geometry": {"type": "Point", "coordinates": [130.460541, 33.565189]}, "properties": {"name": "エコアス（株）", "address": "福岡県福岡市博多区西月隈４ー８ー３２", "tel": "092-504-8390"}}, {"type": "Feature", "geometry": {"type": "Point", "coordinates": [130.812515, 33.903538]}, "properties": {"name": "（有）北九メンテ・テクノ開発", "address": "福岡県北九州市若松区本町１ー６ー３１", "tel": "093-771-3416"}}, {"type": "Feature", "geometry": {"type": "Point", "coordinates": [130.387146, 33.190403]}, "properties": {"name": "（有）村尾", "address": "福岡県大川市大字三丸１２３３", "tel": "0944-86-2523"}}, {"type": "Feature", "geometry": {"type": "Point", "coordinates": [130.266754, 33.584465]}, "properties": {"name": "（有）ＹＫスピリッツ", "address": "福岡県福岡市西区横浜１ー１３ー１", "tel": "092-806-6396"}}, {"type": "Feature", "geometry": {"type": "Point", "coordinates": [130.699463, 33.761219]}, "properties": {"name": "（株）創信", "address": "福岡県直方市大字下新入２６０５", "tel": "0949-24-6150"}}, {"type": "Feature", "geometry": {"type": "Point", "coordinates": [130.845657, 33.893387]}, "properties": {"name": "（有）リペアライト", "address": "福岡県北九州市戸畑区境川２ー１４ー２１", "tel": "093-871-0575"}}, {"type": "Feature", "geometry": {"type": "Point", "coordinates": [130.77916, 33.652779]}, "properties": {"name": "泌泉建設", "address": "福岡県田川郡糸田町１３３５", "tel": "0947-26-0008"}}, {"type": "Feature", "geometry": {"type": "Point", "coordinates": [130.393158, 33.601913]}, "properties": {"name": "宮川建設（株）", "address": "福岡県福岡市中央区那の津３ー１５ー３", "tel": "092-721-4678"}}, {"type": "Feature", "geometry": {"type": "Point", "coordinates": [130.792755, 33.63995]}, "properties": {"name": "（株）タテイシ建設", "address": "福岡県田川市大字川宮８８４ー３", "tel": "0947-46-0343"}}, {"type": "Feature", "geometry": {"type": "Point", "coordinates": [130.848892, 33.65398]}, "properties": {"name": "小川工務店", "address": "福岡県田川郡香春町大字中津原１２６４ー２", "tel": "0947-32-6895"}}, {"type": "Feature", "geometry": {"type": "Point", "coordinates": [130.693146, 33.716175]}, "properties": {"name": "池上組", "address": "福岡県宮若市鶴田２１２５ー１４", "tel": "0949-32-2357"}}, {"type": "Feature", "geometry": {"type": "Point", "coordinates": [130.779846, 33.679604]}, "properties": {"name": "（有）中喜工務店", "address": "福岡県田川郡福智町金田１１２１ー１", "tel": "0947-22-0090"}}, {"type": "Feature", "geometry": {"type": "Point", "coordinates": [130.363602, 33.562832]}, "properties": {"name": "（株）ＯＺ工務店", "address": "福岡県福岡市城南区茶山４ー３ー３６", "tel": "092-836-5800"}}, {"type": "Feature", "geometry": {"type": "Point", "coordinates": [130.608139, 33.321247]}, "properties": {"name": "（有）倉員建設", "address": "福岡県久留米市善導寺町飯田３３８ー４", "tel": "0942-47-1176"}}, {"type": "Feature", "geometry": {"type": "Point", "coordinates": [130.355438, 33.542793]}, "properties": {"name": "（有）西里塗装店", "address": "福岡県福岡市早良区梅林７ー１ー２０", "tel": "092-834-2774"}}, {"type": "Feature", "geometry": {"type": "Point", "coordinates": [130.431381, 33.168728]}, "properties": {"name": "（有）セイコー綜合企画", "address": "福岡県柳川市三橋町正行３３６ー１", "tel": "0944-73-4369"}}, {"type": "Feature", "geometry": {"type": "Point", "coordinates": [130.492172, 33.008568]}, "properties": {"name": "（有）セナホーム", "address": "福岡県大牟田市大字櫟野２９９９ー１", "tel": "0944-56-7251"}}, {"type": "Feature", "geometry": {"type": "Point", "coordinates": [130.850098, 33.898159]}, "properties": {"name": "（株）東洋ビルド", "address": "福岡県北九州市小倉北区中井口１０ー９", "tel": "093-582-1164"}}, {"type": "Feature", "geometry": {"type": "Point", "coordinates": [130.388733, 33.179394]}, "properties": {"name": "（有）金子工務店", "address": "福岡県柳川市西浜武７７ー１", "tel": "0944-72-9352"}}, {"type": "Feature", "geometry": {"type": "Point", "coordinates": [130.717239, 33.747578]}, "properties": {"name": "Ｉ・Ｋ（株）", "address": "福岡県直方市大字山部８１０ー４０", "tel": "0949-24-5252"}}, {"type": "Feature", "geometry": {"type": "Point", "coordinates": [130.887558, 33.599346]}, "properties": {"name": "勇綺建設", "address": "福岡県田川郡赤村大字赤４３３３ー１", "tel": "0947-62-2650"}}, {"type": "Feature", "geometry": {"type": "Point", "coordinates": [130.596069, 33.398319]}, "properties": {"name": "（株）木村特殊工業", "address": "福岡県三井郡大刀洗町大字高樋２３１５ー６８", "tel": "0942-77-4682"}}, {"type": "Feature", "geometry": {"type": "Point", "coordinates": [130.762115, 33.693176]}, "properties": {"name": "（有）栄和建設", "address": "福岡県田川郡福智町赤池５１０ー１０７", "tel": "0947-28-5748"}}, {"type": "Feature", "geometry": {"type": "Point", "coordinates": [130.765656, 33.337749]}, "properties": {"name": "若宮建設", "address": "福岡県うきは市吉井町清瀬５７１ー１", "tel": "0943-75-3836"}}, {"type": "Feature", "geometry": {"type": "Point", "coordinates": [130.720718, 33.856773]}, "properties": {"name": "山田畳店", "address": "福岡県北九州市八幡西区則松４ー１０ー４", "tel": "093-601-1414"}}, {"type": "Feature", "geometry": {"type": "Point", "coordinates": [130.50116, 33.595039]}, "properties": {"name": "（有）町川仮設工業", "address": "福岡県糟屋郡須惠町大字植木４７７ー３８", "tel": "092-932-7587"}}, {"type": "Feature", "geometry": {"type": "Point", "coordinates": [130.873871, 33.673191]}, "properties": {"name": "（株）永田興業", "address": "福岡県田川郡香春町大字鏡山４１０", "tel": "0947-32-8510"}}, {"type": "Feature", "geometry": {"type": "Point", "coordinates": [130.596451, 33.864395]}, "properties": {"name": "（有）みやざき", "address": "福岡県遠賀郡岡垣町大字三吉２３２ー５", "tel": "093-555-1154"}}, {"type": "Feature", "geometry": {"type": "Point", "coordinates": [130.353973, 33.539734]}, "properties": {"name": "クローバー技建（株）", "address": "福岡県福岡市早良区梅林７ー１３ー３５", "tel": "092-874-1832"}}, {"type": "Feature", "geometry": {"type": "Point", "coordinates": [130.536758, 33.310474]}, "properties": {"name": "（有）詩織住建", "address": "福岡県久留米市野中町４３０ー３", "tel": "0942-43-1979"}}, {"type": "Feature", "geometry": {"type": "Point", "coordinates": [130.955536, 33.707745]}, "properties": {"name": "（有）笹原", "address": "福岡県行橋市大字宝山３５３ー１", "tel": "0930-25-3003"}}, {"type": "Feature", "geometry": {"type": "Point", "coordinates": [130.694687, 33.894505]}, "properties": {"name": "（有）御開工務店", "address": "福岡県北九州市若松区高須北１ー１３ー２１", "tel": "093-235-1820"}}, {"type": "Feature", "geometry": {"type": "Point", "coordinates": [130.847153, 33.88945]}, "properties": {"name": "（有）タカオ", "address": "福岡県北九州市小倉北区中井５ー２ー６", "tel": "093-562-0727"}}, {"type": "Feature", "geometry": {"type": "Point", "coordinates": [130.813934, 33.602833]}, "properties": {"name": "（有）ＤＳ．Ｃｏｍｐａｎｙ", "address": "福岡県田川郡川崎町大字田原７２３ー６", "tel": "0947-72-7273"}}, {"type": "Feature", "geometry": {"type": "Point", "coordinates": [130.767929, 33.890896]}, "properties": {"name": "（株）池間組", "address": "福岡県北九州市若松区童子丸１ー１ー４３", "tel": "093-791-1238"}}, {"type": "Feature", "geometry": {"type": "Point", "coordinates": [130.734436, 33.692898]}, "properties": {"name": "（有）拓進", "address": "福岡県飯塚市勢田１１２３ー１", "tel": "0948-92-2985"}}, {"type": "Feature", "geometry": {"type": "Point", "coordinates": [130.833893, 33.880871]}, "properties": {"name": "（有）鈴商", "address": "福岡県北九州市戸畑区福柳木１ー１１ー４１", "tel": "093-883-5919"}}, {"type": "Feature", "geometry": {"type": "Point", "coordinates": [130.3358, 33.513603]}, "properties": {"name": "（有）博健", "address": "福岡県福岡市早良区東入部８ー８ー５３", "tel": "092-803-1390"}}, {"type": "Feature", "geometry": {"type": "Point", "coordinates": [130.831039, 33.60199]}, "properties": {"name": "（株）皆川組", "address": "福岡県田川郡川崎町大字川崎３４０ー１", "tel": "0947-73-3199"}}, {"type": "Feature", "geometry": {"type": "Point", "coordinates": [130.336258, 33.566708]}, "properties": {"name": "（有）タワラ", "address": "福岡県福岡市早良区小田部２ー７ー１８ー２", "tel": "092-707-5307"}}, {"type": "Feature", "geometry": {"type": "Point", "coordinates": [130.827896, 33.598068]}, "properties": {"name": "（有）タオ", "address": "福岡県田川郡川崎町大字川崎２３７ー１", "tel": "0947-49-5280"}}, {"type": "Feature", "geometry": {"type": "Point", "coordinates": [130.820175, 33.874626]}, "properties": {"name": "馬場畳店", "address": "福岡県北九州市八幡東区日の出１ー１９ー２６", "tel": "093-661-0924"}}, {"type": "Feature", "geometry": {"type": "Point", "coordinates": [130.652649, 33.389503]}, "properties": {"name": "（有）西村技建", "address": "福岡県朝倉市中寒水１７０４ー１４", "tel": "0946-24-2212"}}, {"type": "Feature", "geometry": {"type": "Point", "coordinates": [130.452072, 33.06076]}, "properties": {"name": "（有）満江工務店", "address": "福岡県大牟田市大字唐船１５９４ー１", "tel": "0944-41-8115"}}, {"type": "Feature", "geometry": {"type": "Point", "coordinates": [130.490036, 33.314289]}, "properties": {"name": "井樋建設（株）", "address": "福岡県久留米市大石町５０７ー２", "tel": "0942-33-7371"}}, {"type": "Feature", "geometry": {"type": "Point", "coordinates": [130.773239, 33.342888]}, "properties": {"name": "（株）佐々木建設", "address": "福岡県うきは市吉井町宮田３０３ー１", "tel": "0943-76-5184"}}, {"type": "Feature", "geometry": {"type": "Point", "coordinates": [130.893265, 33.878223]}, "properties": {"name": "豊倉畳襖店", "address": "福岡県北九州市小倉北区下富野３ー２ー１３", "tel": "093-531-1415"}}, {"type": "Feature", "geometry": {"type": "Point", "coordinates": [130.677139, 33.364929]}, "properties": {"name": "（株）上成", "address": "福岡県朝倉市中３９ー１", "tel": "0946-21-5550"}}, {"type": "Feature", "geometry": {"type": "Point", "coordinates": [130.414139, 33.539997]}, "properties": {"name": "（株）大和工務所", "address": "福岡県福岡市南区野多目５ー１９ー８ー１", "tel": "092-555-8030"}}, {"type": "Feature", "geometry": {"type": "Point", "coordinates": [130.716934, 33.818878]}, "properties": {"name": "（株）マクシス", "address": "福岡県中間市東中間２ー１６ー１", "tel": "093-245-5315"}}, {"type": "Feature", "geometry": {"type": "Point", "coordinates": [130.211105, 33.549706]}, "properties": {"name": "佐藤建設", "address": "福岡県糸島市篠原西３ー２ー８５", "tel": "092-322-4258"}}, {"type": "Feature", "geometry": {"type": "Point", "coordinates": [130.693207, 33.681095]}, "properties": {"name": "（株）幸信", "address": "福岡県飯塚市目尾５１５ー９２", "tel": "0948-29-6100"}}, {"type": "Feature", "geometry": {"type": "Point", "coordinates": [130.384369, 33.553589]}, "properties": {"name": "リファイン福岡（株）", "address": "福岡県福岡市城南区長尾４ー７ー９", "tel": "092-872-7500"}}, {"type": "Feature", "geometry": {"type": "Point", "coordinates": [130.801559, 33.338039]}, "properties": {"name": "エヌ・ティー・プロジェクト", "address": "福岡県うきは市浮羽町東隈上３６１ー３", "tel": "0943-77-8223"}}, {"type": "Feature", "geometry": {"type": "Point", "coordinates": [130.717926, 33.730724]}, "properties": {"name": "（株）桑村産業", "address": "福岡県直方市大字山部１１７０ー１", "tel": "0949-52-6117"}}, {"type": "Feature", "geometry": {"type": "Point", "coordinates": [130.851181, 33.709404]}, "properties": {"name": "共成建設", "address": "福岡県田川郡香春町大字採銅所３７８１", "tel": "0947-32-7006"}}, {"type": "Feature", "geometry": {"type": "Point", "coordinates": [130.984161, 33.787182]}, "properties": {"name": "三原グループ（株）", "address": "福岡県京都郡苅田町幸町８ー１", "tel": "093-434-0381"}}, {"type": "Feature", "geometry": {"type": "Point", "coordinates": [130.469116, 33.513123]}, "properties": {"name": "水研工業（株）", "address": "福岡県春日市惣利１ー６６", "tel": "092-595-7676"}}, {"type": "Feature", "geometry": {"type": "Point", "coordinates": [130.437988, 33.59351]}, "properties": {"name": "（有）ハーフ", "address": "福岡県福岡市博多区榎田２ー２ー１９ー４", "tel": "092-436-8282"}}, {"type": "Feature", "geometry": {"type": "Point", "coordinates": [130.780426, 33.72007]}, "properties": {"name": "（株）大谷開発", "address": "福岡県田川郡福智町上野１２５ー２", "tel": "0947-28-2520"}}, {"type": "Feature", "geometry": {"type": "Point", "coordinates": [130.756699, 33.841011]}, "properties": {"name": "（株）ＡＴＳ", "address": "福岡県北九州市八幡西区割子川２ー１３ー１１", "tel": "093-645-3450"}}, {"type": "Feature", "geometry": {"type": "Point", "coordinates": [130.51033, 33.2868]}, "properties": {"name": "鐵舟（株）", "address": "福岡県久留米市荒木町白口１１ー１", "tel": "0942-27-4141"}}, {"type": "Feature", "geometry": {"type": "Point", "coordinates": [130.500916, 33.73354]}, "properties": {"name": "桂木美建興業（株）", "address": "福岡県古賀市筵内３０６ー１", "tel": "092-943-1279"}}, {"type": "Feature", "geometry": {"type": "Point", "coordinates": [130.726028, 33.886433]}, "properties": {"name": "（株）アクアライン", "address": "福岡県北九州市八幡西区大字本城２７０９ー１０", "tel": "093-692-3693"}}, {"type": "Feature", "geometry": {"type": "Point", "coordinates": [130.956345, 33.845116]}, "properties": {"name": "（有）大楠興業", "address": "福岡県北九州市小倉南区中吉田４ー２０ー５３", "tel": "093-475-7311"}}, {"type": "Feature", "geometry": {"type": "Point", "coordinates": [130.42598, 33.167255]}, "properties": {"name": "（株）伸宅建設", "address": "福岡県柳川市三橋町蒲船津３７１ー５", "tel": "0944-72-6489"}}, {"type": "Feature", "geometry": {"type": "Point", "coordinates": [130.989883, 33.66354]}, "properties": {"name": "（株）スカイマーク", "address": "福岡県京都郡みやこ町吉岡４６５ー１", "tel": "0930-33-6955"}}, {"type": "Feature", "geometry": {"type": "Point", "coordinates": [130.98262, 33.733994]}, "properties": {"name": "（株）船津工務店", "address": "福岡県行橋市大橋２ー１４ー２６", "tel": "0930-24-5395"}}, {"type": "Feature", "geometry": {"type": "Point", "coordinates": [130.657593, 33.623356]}, "properties": {"name": "（株）建大", "address": "福岡県飯塚市小正８０５ー２", "tel": "0948-23-4025"}}, {"type": "Feature", "geometry": {"type": "Point", "coordinates": [130.657684, 33.620903]}, "properties": {"name": "徳永工務店", "address": "福岡県飯塚市弁分４９１ー６", "tel": "0948-28-1764"}}, {"type": "Feature", "geometry": {"type": "Point", "coordinates": [130.816849, 33.590931]}, "properties": {"name": "（有）村上開発", "address": "福岡県田川郡川崎町大字川崎１８２２ー６", "tel": "0947-44-2633"}}, {"type": "Feature", "geometry": {"type": "Point", "coordinates": [130.698441, 33.570763]}, "properties": {"name": "（株）香翠園", "address": "福岡県嘉穂郡桂川町大字土師８ー３", "tel": "0948-62-3992"}}, {"type": "Feature", "geometry": {"type": "Point", "coordinates": [131.02153, 33.688046]}, "properties": {"name": "切江建築", "address": "福岡県行橋市大字稲童８４６ー６", "tel": "0930-23-1185"}}, {"type": "Feature", "geometry": {"type": "Point", "coordinates": [130.850006, 33.897263]}, "properties": {"name": "（株）リューズ", "address": "福岡県北九州市戸畑区中原東３ー１２ー２０", "tel": "093-882-1030"}}, {"type": "Feature", "geometry": {"type": "Point", "coordinates": [130.410309, 33.154064]}, "properties": {"name": "（株）マツウラ", "address": "福岡県柳川市三橋町江曲１３７ー２", "tel": "0944-73-3964"}}, {"type": "Feature", "geometry": {"type": "Point", "coordinates": [130.693146, 33.716175]}, "properties": {"name": "（株）ナカキ", "address": "福岡県宮若市鶴田２２６５ー６", "tel": "0949-33-2077"}}, {"type": "Feature", "geometry": {"type": "Point", "coordinates": [130.421707, 33.592136]}, "properties": {"name": "ふようテック（株）", "address": "福岡県福岡市博多区博多駅東１ー１ー３３", "tel": "092-451-6555"}}, {"type": "Feature", "geometry": {"type": "Point", "coordinates": [130.725906, 33.802959]}, "properties": {"name": "（株）北九州総建", "address": "福岡県北九州市八幡西区香月西３ー６ー２４", "tel": "093-981-0820"}}, {"type": "Feature", "geometry": {"type": "Point", "coordinates": [130.421997, 33.189091]}, "properties": {"name": "野口塗装店", "address": "福岡県柳川市蒲生９７５ー１", "tel": "0944-74-0384"}}, {"type": "Feature", "geometry": {"type": "Point", "coordinates": [130.779846, 33.679604]}, "properties": {"name": "（株）丸文", "address": "福岡県田川郡福智町金田９２ー１５", "tel": "0947-22-0796"}}, {"type": "Feature", "geometry": {"type": "Point", "coordinates": [130.686096, 33.733971]}, "properties": {"name": "中田建設（有）", "address": "福岡県宮若市龍徳１４７８", "tel": "0949-32-0575"}}, {"type": "Feature", "geometry": {"type": "Point", "coordinates": [130.768341, 33.858604]}, "properties": {"name": "（株）犬童建設", "address": "福岡県北九州市八幡西区東鳴水２ー４ー１０", "tel": "093-621-2105"}}, {"type": "Feature", "geometry": {"type": "Point", "coordinates": [130.391327, 33.2155]}, "properties": {"name": "もりた住機設備（株）", "address": "福岡県大川市大字酒見５１７", "tel": "0944-88-3333"}}, {"type": "Feature", "geometry": {"type": "Point", "coordinates": [130.369949, 33.572983]}, "properties": {"name": "モリタ企画産業（株）", "address": "福岡県福岡市城南区別府２ー１２ー３", "tel": "092-831-3289"}}, {"type": "Feature", "geometry": {"type": "Point", "coordinates": [130.19429, 33.562645]}, "properties": {"name": "（株）へいせい", "address": "福岡県糸島市前原西５ー１ー３１", "tel": "092-324-1111"}}, {"type": "Feature", "geometry": {"type": "Point", "coordinates": [130.427399, 33.576717]}, "properties": {"name": "（株）旭工務店", "address": "福岡県福岡市博多区博多駅南５ー１０ー１３", "tel": "092-431-4131"}}, {"type": "Feature", "geometry": {"type": "Point", "coordinates": [130.475204, 33.012661]}, "properties": {"name": "境畳商会", "address": "福岡県大牟田市大字勝立２３２", "tel": "0944-53-2154"}}, {"type": "Feature", "geometry": {"type": "Point", "coordinates": [130.462799, 33.052822]}, "properties": {"name": "（株）橋本工務店", "address": "福岡県大牟田市草木６７１ー２", "tel": "0944-52-6392"}}, {"type": "Feature", "geometry": {"type": "Point", "coordinates": [130.735229, 33.73645]}, "properties": {"name": "エイシン開発", "address": "福岡県直方市大字下境３１７３", "tel": "0949-28-2358"}}, {"type": "Feature", "geometry": {"type": "Point", "coordinates": [130.818359, 33.868832]}, "properties": {"name": "ソウケン工業（株）", "address": "福岡県北九州市八幡東区山王２ー２ー８", "tel": "093-671-6510"}}, {"type": "Feature", "geometry": {"type": "Point", "coordinates": [130.368469, 33.583057]}, "properties": {"name": "コウケン（株）", "address": "福岡県福岡市中央区鳥飼３ー４ー２１", "tel": "092-724-3421"}}, {"type": "Feature", "geometry": {"type": "Point", "coordinates": [130.404404, 33.602242]}, "properties": {"name": "ランドメンテナンス（株）", "address": "福岡県福岡市博多区大博町２ー７", "tel": "092-282-5741"}}, {"type": "Feature", "geometry": {"type": "Point", "coordinates": [130.206039, 33.560368]}, "properties": {"name": "（株）九州住建", "address": "福岡県糸島市前原東１ー６ー３双栄ビル１階", "tel": "092-332-1231"}}, {"type": "Feature", "geometry": {"type": "Point", "coordinates": [130.714935, 33.856125]}, "properties": {"name": "（株）ベアル", "address": "福岡県北九州市八幡西区則松３ー１４ー３", "tel": "093-603-5535"}}, {"type": "Feature", "geometry": {"type": "Point", "coordinates": [130.497955, 33.296467]}, "properties": {"name": "九州環境建設（株）", "address": "福岡県久留米市津福本町１６４９ー５１", "tel": "0942-39-2361"}}, {"type": "Feature", "geometry": {"type": "Point", "coordinates": [130.291519, 33.57415]}, "properties": {"name": "（有）プラン・ド・エム", "address": "福岡県福岡市西区今宿青木１０５９ー１３", "tel": "092-807-5340"}}, {"type": "Feature", "geometry": {"type": "Point", "coordinates": [130.823654, 33.893482]}, "properties": {"name": "（株）エムシード", "address": "福岡県北九州市戸畑区沖台２ー７ー３２", "tel": "093-230-1261"}}, {"type": "Feature", "geometry": {"type": "Point", "coordinates": [130.664764, 33.627018]}, "properties": {"name": "（株）ログファーム", "address": "福岡県飯塚市小正２３１ー５", "tel": "0948-24-9269"}}, {"type": "Feature", "geometry": {"type": "Point", "coordinates": [130.880081, 33.855118]}, "properties": {"name": "（有）住栄ホーム", "address": "福岡県北九州市小倉南区城野４ー４ー１", "tel": "093-952-2218"}}, {"type": "Feature", "geometry": {"type": "Point", "coordinates": [130.399994, 33.550415]}, "properties": {"name": "（株）稲葉工務店", "address": "福岡県福岡市南区長住２ー５ー２４", "tel": "092-551-2208"}}, {"type": "Feature", "geometry": {"type": "Point", "coordinates": [130.455811, 33.044472]}, "properties": {"name": "エヌプランニング", "address": "福岡県大牟田市下白川町２ー４２１", "tel": "0944-53-3827"}}, {"type": "Feature", "geometry": {"type": "Point", "coordinates": [130.426407, 33.5616]}, "properties": {"name": "（有）小松工業", "address": "福岡県福岡市南区日佐２ー１１ー２", "tel": "092-584-5733"}}, {"type": "Feature", "geometry": {"type": "Point", "coordinates": [130.662109, 33.891521]}, "properties": {"name": "ＳＫペイント（株）", "address": "福岡県遠賀郡芦屋町白浜町２ー２８", "tel": "093-221-3580"}}, {"type": "Feature", "geometry": {"type": "Point", "coordinates": [130.569168, 33.865639]}, "properties": {"name": "（株）ヨシダ", "address": "福岡県遠賀郡岡垣町大字内浦５０９ー７", "tel": "093-283-1064"}}, {"type": "Feature", "geometry": {"type": "Point", "coordinates": [130.775711, 33.865688]}, "properties": {"name": "（有）九州工営", "address": "福岡県北九州市八幡西区紅梅１ー９ー１７", "tel": "093-645-3414"}}, {"type": "Feature", "geometry": {"type": "Point", "coordinates": [130.443909, 33.546928]}, "properties": {"name": "（株）フォレストヴィラホーム", "address": "福岡県福岡市南区横手南町２ー１８", "tel": "092-406-1112"}}, {"type": "Feature", "geometry": {"type": "Point", "coordinates": [130.940552, 33.846649]}, "properties": {"name": "（株）ワールドテクノ九州", "address": "福岡県北九州市小倉南区沼本町１ー４ー６", "tel": "093-383-7961"}}, {"type": "Feature", "geometry": {"type": "Point", "coordinates": [130.193848, 33.515484]}, "properties": {"name": "（株）大松産業", "address": "福岡県糸島市本２１２６", "tel": "092-329-1010"}}, {"type": "Feature", "geometry": {"type": "Point", "coordinates": [130.802231, 33.611897]}, "properties": {"name": "西本住宅建設（株）", "address": "福岡県田川郡川崎町大字池尻１２５ー２", "tel": "0947-73-2319"}}, {"type": "Feature", "geometry": {"type": "Point", "coordinates": [130.345703, 33.553642]}, "properties": {"name": "（株）ワイ・エス・ケイ", "address": "福岡県福岡市早良区干隈５ー１５ー３２", "tel": "092-863-7216"}}, {"type": "Feature", "geometry": {"type": "Point", "coordinates": [130.263611, 33.591682]}, "properties": {"name": "西山建装", "address": "福岡県福岡市西区横浜２ー２１ー１３", "tel": "092-807-3993"}}, {"type": "Feature", "geometry": {"type": "Point", "coordinates": [130.445679, 33.520195]}, "properties": {"name": "（株）池田建創", "address": "福岡県春日市上白水２ー７４", "tel": "092-585-2519"}}, {"type": "Feature", "geometry": {"type": "Point", "coordinates": [130.755188, 33.75811]}, "properties": {"name": "キミコーポレーション（株）", "address": "福岡県直方市大字頓野１１９７ー１", "tel": "0949-52-6533"}}, {"type": "Feature", "geometry": {"type": "Point", "coordinates": [130.448059, 33.031532]}, "properties": {"name": "村谷技術設備（株）", "address": "福岡県大牟田市上町１ー１ー１０", "tel": "0944-51-7464"}}, {"type": "Feature", "geometry": {"type": "Point", "coordinates": [130.873535, 33.858803]}, "properties": {"name": "コーエイ総合開発", "address": "福岡県北九州市小倉北区今町２ー１２ー１１ー１", "tel": "093-981-7562"}}, {"type": "Feature", "geometry": {"type": "Point", "coordinates": [130.812332, 33.656132]}, "properties": {"name": "（株）さくらトータルライフ", "address": "福岡県田川市大字伊田４１９１ー１", "tel": "0947-49-0333"}}, {"type": "Feature", "geometry": {"type": "Point", "coordinates": [130.846222, 33.58329]}, "properties": {"name": "（株）鈴見組", "address": "福岡県田川郡添田町大字添田３３３８ー１", "tel": "0947-82-0478"}}, {"type": "Feature", "geometry": {"type": "Point", "coordinates": [130.381134, 33.535542]}, "properties": {"name": "（株）ＥＳＴ", "address": "福岡県福岡市城南区東油山１ー１２ー７", "tel": "092-873-9377"}}, {"type": "Feature", "geometry": {"type": "Point", "coordinates": [130.217896, 33.532154]}, "properties": {"name": "ホームズ", "address": "福岡県糸島市香力１４６ー３", "tel": "092-321-1940"}}, {"type": "Feature", "geometry": {"type": "Point", "coordinates": [130.546173, 33.294697]}, "properties": {"name": "新谷建設（株）", "address": "福岡県久留米市国分町１７ー１", "tel": "0942-43-8405"}}, {"type": "Feature", "geometry": {"type": "Point", "coordinates": [130.802856, 33.598621]}, "properties": {"name": "（株）タキモト", "address": "福岡県田川郡川崎町大字川崎４４６６ー１", "tel": "0947-73-3416"}}, {"type": "Feature", "geometry": {"type": "Point", "coordinates": [130.40773, 33.556438]}, "properties": {"name": "（株）ヒロケンｃｏｒｐ．", "address": "福岡県福岡市南区大池１ー２３ー３７", "tel": "092-557-3011"}}, {"type": "Feature", "geometry": {"type": "Point", "coordinates": [130.733536, 33.835693]}, "properties": {"name": "シーユーシー（株）", "address": "福岡県北九州市八幡西区三ヶ森２ー４ー３０ー１０１", "tel": "093-482-5828"}}, {"type": "Feature", "geometry": {"type": "Point", "coordinates": [130.484116, 33.772633]}, "properties": {"name": "阿部建設（株）", "address": "福岡県福津市宮司１ー６ー２２", "tel": "0940-52-0478"}}, {"type": "Feature", "geometry": {"type": "Point", "coordinates": [130.97171, 33.673023]}, "properties": {"name": "古森総合建設", "address": "福岡県京都郡みやこ町豊津８ー４", "tel": "0930-33-2689"}}, {"type": "Feature", "geometry": {"type": "Point", "coordinates": [130.674332, 33.667686]}, "properties": {"name": "金崎建設", "address": "福岡県飯塚市中１３２９", "tel": "0948-22-9897"}}, {"type": "Feature", "geometry": {"type": "Point", "coordinates": [130.486252, 33.550697]}, "properties": {"name": "（株）創拓", "address": "福岡県大野城市中２ー１３ー３５", "tel": "092-587-0688"}}, {"type": "Feature", "geometry": {"type": "Point", "coordinates": [130.992355, 33.754032]}, "properties": {"name": "（株）ダイケン", "address": "福岡県京都郡苅田町大字与原１９９５ー１", "tel": "0930-55-0733"}}, {"type": "Feature", "geometry": {"type": "Point", "coordinates": [130.900375, 33.873039]}, "properties": {"name": "松下ビルケア（株）", "address": "福岡県北九州市小倉北区山門町５ー２２", "tel": "093-551-0552"}}, {"type": "Feature", "geometry": {"type": "Point", "coordinates": [130.670303, 33.898972]}, "properties": {"name": "（有）赤星建設", "address": "福岡県遠賀郡芦屋町山鹿３１ー５", "tel": "093-223-1023"}}, {"type": "Feature", "geometry": {"type": "Point", "coordinates": [130.871826, 33.892452]}, "properties": {"name": "（株）福成", "address": "福岡県北九州市小倉北区東港２ー１ー８", "tel": "093-953-9185"}}, {"type": "Feature", "geometry": {"type": "Point", "coordinates": [130.410339, 33.579956]}, "properties": {"name": "（株）フクデン", "address": "福岡県福岡市中央区清川２ー１２ー４", "tel": "092-522-6650"}}, {"type": "Feature", "geometry": {"type": "Point", "coordinates": [130.884857, 33.880871]}, "properties": {"name": "（株）ミクニ", "address": "福岡県北九州市小倉北区紺屋町１２ー４", "tel": "093-521-0392"}}, {"type": "Feature", "geometry": {"type": "Point", "coordinates": [130.453354, 33.557304]}, "properties": {"name": "（株）チュウマン建企社", "address": "福岡県福岡市博多区板付７ー５ー２ー３０１", "tel": "092-593-1188"}}, {"type": "Feature", "geometry": {"type": "Point", "coordinates": [130.859421, 33.872559]}, "properties": {"name": "（株）ＳＡＮＥＩ", "address": "福岡県北九州市小倉北区清水４ー１ー２６ー２１１", "tel": "093-383-3474"}}, {"type": "Feature", "geometry": {"type": "Point", "coordinates": [130.772339, 33.62883]}, "properties": {"name": "（株）福田塗装", "address": "福岡県田川市弓削田２３５１ー１", "tel": "0947-45-5941"}}, {"type": "Feature", "geometry": {"type": "Point", "coordinates": [130.831696, 33.621658]}, "properties": {"name": "（株）みずおか", "address": "福岡県田川市大字伊加利２１９３ー２８", "tel": "0947-45-1413"}}, {"type": "Feature", "geometry": {"type": "Point", "coordinates": [130.442703, 33.575275]}, "properties": {"name": "（株）九州ホームリファイン", "address": "福岡県福岡市博多区東那珂３ー２ー２０", "tel": "092-401-3771"}}, {"type": "Feature", "geometry": {"type": "Point", "coordinates": [130.527527, 33.286194]}, "properties": {"name": "近藤畳店", "address": "福岡県久留米市上津２ー３ー１", "tel": "0942-21-5698"}}, {"type": "Feature", "geometry": {"type": "Point", "coordinates": [130.937271, 33.906895]}, "properties": {"name": "（株）キムテック", "address": "福岡県北九州市門司区大里戸ノ上１ー５ー３２", "tel": "093-381-2322"}}, {"type": "Feature", "geometry": {"type": "Point", "coordinates": [130.97908, 33.679371]}, "properties": {"name": "奥村建設", "address": "福岡県京都郡みやこ町国分５１６ー２", "tel": "0930-33-6436"}}, {"type": "Feature", "geometry": {"type": "Point", "coordinates": [130.37384, 33.544353]}, "properties": {"name": "（株）吉田工務店", "address": "福岡県福岡市城南区南片江２ー８ー２１", "tel": "092-862-0859"}}, {"type": "Feature", "geometry": {"type": "Point", "coordinates": [130.429276, 33.008427]}, "properties": {"name": "（株）インハウス", "address": "福岡県大牟田市三里町１ー１４ー１０", "tel": "0944-55-5739"}}, {"type": "Feature", "geometry": {"type": "Point", "coordinates": [130.469406, 33.505287]}, "properties": {"name": "（株）トクダコーポレーション", "address": "福岡県大野城市若草３ー１４ー１５", "tel": "092-595-2334"}}, {"type": "Feature", "geometry": {"type": "Point", "coordinates": [130.404968, 33.59861]}, "properties": {"name": "（資）内田製畳所", "address": "福岡県福岡市博多区奈良屋町１０ー３", "tel": "092-281-2571"}}, {"type": "Feature", "geometry": {"type": "Point", "coordinates": [130.501266, 33.615173]}, "properties": {"name": "（株）和孝", "address": "福岡県糟屋郡篠栗町乙犬７１１ー１６", "tel": "092-410-6507"}}, {"type": "Feature", "geometry": {"type": "Point", "coordinates": [130.502686, 33.138287]}, "properties": {"name": "（株）林組", "address": "福岡県みやま市山川町清水１５２３ー３", "tel": "0944-67-0464"}}, {"type": "Feature", "geometry": {"type": "Point", "coordinates": [130.397247, 33.592186]}, "properties": {"name": "（株）ＳＵＭＰＬＵＳ", "address": "福岡県福岡市中央区天神３ー３ー６", "tel": "092-736-6755"}}, {"type": "Feature", "geometry": {"type": "Point", "coordinates": [130.432953, 33.600857]}, "properties": {"name": "（株）トーヨーテック", "address": "福岡県福岡市博多区吉塚４ー１１ー３４", "tel": "092-626-0856"}}, {"type": "Feature", "geometry": {"type": "Point", "coordinates": [130.485825, 33.283627]}, "properties": {"name": "（株）創美", "address": "福岡県久留米市大善寺町宮本４９ー２", "tel": "0942-27-1677"}}, {"type": "Feature", "geometry": {"type": "Point", "coordinates": [130.391342, 33.590263]}, "properties": {"name": "新栄総合管理（株）", "address": "福岡県福岡市中央区大名２ー１１ー２５", "tel": "092-762-5222"}}, {"type": "Feature", "geometry": {"type": "Point", "coordinates": [130.340286, 33.525928]}, "properties": {"name": "ピープルホーム樋口組", "address": "福岡県福岡市早良区東入部１ー１３ー４３", "tel": "092-803-0660"}}, {"type": "Feature", "geometry": {"type": "Point", "coordinates": [130.492996, 33.536915]}, "properties": {"name": "旭匠（株）", "address": "福岡県大野城市大城３ー１１ー１６", "tel": "092-404-0919"}}, {"type": "Feature", "geometry": {"type": "Point", "coordinates": [130.946106, 33.698368]}, "properties": {"name": "ヤマモト", "address": "福岡県行橋市大字下稗田１０５ー１", "tel": "0930-25-2871"}}, {"type": "Feature", "geometry": {"type": "Point", "coordinates": [130.875458, 33.630573]}, "properties": {"name": "タカ企画", "address": "福岡県田川郡赤村大字内田１２９３ー２", "tel": "0947-62-3667"}}, {"type": "Feature", "geometry": {"type": "Point", "coordinates": [130.339951, 33.566196]}, "properties": {"name": "（株）トップシステム", "address": "福岡県福岡市早良区原５ー８ー１７", "tel": "092-851-2183"}}, {"type": "Feature", "geometry": {"type": "Point", "coordinates": [130.472076, 33.73922]}, "properties": {"name": "未来建設", "address": "福岡県古賀市駅東５ー９ー８", "tel": "092-943-2306"}}, {"type": "Feature", "geometry": {"type": "Point", "coordinates": [130.440521, 33.550694]}, "properties": {"name": "（有）あさとも", "address": "福岡県福岡市南区井尻５ー２０ー９", "tel": "092-558-6610"}}, {"type": "Feature", "geometry": {"type": "Point", "coordinates": [130.394577, 33.527554]}, "properties": {"name": "（株）晃建", "address": "福岡県福岡市南区柏原４ー１０ー１", "tel": "092-566-2841"}}, {"type": "Feature", "geometry": {"type": "Point", "coordinates": [130.43335, 33.617306]}, "properties": {"name": "板谷建設", "address": "福岡県福岡市東区原田１ー８ー３８", "tel": "092-292-5173"}}, {"type": "Feature", "geometry": {"type": "Point", "coordinates": [130.684601, 33.784515]}, "properties": {"name": "（株）第一建設工業", "address": "福岡県鞍手郡鞍手町大字中山２４４６ー２４", "tel": "0949-42-6381"}}, {"type": "Feature", "geometry": {"type": "Point", "coordinates": [130.737701, 33.747585]}, "properties": {"name": "副島塗装工業（株）", "address": "福岡県直方市大字頓野１０３０ー５", "tel": "0949-29-0525"}}, {"type": "Feature", "geometry": {"type": "Point", "coordinates": [130.464401, 33.539082]}, "properties": {"name": "（株）才田組", "address": "福岡県福岡市博多区光丘町１ー２ー３０", "tel": "092-571-1697"}}, {"type": "Feature", "geometry": {"type": "Point", "coordinates": [130.334564, 33.564953]}, "properties": {"name": "共進建工（株）", "address": "福岡県福岡市早良区有田１ー３０ー１７", "tel": "092-821-7491"}}, {"type": "Feature", "geometry": {"type": "Point", "coordinates": [130.923325, 33.84515]}, "properties": {"name": "（株）さくら建築工房", "address": "福岡県北九州市小倉南区葛原高松１ー１ー８", "tel": "093-475-1755"}}, {"type": "Feature", "geometry": {"type": "Point", "coordinates": [130.854401, 33.598255]}, "properties": {"name": "（株）地建ハウジング", "address": "福岡県田川郡大任町大字大行事１８３１ー１１", "tel": "0947-63-4168"}}, {"type": "Feature", "geometry": {"type": "Point", "coordinates": [130.437653, 33.533443]}, "properties": {"name": "フェイス技建（株）", "address": "福岡県福岡市南区柳瀬１ー３１ー４", "tel": "092-586-5311"}}, {"type": "Feature", "geometry": {"type": "Point", "coordinates": [130.679672, 33.616276]}, "properties": {"name": "伊藤建設", "address": "福岡県飯塚市楽市１６０ー４", "tel": "0948-29-8331"}}, {"type": "Feature", "geometry": {"type": "Point", "coordinates": [130.70929, 33.574978]}, "properties": {"name": "（株）タナカ技建", "address": "福岡県嘉麻市下臼井１２７０ー７０", "tel": "0948-62-2050"}}, {"type": "Feature", "geometry": {"type": "Point", "coordinates": [130.74649, 33.830082]}, "properties": {"name": "梶原建設", "address": "福岡県北九州市八幡西区沖田１ー１７ー１９", "tel": "093-611-0384"}}, {"type": "Feature", "geometry": {"type": "Point", "coordinates": [130.676376, 33.591221]}, "properties": {"name": "石原技建（株）", "address": "福岡県嘉穂郡桂川町大字土居１８９ー２", "tel": "0948-65-5207"}}, {"type": "Feature", "geometry": {"type": "Point", "coordinates": [130.988129, 33.668987]}, "properties": {"name": "（株）クレアール", "address": "福岡県京都郡みやこ町綾野５９４ー１３", "tel": "0930-33-5036"}}, {"type": "Feature", "geometry": {"type": "Point", "coordinates": [130.726334, 33.644547]}, "properties": {"name": "（株）高津建設", "address": "福岡県飯塚市有安４５９ー７", "tel": "0948-20-4116"}}, {"type": "Feature", "geometry": {"type": "Point", "coordinates": [130.716553, 33.81778]}, "properties": {"name": "野村建設工業（株）", "address": "福岡県中間市東中間１ー７ー１３", "tel": "093-982-4250"}}, {"type": "Feature", "geometry": {"type": "Point", "coordinates": [130.443085, 33.481926]}, "properties": {"name": "（株）秀栄", "address": "福岡県那珂川市大字上梶原字江ノ木谷１０２２ー１", "tel": "092-954-2051"}}, {"type": "Feature", "geometry": {"type": "Point", "coordinates": [130.764633, 33.675369]}, "properties": {"name": "荒木工務店", "address": "福岡県田川郡福智町神崎１６１４ー１", "tel": "0947-22-6230"}}, {"type": "Feature", "geometry": {"type": "Point", "coordinates": [130.762115, 33.693176]}, "properties": {"name": "高橋工務店", "address": "福岡県田川郡福智町赤池１０１７ー１１７", "tel": "0947-28-2754"}}, {"type": "Feature", "geometry": {"type": "Point", "coordinates": [130.75293, 33.82156]}, "properties": {"name": "（株）松尾組", "address": "福岡県北九州市八幡西区町上津役東２ー２ー２５", "tel": "093-611-0161"}}, {"type": "Feature", "geometry": {"type": "Point", "coordinates": [130.699036, 33.880836]}, "properties": {"name": "（株）岡部工務店", "address": "福岡県北九州市八幡西区浅川日の峯２ー１ー１２", "tel": "093-601-3347"}}, {"type": "Feature", "geometry": {"type": "Point", "coordinates": [130.8862, 33.87851]}, "properties": {"name": "（株）バトス", "address": "福岡県北九州市小倉北区中津口１ー１０ー４５ー３０１", "tel": "093-541-1552"}}, {"type": "Feature", "geometry": {"type": "Point", "coordinates": [130.82222, 33.639542]}, "properties": {"name": "（株）Ｊ．Ｂ", "address": "福岡県田川市白鳥町２１０４ー１６", "tel": "0947-44-4826"}}, {"type": "Feature", "geometry": {"type": "Point", "coordinates": [130.408218, 33.601048]}, "properties": {"name": "石村工務店（株）", "address": "福岡県福岡市博多区下呉服町５ー２１", "tel": "092-291-0063"}}, {"type": "Feature", "geometry": {"type": "Point", "coordinates": [130.77916, 33.652779]}, "properties": {"name": "（株）安方工務店", "address": "福岡県田川郡糸田町１２８８ー１", "tel": "0947-26-2429"}}, {"type": "Feature", "geometry": {"type": "Point", "coordinates": [130.279358, 33.558098]}, "properties": {"name": "（株）松栄", "address": "福岡県福岡市西区今宿上ノ原２６６ー１", "tel": "092-805-5222"}}, {"type": "Feature", "geometry": {"type": "Point", "coordinates": [130.397064, 33.594582]}, "properties": {"name": "（株）羽野組", "address": "福岡県福岡市中央区天神３ー１１ー２２", "tel": "092-725-1343"}}, {"type": "Feature", "geometry": {"type": "Point", "coordinates": [130.780334, 33.878765]}, "properties": {"name": "（株）明建", "address": "福岡県北九州市八幡西区築地町２０ー２５", "tel": "093-642-6266"}}, {"type": "Feature", "geometry": {"type": "Point", "coordinates": [130.572083, 33.318729]}, "properties": {"name": "（株）建楽", "address": "福岡県久留米市山川安居野３ー３ー３", "tel": "0942-48-7878"}}, {"type": "Feature", "geometry": {"type": "Point", "coordinates": [130.702957, 33.366661]}, "properties": {"name": "森部建設（株）", "address": "福岡県朝倉市長渕６１８", "tel": "0946-52-2141"}}, {"type": "Feature", "geometry": {"type": "Point", "coordinates": [130.550858, 33.308273]}, "properties": {"name": "（株）光栄建設", "address": "福岡県久留米市御井町１７３６ー１", "tel": "0942-27-6202"}}, {"type": "Feature", "geometry": {"type": "Point", "coordinates": [130.484695, 33.51902]}, "properties": {"name": "（株）エム・アール・イー", "address": "福岡県大野城市上大利３ー２ー３３ー１０１", "tel": "092-586-5216"}}, {"type": "Feature", "geometry": {"type": "Point", "coordinates": [130.39798, 33.52544]}, "properties": {"name": "（株）ニシムラ", "address": "福岡県福岡市南区柏原４ー２７ー５", "tel": "092-212-4010"}}, {"type": "Feature", "geometry": {"type": "Point", "coordinates": [130.448624, 33.159771]}, "properties": {"name": "（株）大橋建設", "address": "福岡県柳川市三橋町白鳥４７０ー１", "tel": "0944-74-4137"}}, {"type": "Feature", "geometry": {"type": "Point", "coordinates": [130.854233, 33.543278]}, "properties": {"name": "佐々木工務店", "address": "福岡県田川郡添田町大字中元寺８９６ー１", "tel": "0947-82-0011"}}, {"type": "Feature", "geometry": {"type": "Point", "coordinates": [130.689713, 33.653721]}, "properties": {"name": "（株）コウエイ技建", "address": "福岡県飯塚市川島６０７ー１", "tel": "0948-24-7008"}}, {"type": "Feature", "geometry": {"type": "Point", "coordinates": [130.561249, 33.296097]}, "properties": {"name": "（株）安建", "address": "福岡県久留米市高良内町４１０ー２", "tel": "0942-43-7121"}}, {"type": "Feature", "geometry": {"type": "Point", "coordinates": [130.450516, 33.697395]}, "properties": {"name": "（株）エコプラネット", "address": "福岡県糟屋郡新宮町三代西２ー７ー７", "tel": "092-963-1999"}}, {"type": "Feature", "geometry": {"type": "Point", "coordinates": [130.364227, 33.195206]}, "properties": {"name": "山口畳店", "address": "福岡県大川市大字一木５２８", "tel": "0944-86-3488"}}, {"type": "Feature", "geometry": {"type": "Point", "coordinates": [130.313797, 33.54929]}, "properties": {"name": "（株）エス・エス", "address": "福岡県福岡市西区戸切３ー３８ー２７", "tel": "092-406-1306"}}, {"type": "Feature", "geometry": {"type": "Point", "coordinates": [130.428528, 33.52639]}, "properties": {"name": "ＳＡＣ（株）", "address": "福岡県福岡市南区弥永２ー１６ー２０", "tel": "092-582-0541"}}, {"type": "Feature", "geometry": {"type": "Point", "coordinates": [130.436813, 33.593563]}, "properties": {"name": "イワタニ九州（株）", "address": "福岡県福岡市博多区榎田２ー２ー３", "tel": "092-483-5850"}}, {"type": "Feature", "geometry": {"type": "Point", "coordinates": [130.471924, 33.796028]}, "properties": {"name": "（株）フジコオ", "address": "福岡県福津市津屋崎８ー１３ー１５", "tel": "0940-52-3128"}}, {"type": "Feature", "geometry": {"type": "Point", "coordinates": [130.449417, 33.62645]}, "properties": {"name": "（株）和泉工業", "address": "福岡県福岡市東区多の津１ー１０ー１", "tel": "092-402-7285"}}, {"type": "Feature", "geometry": {"type": "Point", "coordinates": [130.797623, 33.708256]}, "properties": {"name": "（有）稲冨プロパン", "address": "福岡県田川郡福智町弁城１２７６", "tel": "0947-22-6084"}}, {"type": "Feature", "geometry": {"type": "Point", "coordinates": [130.411118, 33.60741]}, "properties": {"name": "（株）東福岡", "address": "福岡県福岡市博多区千代５ー１１ー４０", "tel": "092-643-5383"}}, {"type": "Feature", "geometry": {"type": "Point", "coordinates": [130.39772, 33.56963]}, "properties": {"name": "（株）松隈住建", "address": "福岡県福岡市中央区平尾５ー１８ー１２", "tel": "092-531-1919"}}, {"type": "Feature", "geometry": {"type": "Point", "coordinates": [130.211975, 33.562]}, "properties": {"name": "（株）雅住建", "address": "福岡県糸島市浦志１ー７ー１ー１Ｆ", "tel": "092-834-2161"}}, {"type": "Feature", "geometry": {"type": "Point", "coordinates": [130.457031, 33.649952]}, "properties": {"name": "（株）ネオテック", "address": "福岡県福岡市東区香椎台１ー２０ー１３", "tel": "092-662-5633"}}, {"type": "Feature", "geometry": {"type": "Point", "coordinates": [130.890305, 33.85643]}, "properties": {"name": "パナソニックホームズ北九州（株）", "address": "福岡県北九州市小倉北区重住３ー１０ー１２", "tel": "093-921-7100"}}, {"type": "Feature", "geometry": {"type": "Point", "coordinates": [130.728867, 33.898666]}, "properties": {"name": "（株）畑中工務店", "address": "福岡県北九州市若松区大字払川２９ー５", "tel": "093-791-1395"}}, {"type": "Feature", "geometry": {"type": "Point", "coordinates": [130.311539, 33.557892]}, "properties": {"name": "（株）アスワンテック", "address": "福岡県福岡市西区野方１ー１５ー８", "tel": "092-812-5174"}}, {"type": "Feature", "geometry": {"type": "Point", "coordinates": [130.698059, 33.676968]}, "properties": {"name": "（株）ワールド美創", "address": "福岡県飯塚市目尾８５２ー２", "tel": "0948-52-6182"}}, {"type": "Feature", "geometry": {"type": "Point", "coordinates": [130.407349, 33.601944]}, "properties": {"name": "内装リフォームやまだ", "address": "福岡県福岡市博多区下呉服町８ー９", "tel": "092-283-6535"}}, {"type": "Feature", "geometry": {"type": "Point", "coordinates": [130.388077, 33.59005]}, "properties": {"name": "（株）久野工業", "address": "福岡県福岡市中央区舞鶴３ー２ー５ー５０７", "tel": "092-737-7780"}}, {"type": "Feature", "geometry": {"type": "Point", "coordinates": [130.534058, 33.476807]}, "properties": {"name": "（株）西日本建設", "address": "福岡県筑紫野市大字俗明院４３", "tel": "092-923-8733"}}, {"type": "Feature", "geometry": {"type": "Point", "coordinates": [130.402557, 33.598595]}, "properties": {"name": "（株）ＨＹ設備", "address": "福岡県福岡市博多区古門戸町８ー１５古門戸ビル", "tel": "092-791-5086"}}, {"type": "Feature", "geometry": {"type": "Point", "coordinates": [130.429306, 33.611477]}, "properties": {"name": "福岡中小建設業（同）", "address": "福岡県福岡市東区社領１ー２ー９", "tel": "092-621-7035"}}, {"type": "Feature", "geometry": {"type": "Point", "coordinates": [130.336624, 33.548557]}, "properties": {"name": "平山建設（株）", "address": "福岡県福岡市早良区次郎丸６ー８ー１７", "tel": "092-861-1537"}}, {"type": "Feature", "geometry": {"type": "Point", "coordinates": [130.780426, 33.72007]}, "properties": {"name": "福智緑化建設（株）", "address": "福岡県田川郡福智町上野１５１０", "tel": "0947-28-5880"}}, {"type": "Feature", "geometry": {"type": "Point", "coordinates": [130.534851, 33.482773]}, "properties": {"name": "（有）マルサン建設", "address": "福岡県筑紫野市俗明院２ー５ー８", "tel": "092-921-0198"}}, {"type": "Feature", "geometry": {"type": "Point", "coordinates": [130.727432, 33.741974]}, "properties": {"name": "（株）クリエイティブ", "address": "福岡県直方市新町１ー１ー７", "tel": "0949-23-1020"}}, {"type": "Feature", "geometry": {"type": "Point", "coordinates": [130.596268, 33.442982]}, "properties": {"name": "アサクラ工務店（株）", "address": "福岡県朝倉郡筑前町安野１０３ー５", "tel": "0946-42-5041"}}, {"type": "Feature", "geometry": {"type": "Point", "coordinates": [130.648605, 33.406559]}, "properties": {"name": "柴田商事", "address": "福岡県朝倉市馬田３３３", "tel": "0946-24-2066"}}, {"type": "Feature", "geometry": {"type": "Point", "coordinates": [130.527161, 33.300842]}, "properties": {"name": "（株）Ｈｏｍｅ　Ｅｓｔａｔｅ　Ａｏｉ", "address": "福岡県久留米市諏訪野町１６３４ー９", "tel": "0942-27-9435"}}, {"type": "Feature", "geometry": {"type": "Point", "coordinates": [130.34494, 33.568832]}, "properties": {"name": "（株）アーヴェルクリエイト", "address": "福岡県福岡市早良区原３ー１８ー４０", "tel": "092-400-1527"}}, {"type": "Feature", "geometry": {"type": "Point", "coordinates": [130.737793, 33.83709]}, "properties": {"name": "帆足表具店", "address": "福岡県北九州市八幡西区永犬丸東町３ー２０ー２", "tel": "093-611-3636"}}, {"type": "Feature", "geometry": {"type": "Point", "coordinates": [130.30481, 33.570278]}, "properties": {"name": "（株）栄和住建", "address": "福岡県福岡市西区拾六町５ー６ー１", "tel": "092-892-7530"}}, {"type": "Feature", "geometry": {"type": "Point", "coordinates": [130.335159, 33.555435]}, "properties": {"name": "（株）結樹工業", "address": "福岡県福岡市早良区有田５丁目１７番１０号", "tel": "092-801-8313"}}, {"type": "Feature", "geometry": {"type": "Point", "coordinates": [130.509384, 33.081345]}, "properties": {"name": "外崎建設（株）", "address": "福岡県大牟田市大字上内２２６１", "tel": "0944-59-9755"}}, {"type": "Feature", "geometry": {"type": "Point", "coordinates": [130.698059, 33.676968]}, "properties": {"name": "（株）不動建設", "address": "福岡県飯塚市目尾８７３ー４", "tel": "0948-26-7990"}}, {"type": "Feature", "geometry": {"type": "Point", "coordinates": [130.316528, 33.548153]}, "properties": {"name": "（株）悠興業", "address": "福岡県福岡市西区大字羽根戸１６８ー１", "tel": "092-834-4063"}}, {"type": "Feature", "geometry": {"type": "Point", "coordinates": [130.531464, 33.335709]}, "properties": {"name": "（株）マツダペイント", "address": "福岡県久留米市宮ノ陣２ー２ー１０", "tel": "0942-30-5891"}}, {"type": "Feature", "geometry": {"type": "Point", "coordinates": [130.643921, 33.587898]}, "properties": {"name": "（株）輝工業", "address": "福岡県飯塚市大分７８５ー２", "tel": "0948-20-3797"}}, {"type": "Feature", "geometry": {"type": "Point", "coordinates": [130.662292, 33.653164]}, "properties": {"name": "（株）南里住建", "address": "福岡県飯塚市伊岐須字後牟田４７５ー４", "tel": "0948-52-3401"}}, {"type": "Feature", "geometry": {"type": "Point", "coordinates": [130.523148, 33.490509]}, "properties": {"name": "（株）アラツホーム", "address": "福岡県筑紫野市二日市南２ー７ー２１", "tel": "092-985-8772"}}, {"type": "Feature", "geometry": {"type": "Point", "coordinates": [130.532272, 33.800014]}, "properties": {"name": "（株）リフォームイレブン", "address": "福岡県宗像市田熊１ー４ー２０", "tel": "0940-36-8003"}}, {"type": "Feature", "geometry": {"type": "Point", "coordinates": [130.809387, 33.913181]}, "properties": {"name": "（株）壮栄", "address": "福岡県北九州市若松区北浜２ー４ー８", "tel": "093-751-7123"}}, {"type": "Feature", "geometry": {"type": "Point", "coordinates": [130.664474, 33.649239]}, "properties": {"name": "安建（株）", "address": "福岡県飯塚市伊岐須２１６ー６３", "tel": "0948-28-1948"}}, {"type": "Feature", "geometry": {"type": "Point", "coordinates": [130.480942, 33.530922]}, "properties": {"name": "（株）共栄", "address": "福岡県大野城市瓦田２ー９ー１３", "tel": "092-558-4587"}}, {"type": "Feature", "geometry": {"type": "Point", "coordinates": [130.873749, 33.870235]}, "properties": {"name": "（株）エルム建設", "address": "福岡県北九州市小倉北区貴船町４ー１４", "tel": "093-932-8711"}}, {"type": "Feature", "geometry": {"type": "Point", "coordinates": [130.73671, 33.836346]}, "properties": {"name": "（株）松木工務店", "address": "福岡県北九州市八幡西区里中１ー８ー１２", "tel": "093-612-0648"}}, {"type": "Feature", "geometry": {"type": "Point", "coordinates": [130.442932, 33.515266]}, "properties": {"name": "（株）アイデア企画", "address": "福岡県春日市白水ヶ丘４ー１４１", "tel": "092-575-3644"}}, {"type": "Feature", "geometry": {"type": "Point", "coordinates": [131.172531, 33.60009]}, "properties": {"name": "（有）麻野鉄工建設興業", "address": "福岡県築上郡吉富町広津４９３ー１", "tel": "0979-24-5581"}}, {"type": "Feature", "geometry": {"type": "Point", "coordinates": [130.816956, 33.546307]}, "properties": {"name": "（有）丸政", "address": "福岡県田川郡川崎町大字安眞木５９３４ー１", "tel": "0947-72-6345"}}, {"type": "Feature", "geometry": {"type": "Point", "coordinates": [130.73674, 33.565182]}, "properties": {"name": "柿坂鉄工", "address": "福岡県嘉麻市牛隈５４４ー１２", "tel": "0948-57-0290"}}, {"type": "Feature", "geometry": {"type": "Point", "coordinates": [130.8871, 33.878006]}, "properties": {"name": "溝手建築工業（株）", "address": "福岡県北九州市小倉北区中津口１ー１０ー３５", "tel": "093-533-2909"}}, {"type": "Feature", "geometry": {"type": "Point", "coordinates": [131.12439, 33.582989]}, "properties": {"name": "（株）ＫＭ企画工房", "address": "福岡県豊前市大字永久３０７ー１", "tel": "0979-84-0828"}}, {"type": "Feature", "geometry": {"type": "Point", "coordinates": [130.401978, 33.152397]}, "properties": {"name": "（株）宝栄工業", "address": "福岡県柳川市上宮永町４１３", "tel": "0944-74-0663"}}, {"type": "Feature", "geometry": {"type": "Point", "coordinates": [130.548492, 33.295071]}, "properties": {"name": "（株）清水建設", "address": "福岡県久留米市高良内町２８０９ー１ー２", "tel": "0942-43-7614"}}, {"type": "Feature", "geometry": {"type": "Point", "coordinates": [130.547577, 33.436729]}, "properties": {"name": "豊建設（株）", "address": "福岡県小郡市美鈴が丘４ー２１ー２", "tel": "0942-75-9020"}}, {"type": "Feature", "geometry": {"type": "Point", "coordinates": [130.733871, 33.631359]}, "properties": {"name": "（株）大貴", "address": "福岡県飯塚市綱分１６９８ー３", "tel": "0948-31-1255"}}, {"type": "Feature", "geometry": {"type": "Point", "coordinates": [130.816025, 33.67416]}, "properties": {"name": "本田技建", "address": "福岡県田川市大字夏吉３５４ー８", "tel": "0947-46-1975"}}, {"type": "Feature", "geometry": {"type": "Point", "coordinates": [131.158051, 33.608566]}, "properties": {"name": "丸建工業", "address": "福岡県豊前市大字三毛門２１５ー１", "tel": "0979-33-7577"}}, {"type": "Feature", "geometry": {"type": "Point", "coordinates": [130.445602, 33.567558]}, "properties": {"name": "徳田建設（株）", "address": "福岡県福岡市博多区那珂４ー２３ー１ー４", "tel": "092-292-2278"}}, {"type": "Feature", "geometry": {"type": "Point", "coordinates": [130.23819, 33.572163]}, "properties": {"name": "令和想建（株）", "address": "福岡県糸島市高田４ー１８ー２４　ＡＹビル２Ｆ", "tel": "092-323-4667"}}, {"type": "Feature", "geometry": {"type": "Point", "coordinates": [130.797623, 33.708256]}, "properties": {"name": "（株）おし組", "address": "福岡県田川郡福智町弁城３８５５ー７", "tel": "0947-22-1728"}}, {"type": "Feature", "geometry": {"type": "Point", "coordinates": [131.025375, 33.696945]}, "properties": {"name": "（株）中嶋工務店", "address": "福岡県行橋市稲童３９２６ー１", "tel": "0930-24-1682"}}, {"type": "Feature", "geometry": {"type": "Point", "coordinates": [130.437988, 33.541931]}, "properties": {"name": "（株）善", "address": "福岡県福岡市南区曰佐２ー７ー１０", "tel": "092-582-7572"}}, {"type": "Feature", "geometry": {"type": "Point", "coordinates": [130.375061, 33.215645]}, "properties": {"name": "エススタイル建築（株）", "address": "福岡県大川市大字向島２０１８ー１", "tel": "0944-86-8484"}}, {"type": "Feature", "geometry": {"type": "Point", "coordinates": [130.66069, 33.634182]}, "properties": {"name": "永末建設", "address": "福岡県飯塚市潤野１０７２ー１", "tel": "0948-28-3300"}}, {"type": "Feature", "geometry": {"type": "Point", "coordinates": [130.854401, 33.598255]}, "properties": {"name": "（株）ＩＦＣ", "address": "福岡県田川郡大任町大字大行事３８３３ー１", "tel": "0947-63-3384"}}, {"type": "Feature", "geometry": {"type": "Point", "coordinates": [130.912811, 33.844254]}, "properties": {"name": "（株）谷原", "address": "福岡県北九州市小倉南区葛原４ー１ー１４ー１", "tel": "093-472-4020"}}, {"type": "Feature", "geometry": {"type": "Point", "coordinates": [130.854401, 33.598255]}, "properties": {"name": "岩本工務店", "address": "福岡県田川郡大任町大字大行事１４９６", "tel": "0947-63-3337"}}, {"type": "Feature", "geometry": {"type": "Point", "coordinates": [130.386826, 33.538151]}, "properties": {"name": "（株）幸栄住宅", "address": "福岡県福岡市南区桧原７ー５２ー２４", "tel": "092-565-6001"}}, {"type": "Feature", "geometry": {"type": "Point", "coordinates": [130.550385, 33.199188]}, "properties": {"name": "（株）末崎組", "address": "福岡県八女市緒玉３２８", "tel": "0943-23-0430"}}, {"type": "Feature", "geometry": {"type": "Point", "coordinates": [130.43573, 33.61668]}, "properties": {"name": "（株）根岸組", "address": "福岡県福岡市東区原田１ー８８４ー１", "tel": "092-409-6470"}}, {"type": "Feature", "geometry": {"type": "Point", "coordinates": [130.538101, 33.333389]}, "properties": {"name": "新生ビルメンテナンス（株）", "address": "福岡県久留米市宮の陣４ー３０ー１", "tel": "0942-35-5552"}}, {"type": "Feature", "geometry": {"type": "Point", "coordinates": [130.401428, 33.578884]}, "properties": {"name": "（株）ＲＯＯＴＡＧＥ", "address": "福岡県福岡市中央区平尾１ー４ー７土橋ビル１ＦーＢ", "tel": "092-406-8459"}}, {"type": "Feature", "geometry": {"type": "Point", "coordinates": [130.634842, 33.865448]}, "properties": {"name": "（株）国広建設", "address": "福岡県遠賀郡岡垣町大字糠塚５２５", "tel": "093-283-2538"}}, {"type": "Feature", "geometry": {"type": "Point", "coordinates": [130.415329, 33.529636]}, "properties": {"name": "（株）ハイトップ", "address": "福岡県福岡市南区老司５ー４０ー４１", "tel": "092-211-0633"}}, {"type": "Feature", "geometry": {"type": "Point", "coordinates": [130.822769, 33.636765]}, "properties": {"name": "久々宮塗装", "address": "福岡県田川市大字伊田２３３５ー４", "tel": "0947-85-8255"}}, {"type": "Feature", "geometry": {"type": "Point", "coordinates": [130.521347, 33.310043]}, "properties": {"name": "（有）ヤマト建設", "address": "福岡県久留米市天神町１０１", "tel": "0942-46-3800"}}, {"type": "Feature", "geometry": {"type": "Point", "coordinates": [130.796326, 33.868759]}, "properties": {"name": "山源（株）", "address": "福岡県北九州市八幡東区西本町２ー１０ー２０", "tel": "093-681-7888"}}, {"type": "Feature", "geometry": {"type": "Point", "coordinates": [130.657867, 33.63649]}, "properties": {"name": "（株）建創", "address": "福岡県飯塚市潤野９３３番地２４４", "tel": "0948-22-2644"}}, {"type": "Feature", "geometry": {"type": "Point", "coordinates": [130.539474, 33.46946]}, "properties": {"name": "（株）ジェイエスティ", "address": "福岡県筑紫野市大字諸田３０７ー１", "tel": "092-924-8303"}}, {"type": "Feature", "geometry": {"type": "Point", "coordinates": [130.433884, 33.6012]}, "properties": {"name": "（株）トーヨーアドテクノ", "address": "福岡県福岡市博多区吉塚４ー１１ー１５", "tel": "092-626-0855"}}, {"type": "Feature", "geometry": {"type": "Point", "coordinates": [130.442368, 33.582813]}, "properties": {"name": "春和建設（株）", "address": "福岡県福岡市博多区半道橋２ー１３ー３０", "tel": "092-260-7573"}}, {"type": "Feature", "geometry": {"type": "Point", "coordinates": [130.537872, 33.802078]}, "properties": {"name": "（有）後藤事務所", "address": "福岡県宗像市田熊１ー１ー２０", "tel": "0940-36-9320"}}, {"type": "Feature", "geometry": {"type": "Point", "coordinates": [130.879303, 33.867886]}, "properties": {"name": "（株）ホームファクトリー", "address": "福岡県北九州市小倉北区東篠崎１ー２ー３", "tel": "093-967-8245"}}, {"type": "Feature", "geometry": {"type": "Point", "coordinates": [130.325439, 33.582535]}, "properties": {"name": "倉谷翠泉堂", "address": "福岡県福岡市西区姪浜６ー２ー２５", "tel": "092-881-1122"}}, {"type": "Feature", "geometry": {"type": "Point", "coordinates": [130.427521, 33.585419]}, "properties": {"name": "（株）ｎｉｃｏ", "address": "福岡県福岡市博多区比恵町２ー７ー１０階", "tel": "092-600-7725"}}, {"type": "Feature", "geometry": {"type": "Point", "coordinates": [130.422562, 33.515858]}, "properties": {"name": "シンワアチーヴメント（有）", "address": "福岡県那珂川市片縄３ー５３", "tel": "092-516-2451"}}, {"type": "Feature", "geometry": {"type": "Point", "coordinates": [130.852997, 33.895538]}, "properties": {"name": "（株）古江建設", "address": "福岡県北九州市小倉北区中井口３ー４４", "tel": "093-383-0074"}}, {"type": "Feature", "geometry": {"type": "Point", "coordinates": [130.321457, 33.567268]}, "properties": {"name": "（株）上慶", "address": "福岡県福岡市西区福重２ー１１ー１ー１０３", "tel": "092-883-6810"}}, {"type": "Feature", "geometry": {"type": "Point", "coordinates": [130.305984, 33.545586]}, "properties": {"name": "（株）エスプランニング", "address": "福岡県福岡市西区羽根戸６８４ー１", "tel": "092-775-6752"}}, {"type": "Feature", "geometry": {"type": "Point", "coordinates": [130.733688, 33.757004]}, "properties": {"name": "（株）アスリード", "address": "福岡県直方市感田３４７７ー３", "tel": "0949-28-8478"}}, {"type": "Feature", "geometry": {"type": "Point", "coordinates": [130.553375, 33.495975]}, "properties": {"name": "（株）エムズ", "address": "福岡県筑紫野市阿志岐２１８６ー１", "tel": "092-928-3306"}}, {"type": "Feature", "geometry": {"type": "Point", "coordinates": [130.714188, 33.846642]}, "properties": {"name": "有明塗装", "address": "福岡県北九州市八幡西区松寿山３ー８ー１０", "tel": "093-616-2828"}}, {"type": "Feature", "geometry": {"type": "Point", "coordinates": [130.422104, 33.561275]}, "properties": {"name": "（株）共栄ビル・パートナーズ", "address": "福岡県福岡市南区向野２ー１１ー１０", "tel": "092-562-7070"}}, {"type": "Feature", "geometry": {"type": "Point", "coordinates": [131.057144, 33.648914]}, "properties": {"name": "（株）豊和建工", "address": "福岡県築上郡築上町大字椎田６８３ー１５", "tel": "0930-31-6111"}}, {"type": "Feature", "geometry": {"type": "Point", "coordinates": [130.727951, 33.629936]}, "properties": {"name": "（株）トリュウ", "address": "福岡県飯塚市綱分１４１６ー１", "tel": "0948-82-1102"}}, {"type": "Feature", "geometry": {"type": "Point", "coordinates": [130.838501, 33.677807]}, "properties": {"name": "（株）裕建コーポレーション", "address": "福岡県田川郡香春町大字香春２０３０ー１", "tel": "0947-32-5910"}}, {"type": "Feature", "geometry": {"type": "Point", "coordinates": [130.792175, 33.893238]}, "properties": {"name": "畳・襖工房わかまつ", "address": "福岡県北九州市若松区和田町１２ー７", "tel": "093-701-7628"}}, {"type": "Feature", "geometry": {"type": "Point", "coordinates": [130.374908, 33.579391]}, "properties": {"name": "（株）古賀組", "address": "福岡県福岡市中央区草香江２ー６ー１７", "tel": "092-771-1586"}}, {"type": "Feature", "geometry": {"type": "Point", "coordinates": [130.443115, 33.668568]}, "properties": {"name": "（株）ジェイ・テック", "address": "福岡県福岡市東区香住ケ丘２ー５ー１０", "tel": "092-410-7863"}}, {"type": "Feature", "geometry": {"type": "Point", "coordinates": [130.775513, 33.868534]}, "properties": {"name": "（株）マイスタイルリフォーム", "address": "福岡県北九州市八幡西区田町１ー４ー１", "tel": "093-616-2300"}}, {"type": "Feature", "geometry": {"type": "Point", "coordinates": [130.537506, 33.29665]}, "properties": {"name": "カントリーハウス（株）", "address": "福岡県久留米市国分町１２０２ー５", "tel": "0942-65-9408"}}, {"type": "Feature", "geometry": {"type": "Point", "coordinates": [130.626083, 33.607845]}, "properties": {"name": "（株）奈子原建設", "address": "福岡県飯塚市舎利蔵１２９５ー１", "tel": "0948-43-9057"}}, {"type": "Feature", "geometry": {"type": "Point", "coordinates": [130.311829, 33.58498]}, "properties": {"name": "（株）エフ・ピー・エス", "address": "福岡県福岡市西区小戸５ー６ー１", "tel": "092-407-3146"}}, {"type": "Feature", "geometry": {"type": "Point", "coordinates": [130.432053, 33.624004]}, "properties": {"name": "鶴田畳店", "address": "福岡県福岡市東区松島１ー４ー２６", "tel": "092-622-0558"}}, {"type": "Feature", "geometry": {"type": "Point", "coordinates": [130.858139, 33.824299]}, "properties": {"name": "（株）美山森", "address": "福岡県北九州市小倉南区長尾１ー１０ー１５", "tel": "093-451-2288"}}, {"type": "Feature", "geometry": {"type": "Point", "coordinates": [130.889648, 33.875984]}, "properties": {"name": "（株）五福", "address": "福岡県北九州市小倉北区宇佐町１ー１２ー１８", "tel": "093-511-5233"}}, {"type": "Feature", "geometry": {"type": "Point", "coordinates": [130.398849, 33.594299]}, "properties": {"name": "（株）ＣＲＥＡＴＥ", "address": "福岡県福岡市中央区天神４ー４ー３０天神西江ビル４階", "tel": "092-737-6665"}}, {"type": "Feature", "geometry": {"type": "Point", "coordinates": [130.630508, 33.230072]}, "properties": {"name": "（株）ロイヤル住建", "address": "福岡県八女市長野１８２４", "tel": "0943-22-4474"}}, {"type": "Feature", "geometry": {"type": "Point", "coordinates": [130.877869, 33.870583]}, "properties": {"name": "クリスティー（株）", "address": "福岡県北九州市小倉北区黄金１ー９ー２ー２０２", "tel": "093-941-5118"}}, {"type": "Feature", "geometry": {"type": "Point", "coordinates": [131.038849, 33.647381]}, "properties": {"name": "（株）Ｃ．Ｓ．ＮＥＴ", "address": "福岡県築上郡築上町大字水原２６０", "tel": "0930-56-4185"}}, {"type": "Feature", "geometry": {"type": "Point", "coordinates": [130.533386, 33.79512]}, "properties": {"name": "（株）匠永工務店", "address": "福岡県宗像市日の里１ー７ー２", "tel": "0940-36-5373"}}, {"type": "Feature", "geometry": {"type": "Point", "coordinates": [130.830139, 33.626724]}, "properties": {"name": "（株）昌絆", "address": "福岡県田川市大字伊加利１９９７ー８", "tel": "0947-23-2282"}}, {"type": "Feature", "geometry": {"type": "Point", "coordinates": [130.817474, 33.593987]}, "properties": {"name": "（有）徳州建設", "address": "福岡県田川郡川崎町大字川崎１３３２", "tel": "0947-73-3837"}}, {"type": "Feature", "geometry": {"type": "Point", "coordinates": [130.707611, 33.884468]}, "properties": {"name": "（株）デザインオフィスＳＡＮーＦ", "address": "福岡県北九州市八幡西区浅川学園台２ー６ー１３", "tel": "093-616-6133"}}, {"type": "Feature", "geometry": {"type": "Point", "coordinates": [130.872665, 33.869068]}, "properties": {"name": "（株）美来", "address": "福岡県北九州市小倉北区貴船町１３ー９", "tel": "093-967-7256"}}, {"type": "Feature", "geometry": {"type": "Point", "coordinates": [130.73674, 33.565182]}, "properties": {"name": "（株）大貴建設", "address": "福岡県嘉麻市牛隈２５１３ー４３", "tel": "0948-57-0031"}}, {"type": "Feature", "geometry": {"type": "Point", "coordinates": [130.252792, 33.585178]}, "properties": {"name": "クローバー（株）", "address": "福岡県福岡市西区田尻東２ー２５２４ー１", "tel": "092-834-2014"}}, {"type": "Feature", "geometry": {"type": "Point", "coordinates": [130.807281, 33.62677]}, "properties": {"name": "大栄産業（株）", "address": "福岡県田川市大字奈良１５８７ー４", "tel": "0947-44-0237"}}, {"type": "Feature", "geometry": {"type": "Point", "coordinates": [130.888916, 33.866364]}, "properties": {"name": "（株）ビーアート石橋", "address": "福岡県北九州市小倉北区三郎丸３ー１４ー２２", "tel": "093-921-3166"}}, {"type": "Feature", "geometry": {"type": "Point", "coordinates": [130.513458, 33.266483]}, "properties": {"name": "（株）樋口建設", "address": "福岡県久留米市荒木町荒木１９７９ー１４", "tel": "0942-27-2308"}}, {"type": "Feature", "geometry": {"type": "Point", "coordinates": [130.780426, 33.72007]}, "properties": {"name": "小松建設（株）", "address": "福岡県田川郡福智町上野３７４４", "tel": "0947-28-3855"}}, {"type": "Feature", "geometry": {"type": "Point", "coordinates": [130.73555, 33.809254]}, "properties": {"name": "瓜生建設", "address": "福岡県北九州市八幡西区吉祥寺町３ー２０", "tel": "093-618-8280"}}, {"type": "Feature", "geometry": {"type": "Point", "coordinates": [130.418747, 33.522106]}, "properties": {"name": "（株）ＩＮＧ", "address": "福岡県那珂川市片縄北２ー１１ー６", "tel": "092-776-3841"}}, {"type": "Feature", "geometry": {"type": "Point", "coordinates": [130.643295, 33.426197]}, "properties": {"name": "（株）ミキ建設", "address": "福岡県朝倉郡筑前町依井１４２８ー５", "tel": "0946-23-9963"}}, {"type": "Feature", "geometry": {"type": "Point", "coordinates": [130.863358, 33.885014]}, "properties": {"name": "（株）月形防水建設", "address": "福岡県北九州市小倉北区菜園場２ー１ー９", "tel": "093-561-2456"}}, {"type": "Feature", "geometry": {"type": "Point", "coordinates": [130.641403, 33.597759]}, "properties": {"name": "（株）ミヤビック", "address": "福岡県飯塚市高田４７ー１", "tel": "0948-22-0004"}}, {"type": "Feature", "geometry": {"type": "Point", "coordinates": [130.444138, 33.622299]}, "properties": {"name": "ＺＩＯＮ（株）", "address": "福岡県福岡市東区原田４ー２３ー５", "tel": "092-629-6919"}}, {"type": "Feature", "geometry": {"type": "Point", "coordinates": [130.798996, 33.660782]}, "properties": {"name": "（株）九州興亜", "address": "福岡県田川市大字糒１７００ー３２８", "tel": "0947-45-4725"}}, {"type": "Feature", "geometry": {"type": "Point", "coordinates": [130.350082, 33.203384]}, "properties": {"name": "（株）アーステック", "address": "福岡県大川市大字大野島１１１３ー１０", "tel": "0944-87-2749"}}, {"type": "Feature", "geometry": {"type": "Point", "coordinates": [130.602234, 33.372978]}, "properties": {"name": "（株）平田鉄工", "address": "福岡県三井郡大刀洗町大字上高橋１６４３ー１", "tel": "0942-77-0340"}}, {"type": "Feature", "geometry": {"type": "Point", "coordinates": [130.44252, 33.636013]}, "properties": {"name": "（株）トモテック", "address": "福岡県福岡市東区松崎１ー４２ー６０アンビエント松崎Ａ棟２０８", "tel": "092-410-6436"}}, {"type": "Feature", "geometry": {"type": "Point", "coordinates": [130.802155, 33.609455]}, "properties": {"name": "（株）弘・建築工房", "address": "福岡県田川郡川崎町大字田原１６３５", "tel": "0947-44-7850"}}, {"type": "Feature", "geometry": {"type": "Point", "coordinates": [131.154144, 33.602329]}, "properties": {"name": "（株）和才建設", "address": "福岡県築上郡吉富町大字別府８２ー７", "tel": "0979-83-0194"}}, {"type": "Feature", "geometry": {"type": "Point", "coordinates": [130.537842, 33.291321]}, "properties": {"name": "（株）成田建設", "address": "福岡県久留米市国分町８２７ー３", "tel": "0942-21-1357"}}, {"type": "Feature", "geometry": {"type": "Point", "coordinates": [130.708221, 33.823261]}, "properties": {"name": "（株）ＳＯＵＫＥＮ", "address": "福岡県中間市長津１ー９ー７", "tel": "093-701-7184"}}, {"type": "Feature", "geometry": {"type": "Point", "coordinates": [130.443176, 33.052128]}, "properties": {"name": "（株）光陽", "address": "福岡県大牟田市手鎌１０７７ー１", "tel": "0944-31-5224"}}, {"type": "Feature", "geometry": {"type": "Point", "coordinates": [130.992355, 33.754032]}, "properties": {"name": "（株）ＫＥＮＳＨＩＮ", "address": "福岡県京都郡苅田町大字与原１１８１ー１", "tel": "0930-25-1575"}}, {"type": "Feature", "geometry": {"type": "Point", "coordinates": [130.482574, 33.241013]}, "properties": {"name": "（株）大橋組", "address": "福岡県久留米市三潴町西牟田４４７５ー１１", "tel": "0942-80-5653"}}, {"type": "Feature", "geometry": {"type": "Point", "coordinates": [130.705231, 33.642464]}, "properties": {"name": "（株）本河住建", "address": "福岡県飯塚市柏の森７５ー１", "tel": "0948-23-6097"}}, {"type": "Feature", "geometry": {"type": "Point", "coordinates": [130.682663, 33.346626]}, "properties": {"name": "（株）崎野工務店", "address": "福岡県久留米市田主丸町豊城９５ー１", "tel": "0943-73-0540"}}, {"type": "Feature", "geometry": {"type": "Point", "coordinates": [130.431732, 33.699944]}, "properties": {"name": "（株）シンセイ技建", "address": "福岡県福岡市東区美和台１ー３７ー１", "tel": "092-410-9555"}}, {"type": "Feature", "geometry": {"type": "Point", "coordinates": [130.903595, 33.880505]}, "properties": {"name": "（有）クリーンズ", "address": "福岡県北九州市小倉北区小文字１ー２ー３４", "tel": "093-513-6556"}}, {"type": "Feature", "geometry": {"type": "Point", "coordinates": [130.543884, 33.313145]}, "properties": {"name": "（有）インペック", "address": "福岡県久留米市合川町１５６ー１", "tel": "0942-41-9797"}}, {"type": "Feature", "geometry": {"type": "Point", "coordinates": [130.250977, 33.543396]}, "properties": {"name": "ペイントプランニング（株）", "address": "福岡県糸島市大門５２ー１", "tel": "092-323-8585"}}, {"type": "Feature", "geometry": {"type": "Point", "coordinates": [130.779846, 33.679604]}, "properties": {"name": "中村工務店（株）", "address": "福岡県田川郡福智町金田１０６０ー６", "tel": "0947-22-9015"}}, {"type": "Feature", "geometry": {"type": "Point", "coordinates": [130.447617, 33.532017]}, "properties": {"name": "（株）エヌ・テック", "address": "福岡県春日市昇町１ー２７", "tel": "092-586-0208"}}, {"type": "Feature", "geometry": {"type": "Point", "coordinates": [130.720627, 33.724842]}, "properties": {"name": "（株）尾山建設", "address": "福岡県鞍手郡小竹町大字赤地１７５８ー５", "tel": "0949-24-0515"}}, {"type": "Feature", "geometry": {"type": "Point", "coordinates": [130.324356, 33.54406]}, "properties": {"name": "初村建設（株）", "address": "福岡県福岡市早良区田村１ー１２ー２６", "tel": "092-866-4017"}}, {"type": "Feature", "geometry": {"type": "Point", "coordinates": [130.538315, 33.447384]}, "properties": {"name": "システムネットワークス（株）", "address": "福岡県筑紫野市原田５ー１ー２８", "tel": "092-408-1347"}}, {"type": "Feature", "geometry": {"type": "Point", "coordinates": [130.467606, 33.546562]}, "properties": {"name": "（有）トータルユニットブレス", "address": "福岡県福岡市博多区東雲町３ー４ー２ー２０５", "tel": "092-586-8513"}}, {"type": "Feature", "geometry": {"type": "Point", "coordinates": [130.483948, 33.636551]}, "properties": {"name": "（株）クボヤマ建設", "address": "福岡県福岡市東区蒲田２ー１４ー１", "tel": "092-719-0617"}}, {"type": "Feature", "geometry": {"type": "Point", "coordinates": [130.915207, 33.679993]}, "properties": {"name": "（株）加藤工務店", "address": "福岡県京都郡みやこ町勝山大久保１２８１", "tel": "0930-32-4818"}}, {"type": "Feature", "geometry": {"type": "Point", "coordinates": [130.447205, 33.604229]}, "properties": {"name": "（株）タナカ", "address": "福岡県福岡市博多区大井２ー１３ー３４", "tel": "092-215-4190"}}, {"type": "Feature", "geometry": {"type": "Point", "coordinates": [130.456757, 33.663322]}, "properties": {"name": "朝日技建（株）", "address": "福岡県福岡市東区香椎駅東４ー６４ー４", "tel": "092-410-6650"}}, {"type": "Feature", "geometry": {"type": "Point", "coordinates": [130.513718, 33.842846]}, "properties": {"name": "笹見和住宅", "address": "福岡県宗像市江口９７８ー１１", "tel": "0940-62-0651"}}, {"type": "Feature", "geometry": {"type": "Point", "coordinates": [130.431152, 33.563679]}, "properties": {"name": "（株）福設", "address": "福岡県福岡市南区塩原４ー１ー７", "tel": "092-511-5670"}}, {"type": "Feature", "geometry": {"type": "Point", "coordinates": [130.461456, 33.039845]}, "properties": {"name": "（株）ひかり開発", "address": "福岡県大牟田市通町２ー２１ー８", "tel": "0944-56-1233"}}, {"type": "Feature", "geometry": {"type": "Point", "coordinates": [130.957718, 33.644817]}, "properties": {"name": "（株）進組", "address": "福岡県京都郡みやこ町犀川末江８３１", "tel": "0930-42-1423"}}, {"type": "Feature", "geometry": {"type": "Point", "coordinates": [130.810364, 33.695732]}, "properties": {"name": "（株）仲島建築", "address": "福岡県田川郡福智町伊方２５３９ー１", "tel": "0947-22-0611"}}, {"type": "Feature", "geometry": {"type": "Point", "coordinates": [130.339447, 33.551823]}, "properties": {"name": "（株）坂本工務店", "address": "福岡県福岡市早良区賀茂４ー４６ー３１", "tel": "092-407-9664"}}, {"type": "Feature", "geometry": {"type": "Point", "coordinates": [130.671524, 33.812042]}, "properties": {"name": "美幸建設（株）", "address": "福岡県鞍手郡鞍手町大字木月２２６１ー６", "tel": "0949-52-7663"}}, {"type": "Feature", "geometry": {"type": "Point", "coordinates": [130.460236, 33.543755]}, "properties": {"name": "（株）高田工業", "address": "福岡県福岡市博多区寿町２ー３ー４ー２０２", "tel": "092-707-8315"}}, {"type": "Feature", "geometry": {"type": "Point", "coordinates": [130.881042, 33.848366]}, "properties": {"name": "（株）ビルテクノ", "address": "福岡県北九州市小倉南区北方２ー１７ー６", "tel": "093-932-8123"}}, {"type": "Feature", "geometry": {"type": "Point", "coordinates": [130.8246, 33.591103]}, "properties": {"name": "（株）岩口工業", "address": "福岡県田川郡川崎町大字川崎６４４ー１", "tel": "0947-72-7015"}}, {"type": "Feature", "geometry": {"type": "Point", "coordinates": [130.738876, 33.731457]}, "properties": {"name": "（株）健双", "address": "福岡県直方市大字下境２１０２ー１", "tel": "0949-25-7030"}}, {"type": "Feature", "geometry": {"type": "Point", "coordinates": [130.299057, 33.57452]}, "properties": {"name": "（株）正勝工務店", "address": "福岡県福岡市西区生の松原４ー２ー４", "tel": "092-881-1731"}}, {"type": "Feature", "geometry": {"type": "Point", "coordinates": [130.630051, 33.848797]}, "properties": {"name": "ＳｐａｃｅＢｕｉｌｄｅｒ希翔（株）", "address": "福岡県遠賀郡岡垣町東山田１ー２３ー５", "tel": "093-701-8957"}}, {"type": "Feature", "geometry": {"type": "Point", "coordinates": [130.475479, 33.558506]}, "properties": {"name": "（株）興和", "address": "福岡県福岡市博多区金の隈２ー５ー５７", "tel": "092-558-5776"}}, {"type": "Feature", "geometry": {"type": "Point", "coordinates": [130.849579, 33.628174]}, "properties": {"name": "（有）安産業", "address": "福岡県田川郡大任町大字今任原３４８０", "tel": "0947-63-3048"}}, {"type": "Feature", "geometry": {"type": "Point", "coordinates": [130.704086, 33.634201]}, "properties": {"name": "リベラルホーム（株）", "address": "福岡県飯塚市下三緒３２４ー１", "tel": "0948-22-0843"}}, {"type": "Feature", "geometry": {"type": "Point", "coordinates": [130.860321, 33.893879]}, "properties": {"name": "（有）川原建設", "address": "福岡県北九州市小倉北区日明５ー１ー１３", "tel": "093-571-2564"}}, {"type": "Feature", "geometry": {"type": "Point", "coordinates": [130.645203, 33.701931]}, "properties": {"name": "（株）花田工業", "address": "福岡県宮若市宮田２４８２ー２", "tel": "0949-32-3980"}}, {"type": "Feature", "geometry": {"type": "Point", "coordinates": [130.704849, 33.849323]}, "properties": {"name": "石塚住設ガス（株）", "address": "福岡県遠賀郡水巻町吉田東２ー２２ー１７", "tel": "093-201-0325"}}, {"type": "Feature", "geometry": {"type": "Point", "coordinates": [131.170288, 33.602886]}, "properties": {"name": "吉富技建", "address": "福岡県築上郡吉富町今吉１３ー４", "tel": "0979-23-3196"}}, {"type": "Feature", "geometry": {"type": "Point", "coordinates": [130.480026, 33.552536]}, "properties": {"name": "（合）東洋企画", "address": "福岡県大野城市中１ー４ー２２オフィスパレア中＊Ａー１", "tel": "092-776-2623"}}, {"type": "Feature", "geometry": {"type": "Point", "coordinates": [130.735443, 33.791821]}, "properties": {"name": "後藤工務店", "address": "福岡県北九州市八幡西区馬場山緑６ー２７", "tel": "093-618-3226"}}, {"type": "Feature", "geometry": {"type": "Point", "coordinates": [130.524216, 33.607002]}, "properties": {"name": "（株）たか建築舎", "address": "福岡県糟屋郡篠栗町若杉１００９ー１", "tel": "092-405-5755"}}, {"type": "Feature", "geometry": {"type": "Point", "coordinates": [130.880402, 33.862976]}, "properties": {"name": "（株）タイヘイ", "address": "福岡県北九州市小倉北区片野４ー２０ー３", "tel": "093-931-6626"}}, {"type": "Feature", "geometry": {"type": "Point", "coordinates": [130.672028, 33.381824]}, "properties": {"name": "（株）ＫＵＧＡｂｕｉｌｄｅｒ", "address": "福岡県朝倉市鎌崎１３", "tel": "0946-22-3660"}}, {"type": "Feature", "geometry": {"type": "Point", "coordinates": [130.513123, 33.49247]}, "properties": {"name": "中西建設（株）", "address": "福岡県筑紫野市湯町１ー１１ー１", "tel": "092-922-2777"}}, {"type": "Feature", "geometry": {"type": "Point", "coordinates": [130.413315, 33.520859]}, "properties": {"name": "（株）アクセス", "address": "福岡県那珂川市片縄西４ー１８ー４１", "tel": "092-951-0102"}}, {"type": "Feature", "geometry": {"type": "Point", "coordinates": [131.025375, 33.696945]}, "properties": {"name": "大興開発（株）", "address": "福岡県行橋市大字稲童２７００ー１", "tel": "0930-22-0488"}}, {"type": "Feature", "geometry": {"type": "Point", "coordinates": [130.65332, 33.376083]}, "properties": {"name": "サンホーム（株）", "address": "福岡県朝倉市白鳥３４５", "tel": "0946-22-6500"}}, {"type": "Feature", "geometry": {"type": "Point", "coordinates": [130.686066, 33.636162]}, "properties": {"name": "ティンバーレイン", "address": "福岡県飯塚市飯塚市菰田西３ー１８ー７", "tel": "0948-43-8578"}}, {"type": "Feature", "geometry": {"type": "Point", "coordinates": [130.46991, 33.561939]}, "properties": {"name": "（株）孝和産業", "address": "福岡県福岡市博多区金の隈１ー２９ー５６", "tel": "092-558-5461"}}, {"type": "Feature", "geometry": {"type": "Point", "coordinates": [130.427292, 33.575699]}, "properties": {"name": "（有）オーゼットバディ", "address": "福岡県福岡市博多区博多駅南５ー２３ー７ー１０３", "tel": "092-558-0778"}}, {"type": "Feature", "geometry": {"type": "Point", "coordinates": [130.887558, 33.599346]}, "properties": {"name": "早川総業", "address": "福岡県田川郡赤村大字赤３３４１ー１", "tel": "0947-62-2820"}}, {"type": "Feature", "geometry": {"type": "Point", "coordinates": [130.949707, 33.673412]}, "properties": {"name": "（株）中原組", "address": "福岡県京都郡みやこ町犀川花熊１０３７", "tel": "0930-42-1636"}}, {"type": "Feature", "geometry": {"type": "Point", "coordinates": [130.686096, 33.733971]}, "properties": {"name": "（株）心笑", "address": "福岡県宮若市龍徳１４７９ー１", "tel": "0949-32-0583"}}, {"type": "Feature", "geometry": {"type": "Point", "coordinates": [130.320312, 33.539394]}, "properties": {"name": "大野コンクリート（株）", "address": "福岡県福岡市西区大字吉武６１ー１", "tel": "092-874-5678"}}, {"type": "Feature", "geometry": {"type": "Point", "coordinates": [130.392303, 33.582939]}, "properties": {"name": "（株）直崇建設", "address": "福岡県福岡市中央区薬院２ー１８ー１８", "tel": "092-791-2707"}}, {"type": "Feature", "geometry": {"type": "Point", "coordinates": [130.793777, 33.642696]}, "properties": {"name": "ケイティ技研（株）", "address": "福岡県田川市大字川宮１０６０ー２", "tel": "0947-50-8025"}}, {"type": "Feature", "geometry": {"type": "Point", "coordinates": [130.999542, 33.678764]}, "properties": {"name": "（株）ミライズ", "address": "福岡県京都郡みやこ町呰見１６８５ー１", "tel": "0930-33-8855"}}, {"type": "Feature", "geometry": {"type": "Point", "coordinates": [130.875458, 33.630573]}, "properties": {"name": "（株）中森総建", "address": "福岡県田川郡赤村大字内田１１５７", "tel": "0947-62-2883"}}, {"type": "Feature", "geometry": {"type": "Point", "coordinates": [130.486847, 33.53038]}, "properties": {"name": "（株）博多乃工務店", "address": "福岡県大野城市白木原５ー２ー１ー２０３", "tel": "092-586-6446"}}, {"type": "Feature", "geometry": {"type": "Point", "coordinates": [130.719604, 33.543255]}, "properties": {"name": "（株）和田組", "address": "福岡県嘉麻市芥田１１６ー１", "tel": "0948-57-0740"}}, {"type": "Feature", "geometry": {"type": "Point", "coordinates": [130.558472, 33.322975]}, "properties": {"name": "（株）イマクル", "address": "福岡県久留米市東合川新町６ー２９", "tel": "0942-55-1092"}}, {"type": "Feature", "geometry": {"type": "Point", "coordinates": [130.943604, 33.732643]}, "properties": {"name": "（株）杉建", "address": "福岡県行橋市大字延永６２７", "tel": "0930-22-3865"}}, {"type": "Feature", "geometry": {"type": "Point", "coordinates": [130.73381, 33.604874]}, "properties": {"name": "ガーデンホーム（株）", "address": "福岡県嘉麻市鴨生３０ー４６", "tel": "0948-42-1008"}}, {"type": "Feature", "geometry": {"type": "Point", "coordinates": [130.50798, 33.621288]}, "properties": {"name": "（株）エコラ", "address": "福岡県糟屋郡篠栗町大字尾仲５８５ー１", "tel": "092-948-4401"}}, {"type": "Feature", "geometry": {"type": "Point", "coordinates": [130.745178, 33.838947]}, "properties": {"name": "（株）ケールーフ", "address": "福岡県北九州市八幡西区的場町７ー８", "tel": "093-613-4400"}}, {"type": "Feature", "geometry": {"type": "Point", "coordinates": [130.702682, 33.759113]}, "properties": {"name": "晃和装飾", "address": "福岡県直方市大字下新入２４７９ー３", "tel": "0949-22-3220"}}, {"type": "Feature", "geometry": {"type": "Point", "coordinates": [130.810364, 33.695732]}, "properties": {"name": "新池総業", "address": "福岡県田川郡福智町伊方４３０２", "tel": "0947-22-2572"}}, {"type": "Feature", "geometry": {"type": "Point", "coordinates": [130.426651, 33.617737]}, "properties": {"name": "（株）いわもと開発", "address": "福岡県福岡市東区箱崎１ー６ー１６", "tel": "092-292-7339"}}, {"type": "Feature", "geometry": {"type": "Point", "coordinates": [130.312103, 33.52478]}, "properties": {"name": "竹元たたみ店", "address": "福岡県福岡市西区金武１２９３", "tel": "092-834-2206"}}, {"type": "Feature", "geometry": {"type": "Point", "coordinates": [130.816849, 33.590931]}, "properties": {"name": "（株）慶和工業", "address": "福岡県田川郡川崎町大字川崎３１８８ー２", "tel": "0947-72-4625"}}, {"type": "Feature", "geometry": {"type": "Point", "coordinates": [130.81514, 33.602844]}, "properties": {"name": "（株）富士開発", "address": "福岡県田川郡川崎町大字田原７２５ー３", "tel": "0947-72-5050"}}, {"type": "Feature", "geometry": {"type": "Point", "coordinates": [130.68808, 33.787327]}, "properties": {"name": "（株）やまぐち建設", "address": "福岡県鞍手郡鞍手町大字中山２３７９ー４", "tel": "0949-42-8600"}}, {"type": "Feature", "geometry": {"type": "Point", "coordinates": [130.41185, 33.587292]}, "properties": {"name": "（株）サトウホールディングス", "address": "福岡県福岡市博多区住吉２ー１５ー１０ー８１１", "tel": "092-262-6088"}}, {"type": "Feature", "geometry": {"type": "Point", "coordinates": [130.325134, 33.534996]}, "properties": {"name": "（株）岩本工業", "address": "福岡県福岡市早良区田村７ー１４ー９０", "tel": "092-836-5184"}}, {"type": "Feature", "geometry": {"type": "Point", "coordinates": [130.398193, 33.527065]}, "properties": {"name": "初村工務店（株）", "address": "福岡県福岡市南区柏原４ー２０ー３", "tel": "092-403-0365"}}, {"type": "Feature", "geometry": {"type": "Point", "coordinates": [130.432037, 33.214481]}, "properties": {"name": "（株）的場建設工業", "address": "福岡県三潴郡大木町大字上八院５０１ー３", "tel": "0944-32-0570"}}, {"type": "Feature", "geometry": {"type": "Point", "coordinates": [130.708603, 33.560463]}, "properties": {"name": "（株）政建設", "address": "福岡県嘉麻市上臼井１１００ー１", "tel": "0948-43-3531"}}, {"type": "Feature", "geometry": {"type": "Point", "coordinates": [130.77858, 33.629704]}, "properties": {"name": "（株）水清", "address": "福岡県田川市大字弓削田１６６７ー１", "tel": "0947-85-9797"}}, {"type": "Feature", "geometry": {"type": "Point", "coordinates": [130.428101, 33.562256]}, "properties": {"name": "（株）ディスタンス", "address": "福岡県福岡市南区塩原３ー１５ー１１", "tel": "092-555-2930"}}, {"type": "Feature", "geometry": {"type": "Point", "coordinates": [130.898605, 33.825733]}, "properties": {"name": "（株）山下建装", "address": "福岡県北九州市小倉南区大字横代３４１ー１", "tel": "093-967-6728"}}, {"type": "Feature", "geometry": {"type": "Point", "coordinates": [130.821152, 33.58831]}, "properties": {"name": "（株）縁", "address": "福岡県田川郡川崎町大字川崎７４１ー１", "tel": "0947-72-8765"}}, {"type": "Feature", "geometry": {"type": "Point", "coordinates": [130.96109, 33.710327]}, "properties": {"name": "（株）日建", "address": "福岡県行橋市大字寺畔５２９ー１", "tel": "0930-55-2108"}}, {"type": "Feature", "geometry": {"type": "Point", "coordinates": [130.338486, 33.653618]}, "properties": {"name": "須河内建設", "address": "福岡県福岡市東区大岳３ー７ー２", "tel": "092-603-0449"}}, {"type": "Feature", "geometry": {"type": "Point", "coordinates": [130.439163, 33.594017]}, "properties": {"name": "（株）トーヨー商会", "address": "福岡県福岡市博多区榎田２ー４ー７２", "tel": "092-292-0130"}}, {"type": "Feature", "geometry": {"type": "Point", "coordinates": [130.756805, 33.749454]}, "properties": {"name": "（株）ＣＯＬＯＲ", "address": "福岡県直方市大字頓野５５４ー１", "tel": "0949-36-3316"}}, {"type": "Feature", "geometry": {"type": "Point", "coordinates": [130.441452, 33.523075]}, "properties": {"name": "吉本光廣建設", "address": "福岡県春日市下白水南５ー５６", "tel": "092-985-5935"}}, {"type": "Feature", "geometry": {"type": "Point", "coordinates": [130.541, 33.202324]}, "properties": {"name": "大住工業（株）", "address": "福岡県八女市国武６９３ー１", "tel": "0943-23-7288"}}, {"type": "Feature", "geometry": {"type": "Point", "coordinates": [130.999207, 33.725327]}, "properties": {"name": "福島工務店", "address": "福岡県行橋市大字今井１８２１ー１", "tel": "0930-22-7354"}}, {"type": "Feature", "geometry": {"type": "Point", "coordinates": [130.794464, 33.641491]}, "properties": {"name": "（株）ＮＡＫＡＭＵＲＡ", "address": "福岡県田川市大字川宮１０５６ー２", "tel": "0947-42-4084"}}, {"type": "Feature", "geometry": {"type": "Point", "coordinates": [130.58139, 33.194073]}, "properties": {"name": "（株）櫨川工業", "address": "福岡県八女市立花町山＊５７７ー１", "tel": "0943-23-5548"}}, {"type": "Feature", "geometry": {"type": "Point", "coordinates": [130.214081, 33.542805]}, "properties": {"name": "（株）ＩＫＪ", "address": "福岡県糸島市有田８９８ー１", "tel": "092-321-3116"}}, {"type": "Feature", "geometry": {"type": "Point", "coordinates": [130.966522, 33.739624]}, "properties": {"name": "（株）久冨", "address": "福岡県行橋市行事８ー１７ー３", "tel": "0930-22-4150"}}, {"type": "Feature", "geometry": {"type": "Point", "coordinates": [130.407455, 33.685131]}, "properties": {"name": "国崎畳襖店", "address": "福岡県福岡市東区雁の巣１ー２３ー２１", "tel": "092-606-2352"}}, {"type": "Feature", "geometry": {"type": "Point", "coordinates": [130.854446, 33.809284]}, "properties": {"name": "（株）ケーツーテック", "address": "福岡県北九州市小倉南区徳吉南１ー５ー１", "tel": "093-980-2128"}}, {"type": "Feature", "geometry": {"type": "Point", "coordinates": [130.384048, 33.522057]}, "properties": {"name": "川野建設", "address": "福岡県福岡市南区柏原７ー８０５ー６", "tel": "092-565-1117"}}, {"type": "Feature", "geometry": {"type": "Point", "coordinates": [130.40419, 33.590611]}, "properties": {"name": "（株）西中洲樋口建設", "address": "福岡県福岡市中央区西中洲１２ー１３", "tel": "092-771-3955"}}, {"type": "Feature", "geometry": {"type": "Point", "coordinates": [130.568695, 33.80901]}, "properties": {"name": "（株）ふじ建設", "address": "福岡県宗像市赤間駅前２ー７ー５", "tel": "0940-32-3084"}}, {"type": "Feature", "geometry": {"type": "Point", "coordinates": [130.957657, 33.709888]}, "properties": {"name": "シティプラン", "address": "福岡県行橋市大字寺畔２０４", "tel": "0930-55-2090"}}, {"type": "Feature", "geometry": {"type": "Point", "coordinates": [130.676392, 33.652157]}, "properties": {"name": "（株）ＤＡＩＳＥＩ", "address": "福岡県飯塚市川津４４７ー３", "tel": "0948-52-6355"}}, {"type": "Feature", "geometry": {"type": "Point", "coordinates": [130.716339, 33.769981]}, "properties": {"name": "（株）ＡＺＮＯＷＡ", "address": "福岡県直方市大字下新入７３２ー５", "tel": "0949-28-1480"}}, {"type": "Feature", "geometry": {"type": "Point", "coordinates": [130.989792, 33.691223]}, "properties": {"name": "塚田工業（株）", "address": "福岡県行橋市南泉７ー２７ー１８", "tel": "0930-24-4111"}}, {"type": "Feature", "geometry": {"type": "Point", "coordinates": [130.43045, 33.622276]}, "properties": {"name": "宮嵜たたみ店", "address": "福岡県福岡市東区原田２ー１１ー１ー２０２", "tel": "092-235-8619"}}, {"type": "Feature", "geometry": {"type": "Point", "coordinates": [130.510223, 33.341724]}, "properties": {"name": "本荘建設（株）", "address": "福岡県久留米市小森野３丁目１１ー１８", "tel": "0942-38-1115"}}, {"type": "Feature", "geometry": {"type": "Point", "coordinates": [130.426849, 33.558754]}, "properties": {"name": "（株）ティー・アシスト", "address": "福岡県福岡市南区大橋１ー８ー１ー４０６", "tel": "092-555-2350"}}, {"type": "Feature", "geometry": {"type": "Point", "coordinates": [130.831696, 33.621658]}, "properties": {"name": "（株）トリマル工業", "address": "福岡県田川市伊加利４０４", "tel": "0947-23-0998"}}, {"type": "Feature", "geometry": {"type": "Point", "coordinates": [130.438843, 33.021191]}, "properties": {"name": "（株）フォーレストホーム", "address": "福岡県大牟田市正山町５８ー１", "tel": "0944-85-7288"}}, {"type": "Feature", "geometry": {"type": "Point", "coordinates": [130.398132, 33.581001]}, "properties": {"name": "（株）アース", "address": "福岡県福岡市中央区薬院３ー１６ー２７ー４階", "tel": "092-791-4434"}}, {"type": "Feature", "geometry": {"type": "Point", "coordinates": [130.966324, 33.865398]}, "properties": {"name": "（株）フォレスト舎", "address": "福岡県北九州市門司区吉志４ー４ー１０", "tel": "093-483-3980"}}, {"type": "Feature", "geometry": {"type": "Point", "coordinates": [130.551041, 33.200611]}, "properties": {"name": "（株）メイコウ", "address": "福岡県八女市緒玉２７９ー１", "tel": "0943-55-1088"}}, {"type": "Feature", "geometry": {"type": "Point", "coordinates": [130.734283, 33.686386]}, "properties": {"name": "（株）城創", "address": "福岡県飯塚市勢田３８０ー５", "tel": "0947-49-0007"}}, {"type": "Feature", "geometry": {"type": "Point", "coordinates": [130.755539, 33.844715]}, "properties": {"name": "（株）香月フロア", "address": "福岡県北九州市八幡西区引野３ー３ー３", "tel": "093-482-6827"}}, {"type": "Feature", "geometry": {"type": "Point", "coordinates": [130.816849, 33.590931]}, "properties": {"name": "（株）沖島工業", "address": "福岡県田川郡川崎町大字川崎１１２９", "tel": "0947-72-7573"}}, {"type": "Feature", "geometry": {"type": "Point", "coordinates": [130.747253, 33.727226]}, "properties": {"name": "カズヒロ（株）", "address": "福岡県直方市大字上境１１８２ー４", "tel": "0949-23-2054"}}, {"type": "Feature", "geometry": {"type": "Point", "coordinates": [130.676224, 33.54018]}, "properties": {"name": "（株）和弘", "address": "福岡県嘉穂郡桂川町内山田７０６", "tel": "0948-65-2588"}}, {"type": "Feature", "geometry": {"type": "Point", "coordinates": [131.147186, 33.574509]}, "properties": {"name": "西田工務店", "address": "福岡県築上郡上毛町大字安雲４４ー１", "tel": "0979-72-2625"}}, {"type": "Feature", "geometry": {"type": "Point", "coordinates": [130.924576, 33.709553]}, "properties": {"name": "中原瓦産業", "address": "福岡県京都郡みやこ町勝山黒田１０５１ー２", "tel": "0930-32-5308"}}, {"type": "Feature", "geometry": {"type": "Point", "coordinates": [130.556015, 33.317131]}, "properties": {"name": "（株）扇屋", "address": "福岡県久留米市東合川４ー３ー８", "tel": "0942-41-0100"}}, {"type": "Feature", "geometry": {"type": "Point", "coordinates": [130.521133, 33.482548]}, "properties": {"name": "（株）ナガハマ建装", "address": "福岡県筑紫野市上古賀４ー２ー７", "tel": "092-921-2730"}}, {"type": "Feature", "geometry": {"type": "Point", "coordinates": [130.362717, 33.570763]}, "properties": {"name": "オウンワークス（株）", "address": "福岡県福岡市城南区別府５ー２２ー１", "tel": "092-407-1714"}}, {"type": "Feature", "geometry": {"type": "Point", "coordinates": [130.442169, 33.658897]}, "properties": {"name": "（株）那の川建設", "address": "福岡県福岡市東区香椎駅前１ー８ー１４ー４階", "tel": "092-707-0270"}}, {"type": "Feature", "geometry": {"type": "Point", "coordinates": [130.760635, 33.733746]}, "properties": {"name": "（株）比山工建", "address": "福岡県直方市大字永満寺２５９８ー３", "tel": "0949-22-6498"}}, {"type": "Feature", "geometry": {"type": "Point", "coordinates": [130.815994, 33.585896]}, "properties": {"name": "（株）芹建設", "address": "福岡県田川郡川崎町大字川崎１９８５", "tel": "0947-72-8077"}}, {"type": "Feature", "geometry": {"type": "Point", "coordinates": [130.795135, 33.498886]}, "properties": {"name": "（株）渡邊", "address": "福岡県嘉麻市桑野１５０ー１", "tel": "0948-43-8411"}}, {"type": "Feature", "geometry": {"type": "Point", "coordinates": [130.887558, 33.599346]}, "properties": {"name": "山崎建設", "address": "福岡県田川郡赤村大字赤７８５８", "tel": "0947-62-2135"}}, {"type": "Feature", "geometry": {"type": "Point", "coordinates": [130.444183, 33.579697]}, "properties": {"name": "（株）博多技建", "address": "福岡県福岡市博多区東那珂２ー４ー１０ー１", "tel": "092-558-0329"}}, {"type": "Feature", "geometry": {"type": "Point", "coordinates": [130.432541, 33.57951]}, "properties": {"name": "（株）エイプラス", "address": "福岡県福岡市博多区博多駅南４ー４ー１２", "tel": "092-432-0677"}}, {"type": "Feature", "geometry": {"type": "Point", "coordinates": [130.849579, 33.628174]}, "properties": {"name": "大日建築工業", "address": "福岡県田川郡大任町大字今任原３６３９ー１２", "tel": "0947-63-4919"}}, {"type": "Feature", "geometry": {"type": "Point", "coordinates": [130.44165, 33.582142]}, "properties": {"name": "ＴＩＳ（株）", "address": "福岡県福岡市博多区半道橋２ー７ー２５", "tel": "092-292-3978"}}, {"type": "Feature", "geometry": {"type": "Point", "coordinates": [130.469955, 33.503376]}, "properties": {"name": "（株）拓伸", "address": "福岡県大野城市畑ケ坂１ー８ー７", "tel": "092-586-8240"}}, {"type": "Feature", "geometry": {"type": "Point", "coordinates": [130.385941, 33.194431]}, "properties": {"name": "岡塗装工業（株）", "address": "福岡県大川市大字三丸２０７６ー５", "tel": "0944-86-4708"}}, {"type": "Feature", "geometry": {"type": "Point", "coordinates": [130.688538, 33.784611]}, "properties": {"name": "（株）三新建設", "address": "福岡県鞍手郡鞍手町大字中山２４２０ー１", "tel": "0949-42-7540"}}, {"type": "Feature", "geometry": {"type": "Point", "coordinates": [130.446106, 33.259705]}, "properties": {"name": "（株）ＧＲＡＦ", "address": "福岡県久留米市三潴町草場１５１ー１", "tel": "0942-30-8187"}}, {"type": "Feature", "geometry": {"type": "Point", "coordinates": [130.440216, 33.568108]}, "properties": {"name": "（株）テクニカルアドバンス", "address": "福岡県福岡市博多区那珂３ー２２ー３１", "tel": "092-483-6090"}}, {"type": "Feature", "geometry": {"type": "Point", "coordinates": [131.006531, 33.723793]}, "properties": {"name": "（株）村橋工務店", "address": "福岡県行橋市大字元永７０２ー７", "tel": "0930-26-2066"}}, {"type": "Feature", "geometry": {"type": "Point", "coordinates": [130.526871, 33.736336]}, "properties": {"name": "（株）尾塚建設", "address": "福岡県古賀市薦野１３５７", "tel": "092-946-3212"}}, {"type": "Feature", "geometry": {"type": "Point", "coordinates": [130.390732, 33.590134]}, "properties": {"name": "（株）アティード建築舎", "address": "福岡県福岡市中央区大名２ー１１ー１９", "tel": "092-718-8883"}}, {"type": "Feature", "geometry": {"type": "Point", "coordinates": [130.305084, 33.562969]}, "properties": {"name": "（株）ライフショット", "address": "福岡県福岡市西区拾六町４ー３０ー３", "tel": "092-891-7422"}}, {"type": "Feature", "geometry": {"type": "Point", "coordinates": [130.481201, 33.780811]}, "properties": {"name": "（株）令和装建", "address": "福岡県福津市宮司ヶ丘２ー１", "tel": "0940-52-1639"}}, {"type": "Feature", "geometry": {"type": "Point", "coordinates": [131.169434, 33.557903]}, "properties": {"name": "（株）心工業", "address": "福岡県築上郡上毛町大字下唐原２１２１", "tel": "0979-72-3702"}}, {"type": "Feature", "geometry": {"type": "Point", "coordinates": [130.743851, 33.790958]}, "properties": {"name": "川原畳店", "address": "福岡県北九州市八幡西区馬場山西３ー８", "tel": "093-617-3522"}}, {"type": "Feature", "geometry": {"type": "Point", "coordinates": [130.344131, 33.541641]}, "properties": {"name": "（合）大雅堂", "address": "福岡県福岡市早良区野芥３ー２１ー５", "tel": "092-863-2878"}}, {"type": "Feature", "geometry": {"type": "Point", "coordinates": [130.398331, 33.534321]}, "properties": {"name": "（株）和建設", "address": "福岡県福岡市南区桧原３ー２２ー２９", "tel": "092-408-1745"}}, {"type": "Feature", "geometry": {"type": "Point", "coordinates": [130.459, 33.639397]}, "properties": {"name": "（株）石丸組", "address": "福岡県福岡市東区八田３ー２０ー１６", "tel": "092-671-3820"}}, {"type": "Feature", "geometry": {"type": "Point", "coordinates": [130.931351, 33.851013]}, "properties": {"name": "（株）ダイワ建設", "address": "福岡県北九州市小倉南区沼緑町２ー８ー１", "tel": "093-471-1357"}}, {"type": "Feature", "geometry": {"type": "Point", "coordinates": [130.530914, 33.79813]}, "properties": {"name": "（株）福建商事", "address": "福岡県宗像市田熊４ー１ー１４ー２０１", "tel": "0940-62-5960"}}, {"type": "Feature", "geometry": {"type": "Point", "coordinates": [130.716339, 33.719719]}, "properties": {"name": "（株）九州開発", "address": "福岡県鞍手郡小竹町大字御徳２００８ー６９", "tel": "09496-2-1070"}}, {"type": "Feature", "geometry": {"type": "Point", "coordinates": [130.427368, 33.597645]}, "properties": {"name": "（株）輝花建設", "address": "福岡県福岡市博多区吉塚３ー１２ー２６", "tel": "092-260-9344"}}, {"type": "Feature", "geometry": {"type": "Point", "coordinates": [130.77916, 33.652779]}, "properties": {"name": "タニテック", "address": "福岡県田川郡糸田町２９７７ー５７", "tel": "0947-85-9562"}}, {"type": "Feature", "geometry": {"type": "Point", "coordinates": [130.403137, 33.191078]}, "properties": {"name": "（株）建築舎番工", "address": "福岡県柳川市西蒲池１２８３ー１", "tel": "0944-69-9353"}}, {"type": "Feature", "geometry": {"type": "Point", "coordinates": [130.808731, 33.625347]}, "properties": {"name": "古賀建設", "address": "福岡県田川市大字奈良１３６ー２", "tel": "0947-45-8800"}}, {"type": "Feature", "geometry": {"type": "Point", "coordinates": [130.80542, 33.915607]}, "properties": {"name": "ＫＨファシリテック（株）", "address": "福岡県北九州市若松区北湊町９ー２７", "tel": "093-771-2368"}}, {"type": "Feature", "geometry": {"type": "Point", "coordinates": [130.888046, 33.864544]}, "properties": {"name": "（株）アイセイホーム", "address": "福岡県北九州市小倉北区三郎丸１ー１０ー８", "tel": "093-482-4551"}}, {"type": "Feature", "geometry": {"type": "Point", "coordinates": [130.549728, 33.408215]}, "properties": {"name": "西山建築", "address": "福岡県小郡市小郡２４５１ー３", "tel": "0942-72-5386"}}, {"type": "Feature", "geometry": {"type": "Point", "coordinates": [130.849258, 33.885441]}, "properties": {"name": "（株）泰平住建", "address": "福岡県北九州市小倉北区井堀１ー５ー３０", "tel": "093-582-7777"}}, {"type": "Feature", "geometry": {"type": "Point", "coordinates": [130.680252, 33.275146]}, "properties": {"name": "（株）大坪", "address": "福岡県八女市上陽町上横山１２３３ー１", "tel": "0943-24-9580"}}, {"type": "Feature", "geometry": {"type": "Point", "coordinates": [130.41127, 33.601566]}, "properties": {"name": "堀川畳襖店", "address": "福岡県福岡市博多区千代３ー６ー２ー１０１", "tel": "092-643-0228"}}, {"type": "Feature", "geometry": {"type": "Point", "coordinates": [130.400101, 33.580307]}, "properties": {"name": "（株）柿原組", "address": "福岡県福岡市中央区薬院３ー４ー２１", "tel": "092-531-0568"}}, {"type": "Feature", "geometry": {"type": "Point", "coordinates": [130.64447, 33.580856]}, "properties": {"name": "ヒラノ巧健", "address": "福岡県飯塚市北古賀９６８ー２", "tel": "0948-72-4353"}}, {"type": "Feature", "geometry": {"type": "Point", "coordinates": [130.444016, 33.651333]}, "properties": {"name": "（株）石橋表具店", "address": "福岡県福岡市東区水谷２ー２０ー３０", "tel": "092-681-1644"}}, {"type": "Feature", "geometry": {"type": "Point", "coordinates": [130.696732, 33.78455]}, "properties": {"name": "（株）山野工建", "address": "福岡県直方市大字植木２０１３ー１", "tel": "0949-28-1506"}}, {"type": "Feature", "geometry": {"type": "Point", "coordinates": [130.73674, 33.565182]}, "properties": {"name": "アイ・エステック（株）", "address": "福岡県嘉麻市牛隈５２０ー６", "tel": "0948-57-1616"}}, {"type": "Feature", "geometry": {"type": "Point", "coordinates": [130.487305, 33.528324]}, "properties": {"name": "（株）オカショー", "address": "福岡県大野城市東大利３ー３ー１", "tel": "092-404-0340"}}, {"type": "Feature", "geometry": {"type": "Point", "coordinates": [130.740234, 33.8452]}, "properties": {"name": "（株）江田工務店", "address": "福岡県北九州市八幡西区若葉３ー２１ー５", "tel": "093-236-0430"}}, {"type": "Feature", "geometry": {"type": "Point", "coordinates": [130.762115, 33.693176]}, "properties": {"name": "丸勝（株）", "address": "福岡県田川郡福智町赤池５２８ー１", "tel": "0947-28-3673"}}, {"type": "Feature", "geometry": {"type": "Point", "coordinates": [130.875458, 33.630573]}, "properties": {"name": "（株）春本工業", "address": "福岡県田川郡赤村大字内田２２２３ー７４", "tel": "0947-62-3266"}}, {"type": "Feature", "geometry": {"type": "Point", "coordinates": [130.887558, 33.599346]}, "properties": {"name": "（株）井手本組", "address": "福岡県田川郡赤村大字赤４３８８ー１", "tel": "0947-62-2165"}}, {"type": "Feature", "geometry": {"type": "Point", "coordinates": [130.424103, 33.57943]}, "properties": {"name": "ホシザキ北九（株）", "address": "福岡県福岡市博多区博多駅南３ー１８ー９", "tel": "092-471-7396"}}, {"type": "Feature", "geometry": {"type": "Point", "coordinates": [130.524292, 33.480873]}, "properties": {"name": "（株）ジェネレーション", "address": "福岡県筑紫野市大字立明寺４９４ー２", "tel": "092-555-4446"}}, {"type": "Feature", "geometry": {"type": "Point", "coordinates": [130.752289, 33.755772]}, "properties": {"name": "（株）プラス１", "address": "福岡県直方市大字頓野１４０２ー１", "tel": "0949-26-7891"}}, {"type": "Feature", "geometry": {"type": "Point", "coordinates": [130.588959, 33.36031]}, "properties": {"name": "（株）創", "address": "福岡県久留米市北野町中２３３８ー３", "tel": "0942-78-2021"}}, {"type": "Feature", "geometry": {"type": "Point", "coordinates": [130.705688, 33.611259]}, "properties": {"name": "（株）久衛組", "address": "福岡県嘉麻市山野１３８６ー９", "tel": "0948-80-6060"}}, {"type": "Feature", "geometry": {"type": "Point", "coordinates": [130.427155, 33.603748]}, "properties": {"name": "水装建（株）", "address": "福岡県福岡市博多区吉塚２ー３ー２４吉塚ＡＧビル６号館３１０号", "tel": "092-624-6766"}}, {"type": "Feature", "geometry": {"type": "Point", "coordinates": [130.796509, 33.630829]}, "properties": {"name": "Ｓｋｙ（株）", "address": "福岡県田川市春日町８ー２０", "tel": "0947-46-3650"}}, {"type": "Feature", "geometry": {"type": "Point", "coordinates": [130.432449, 33.591633]}, "properties": {"name": "（株）ニシイ", "address": "福岡県福岡市博多区東比恵３ー４ー６", "tel": "092-415-0241"}}, {"type": "Feature", "geometry": {"type": "Point", "coordinates": [131.003677, 33.691833]}, "properties": {"name": "（株）Ｇｅｎ建", "address": "福岡県行橋市大字道場寺１１１５ー２", "tel": "0930-24-6712"}}, {"type": "Feature", "geometry": {"type": "Point", "coordinates": [130.810364, 33.695732]}, "properties": {"name": "中原商会（株）", "address": "福岡県田川郡福智町伊方３７６１ー２", "tel": "0947-22-0913"}}, {"type": "Feature", "geometry": {"type": "Point", "coordinates": [130.39447, 33.574032]}, "properties": {"name": "西部日本鋼材（株）", "address": "福岡県福岡市中央区平尾浄水町１ー１", "tel": "092-524-0202"}}, {"type": "Feature", "geometry": {"type": "Point", "coordinates": [130.768402, 33.861916]}, "properties": {"name": "後藤畳店", "address": "福岡県北九州市八幡西区西神原町３ー６", "tel": "093-621-7059"}}, {"type": "Feature", "geometry": {"type": "Point", "coordinates": [130.471863, 33.543503]}, "properties": {"name": "（株）フォローズ", "address": "福岡県大野城市山田４ー１ー２０", "tel": "092-688-1576"}}, {"type": "Feature", "geometry": {"type": "Point", "coordinates": [130.530304, 33.31398]}, "properties": {"name": "（株）プロテクノ", "address": "福岡県久留米市野中町１００９ー４", "tel": "0942-41-4560"}}, {"type": "Feature", "geometry": {"type": "Point", "coordinates": [130.699463, 33.761219]}, "properties": {"name": "（株）ＳＳ一級建築士事務所", "address": "福岡県直方市大字下新入９１ー１５", "tel": "0949-24-5413"}}, {"type": "Feature", "geometry": {"type": "Point", "coordinates": [130.734436, 33.692898]}, "properties": {"name": "（株）ＴＳ", "address": "福岡県飯塚市勢田２２０６", "tel": "0948-96-8660"}}, {"type": "Feature", "geometry": {"type": "Point", "coordinates": [130.43605, 33.155823]}, "properties": {"name": "（株）弥永建設", "address": "福岡県柳川市三橋町垂見８１２", "tel": "0944-72-2808"}}, {"type": "Feature", "geometry": {"type": "Point", "coordinates": [130.443253, 33.518749]}, "properties": {"name": "ＳｕｎＬａｕｒｅｌ（株）", "address": "福岡県春日市上白水４ー４０", "tel": "092-985-9257"}}, {"type": "Feature", "geometry": {"type": "Point", "coordinates": [130.720245, 33.761543]}, "properties": {"name": "（株）活菜舎", "address": "福岡県直方市知古７９１ー１", "tel": "0949-25-9595"}}, {"type": "Feature", "geometry": {"type": "Point", "coordinates": [130.975632, 33.684246]}, "properties": {"name": "アローズコーポレーション（株）", "address": "福岡県京都郡みやこ町豊津７５４ー１０", "tel": "0930-33-2699"}}, {"type": "Feature", "geometry": {"type": "Point", "coordinates": [130.797623, 33.708256]}, "properties": {"name": "田島建築", "address": "福岡県田川郡福智町弁城１４４０", "tel": "0947-22-3105"}}, {"type": "Feature", "geometry": {"type": "Point", "coordinates": [130.448715, 33.623402]}, "properties": {"name": "（株）寿由建設", "address": "福岡県福岡市東区多の津４ー１１ー１９", "tel": "092-627-3009"}}, {"type": "Feature", "geometry": {"type": "Point", "coordinates": [130.368652, 33.210381]}, "properties": {"name": "（株）前田建具製作所", "address": "福岡県大川市大字向島２０１４ー６", "tel": "0944-87-5231"}}, {"type": "Feature", "geometry": {"type": "Point", "coordinates": [130.42543, 33.119099]}, "properties": {"name": "（株）勝建", "address": "福岡県柳川市大和町栄１４６７ー５", "tel": "0944-85-9209"}}, {"type": "Feature", "geometry": {"type": "Point", "coordinates": [130.79071, 33.612]}, "properties": {"name": "平成産業（株）", "address": "福岡県田川市大字位登１２６３ー５", "tel": "0947-23-0655"}}, {"type": "Feature", "geometry": {"type": "Point", "coordinates": [131.037003, 33.665005]}, "properties": {"name": "京築建設", "address": "福岡県築上郡築上町大字築城９０５ー１", "tel": "0930-52-2507"}}, {"type": "Feature", "geometry": {"type": "Point", "coordinates": [130.779877, 33.5578]}, "properties": {"name": "（株）ツシマ嘉麻", "address": "福岡県嘉麻市上山田５３１ー２６", "tel": "0948-20-6026"}}, {"type": "Feature", "geometry": {"type": "Point", "coordinates": [130.485718, 33.528145]}, "properties": {"name": "（株）健匠", "address": "福岡県大野城市白木原４ー７ー３４", "tel": "092-515-7302"}}, {"type": "Feature", "geometry": {"type": "Point", "coordinates": [130.847839, 33.576027]}, "properties": {"name": "泰承工建", "address": "福岡県田川郡添田町大字庄１６２７ー４", "tel": "0947-82-5449"}}, {"type": "Feature", "geometry": {"type": "Point", "coordinates": [130.735123, 33.615871]}, "properties": {"name": "（株）令和", "address": "福岡県飯塚市赤坂８４３番地６", "tel": "0948-42-1137"}}, {"type": "Feature", "geometry": {"type": "Point", "coordinates": [130.940887, 33.815495]}, "properties": {"name": "（株）ヒカリ板金工業", "address": "福岡県北九州市小倉南区東貫３ー１９ー６", "tel": "093-981-9113"}}, {"type": "Feature", "geometry": {"type": "Point", "coordinates": [130.748352, 33.865673]}, "properties": {"name": "（株）三光工務店", "address": "福岡県北九州市八幡西区陣原１ー６ー４", "tel": "093-622-1577"}}, {"type": "Feature", "geometry": {"type": "Point", "coordinates": [130.314224, 33.580475]}, "properties": {"name": "（株）ユークリエイト", "address": "福岡県福岡市西区下山門２ー９ー６", "tel": "092-400-1240"}}, {"type": "Feature", "geometry": {"type": "Point", "coordinates": [130.453995, 33.554844]}, "properties": {"name": "（株）アレシス", "address": "福岡県福岡市博多区三筑１ー１ー１０", "tel": "092-504-9240"}}, {"type": "Feature", "geometry": {"type": "Point", "coordinates": [130.854401, 33.598255]}, "properties": {"name": "（株）杉原組", "address": "福岡県田川郡大任町大字大行事３８４５ー３", "tel": "0947-63-2184"}}, {"type": "Feature", "geometry": {"type": "Point", "coordinates": [130.516312, 33.286804]}, "properties": {"name": "（株）デコール・タナカ", "address": "福岡県久留米市本山１ー１ー２８", "tel": "0942-21-8282"}}, {"type": "Feature", "geometry": {"type": "Point", "coordinates": [130.831955, 33.600887]}, "properties": {"name": "ＵｒｂａｎＬｉｆｅｓｔｙｌｅ", "address": "福岡県田川郡川崎町大字川崎３３３ー５", "tel": "0947-72-7735"}}, {"type": "Feature", "geometry": {"type": "Point", "coordinates": [130.689835, 33.789406]}, "properties": {"name": "（株）松本建築工房", "address": "福岡県鞍手郡鞍手町大字中山２２５３ー１５", "tel": "0949-42-1947"}}, {"type": "Feature", "geometry": {"type": "Point", "coordinates": [130.954117, 33.733433]}, "properties": {"name": "（株）京装", "address": "福岡県行橋市大字長音寺５３ー１", "tel": "0930-24-6620"}}, {"type": "Feature", "geometry": {"type": "Point", "coordinates": [130.779846, 33.679604]}, "properties": {"name": "植政建設", "address": "福岡県田川郡福智町金田６０ー４９", "tel": "0927-22-3465"}}, {"type": "Feature", "geometry": {"type": "Point", "coordinates": [130.43045, 33.525028]}, "properties": {"name": "（株）鶴翔工業", "address": "福岡県福岡市南区弥永２ー１１ー６", "tel": "092-980-5246"}}, {"type": "Feature", "geometry": {"type": "Point", "coordinates": [130.874054, 33.648663]}, "properties": {"name": "小松工務店", "address": "福岡県田川郡香春町大字柿下４２３", "tel": "0947-32-2005"}}, {"type": "Feature", "geometry": {"type": "Point", "coordinates": [130.311539, 33.557892]}, "properties": {"name": "（株）アスト", "address": "福岡県福岡市西区野方１ー１５ー８", "tel": "092-812-6411"}}, {"type": "Feature", "geometry": {"type": "Point", "coordinates": [130.71199, 33.605541]}, "properties": {"name": "（株）アイサ", "address": "福岡県嘉麻市口春５０２ー１１", "tel": "0948-43-1559"}}, {"type": "Feature", "geometry": {"type": "Point", "coordinates": [130.462173, 33.531452]}, "properties": {"name": "ひかり塗装（株）", "address": "福岡県春日市光町３ー８５", "tel": "092-573-0633"}}, {"type": "Feature", "geometry": {"type": "Point", "coordinates": [130.471039, 33.558281]}, "properties": {"name": "エントライズ（株）", "address": "福岡県福岡市博多区金の隈１ー２２ー７　Ｂー４", "tel": "092-586-6743"}}, {"type": "Feature", "geometry": {"type": "Point", "coordinates": [130.520096, 33.588932]}, "properties": {"name": "ＳｈｉｎｅＲｕｓｈ（株）", "address": "福岡県糟屋郡須惠町大字上須惠６８３ー３", "tel": "092-957-98778"}}, {"type": "Feature", "geometry": {"type": "Point", "coordinates": [130.693146, 33.839371]}, "properties": {"name": "（株）建築ＷｉｔｈＬｉｆｅ", "address": "福岡県遠賀郡水巻町伊左座５ー１３ー２５", "tel": "093-201-4055"}}, {"type": "Feature", "geometry": {"type": "Point", "coordinates": [130.691147, 33.646603]}, "properties": {"name": "（株）ミヤケン", "address": "福岡県飯塚市網分１３６８", "tel": "0948-80-6909"}}, {"type": "Feature", "geometry": {"type": "Point", "coordinates": [130.432892, 33.529602]}, "properties": {"name": "（株）アズケン", "address": "福岡県福岡市南区弥永４ー１６ー１", "tel": "092-558-7067"}}, {"type": "Feature", "geometry": {"type": "Point", "coordinates": [130.418579, 33.59063]}, "properties": {"name": "（株）朝日ビルメンテナンス", "address": "福岡県福岡市博多区博多駅前２ー１ー１", "tel": "092-431-2036"}}, {"type": "Feature", "geometry": {"type": "Point", "coordinates": [130.425995, 33.599327]}, "properties": {"name": "（株）清心建設", "address": "福岡県福岡市博多区吉塚３ー２ー６", "tel": "092-624-8133"}}, {"type": "Feature", "geometry": {"type": "Point", "coordinates": [130.686935, 33.884521]}, "properties": {"name": "浅川建設（株）", "address": "福岡県北九州市八幡西区三ツ頭２ー１７ー１６", "tel": "093-601-8873"}}, {"type": "Feature", "geometry": {"type": "Point", "coordinates": [130.745956, 33.849945]}, "properties": {"name": "（株）エーク", "address": "福岡県北九州市八幡西区竹末１ー７ー１３ー２０２", "tel": "093-644-8820"}}, {"type": "Feature", "geometry": {"type": "Point", "coordinates": [130.736252, 33.804707]}, "properties": {"name": "（株）ウィル", "address": "福岡県北九州市八幡西区白岩町１６ー１０", "tel": "093-617-1001"}}, {"type": "Feature", "geometry": {"type": "Point", "coordinates": [130.972809, 33.867619]}, "properties": {"name": "寺下畳襖内装店", "address": "福岡県北九州市門司区吉志２ー１ー６", "tel": "093-481-7770"}}, {"type": "Feature", "geometry": {"type": "Point", "coordinates": [130.667374, 33.905807]}, "properties": {"name": "（株）大宝産業", "address": "福岡県遠賀郡芦屋町大字山鹿１１７１ー３", "tel": "093-222-0755"}}, {"type": "Feature", "geometry": {"type": "Point", "coordinates": [130.974457, 33.709377]}, "properties": {"name": "（株）久冨工務店", "address": "福岡県行橋市西泉３ー９ー３", "tel": "0930-24-8913"}}, {"type": "Feature", "geometry": {"type": "Point", "coordinates": [130.813644, 33.669357]}, "properties": {"name": "リフォームのかわむら", "address": "福岡県田川市大字夏吉１８４９ー２", "tel": "0947-50-7770"}}, {"type": "Feature", "geometry": {"type": "Point", "coordinates": [130.443466, 33.02742]}, "properties": {"name": "（株）ＮＫ企画", "address": "福岡県大牟田市不知火町２ー１ー１０", "tel": "0944-85-0381"}}, {"type": "Feature", "geometry": {"type": "Point", "coordinates": [130.720322, 33.589169]}, "properties": {"name": "富田建設", "address": "福岡県嘉麻市漆生１５８７ー４", "tel": "0948-42-3155"}}, {"type": "Feature", "geometry": {"type": "Point", "coordinates": [130.432953, 33.600857]}, "properties": {"name": "（株）ＴＯＣ", "address": "福岡県福岡市博多区吉塚４ー１１ー３４", "tel": "092-260-8103"}}, {"type": "Feature", "geometry": {"type": "Point", "coordinates": [130.591599, 33.798447]}, "properties": {"name": "山崎工務店（株）", "address": "福岡県宗像市徳重１７７ー１", "tel": "0940-39-3985"}}, {"type": "Feature", "geometry": {"type": "Point", "coordinates": [130.707565, 33.631931]}, "properties": {"name": "（株）京工業", "address": "福岡県飯塚市下三緒４４ー７", "tel": "0948-43-8125"}}, {"type": "Feature", "geometry": {"type": "Point", "coordinates": [130.435684, 33.59602]}, "properties": {"name": "（株）真和工務店", "address": "福岡県福岡市博多区榎田１ー２ー１８", "tel": "092-452-8855"}}, {"type": "Feature", "geometry": {"type": "Point", "coordinates": [130.937393, 33.655834]}, "properties": {"name": "インテリアシンガイ", "address": "福岡県京都郡みやこ町犀川生立６６", "tel": "0930-55-0797"}}, {"type": "Feature", "geometry": {"type": "Point", "coordinates": [130.587814, 33.313564]}, "properties": {"name": "（株）久伸土木建設", "address": "福岡県久留米市山本町豊田１２３５ー１", "tel": "0942-50-1002"}}, {"type": "Feature", "geometry": {"type": "Point", "coordinates": [130.878113, 33.841751]}, "properties": {"name": "（株）さくら工務店", "address": "福岡県北九州市小倉南区日の出町１ー２ー１ー８", "tel": "093-965-2200"}}, {"type": "Feature", "geometry": {"type": "Point", "coordinates": [130.456406, 33.556835]}, "properties": {"name": "秀建（株）", "address": "福岡県福岡市博多区板付７ー８ー１２", "tel": "092-775-8797"}}, {"type": "Feature", "geometry": {"type": "Point", "coordinates": [130.717972, 33.38937]}, "properties": {"name": "（株）三連工務", "address": "福岡県朝倉市入地２９８３", "tel": "0946-52-1810"}}, {"type": "Feature", "geometry": {"type": "Point", "coordinates": [130.780899, 33.642555]}, "properties": {"name": "令和アンゼン（株）", "address": "福岡県田川市大字弓削田６７８ー２", "tel": "0947-23-0991"}}, {"type": "Feature", "geometry": {"type": "Point", "coordinates": [130.608139, 33.321247]}, "properties": {"name": "（株）倉員土建", "address": "福岡県久留米市善導寺町飯田３３８ー４", "tel": "0942-64-8744"}}, {"type": "Feature", "geometry": {"type": "Point", "coordinates": [130.835373, 33.860615]}, "properties": {"name": "アクエルクラウド（株）", "address": "福岡県北九州市八幡東区清田１ー９ー２", "tel": "093-233-6557"}}, {"type": "Feature", "geometry": {"type": "Point", "coordinates": [130.794983, 33.650551]}, "properties": {"name": "（株）チェック", "address": "福岡県田川市川宮１７７６ー１０", "tel": "0947-23-0808"}}, {"type": "Feature", "geometry": {"type": "Point", "coordinates": [130.859253, 33.752972]}, "properties": {"name": "（有）フジキ技建", "address": "福岡県北九州市小倉南区大字呼野９６４ー２", "tel": "093-451-6723"}}, {"type": "Feature", "geometry": {"type": "Point", "coordinates": [130.469452, 33.499489]}, "properties": {"name": "（有）モリテック", "address": "福岡県大野城市牛頸３ー１１ー２６", "tel": "092-596-2104"}}, {"type": "Feature", "geometry": {"type": "Point", "coordinates": [130.399246, 33.552692]}, "properties": {"name": "（株）ＳＥＩＴＥＮ", "address": "福岡県福岡市南区長住２ー１ー８ー１０１", "tel": "092-555-2050"}}, {"type": "Feature", "geometry": {"type": "Point", "coordinates": [130.409531, 33.573551]}, "properties": {"name": "（株）ｎｏ　ｎａｍｅ", "address": "福岡県福岡市南区大楠２ー１７ー３", "tel": "092-525-2050"}}, {"type": "Feature", "geometry": {"type": "Point", "coordinates": [130.810364, 33.695732]}, "properties": {"name": "（株）ＴＡＳ工房", "address": "福岡県田川郡福智町伊方４２１３ー２", "tel": "0947-22-0506"}}, {"type": "Feature", "geometry": {"type": "Point", "coordinates": [130.71077, 33.614029]}, "properties": {"name": "川上住建", "address": "福岡県嘉麻市山野６０４ー１", "tel": "0948-43-4845"}}, {"type": "Feature", "geometry": {"type": "Point", "coordinates": [130.887558, 33.599346]}, "properties": {"name": "大場建設", "address": "福岡県田川郡赤村大字赤４１９０", "tel": "0947-62-2522"}}, {"type": "Feature", "geometry": {"type": "Point", "coordinates": [130.418655, 33.189346]}, "properties": {"name": "（株）日勝", "address": "福岡県柳川市金納４２７ー１ー１０２", "tel": "0944-85-0513"}}, {"type": "Feature", "geometry": {"type": "Point", "coordinates": [130.854401, 33.598255]}, "properties": {"name": "つぎ組", "address": "福岡県田川郡大任町大字大行事３７４０ー７", "tel": "0947-63-4742"}}, {"type": "Feature", "geometry": {"type": "Point", "coordinates": [130.948334, 33.725819]}, "properties": {"name": "吉永建築工房", "address": "福岡県行橋市大字吉国１６４ー１", "tel": "0930-55-2225"}}, {"type": "Feature", "geometry": {"type": "Point", "coordinates": [130.817276, 33.872948]}, "properties": {"name": "（株）加来文機", "address": "福岡県北九州市八幡東区白川町４ー２", "tel": "093-661-0222"}}, {"type": "Feature", "geometry": {"type": "Point", "coordinates": [130.539612, 33.827351]}, "properties": {"name": "アサヒ工業", "address": "福岡県宗像市池浦３７２ー６０", "tel": "0940-55-3048"}}, {"type": "Feature", "geometry": {"type": "Point", "coordinates": [130.885895, 33.889614]}, "properties": {"name": "ＲＴＳ（株）", "address": "福岡県北九州市小倉北区浅野３ー８ー１ー８１４", "tel": "093-967-6969"}}, {"type": "Feature", "geometry": {"type": "Point", "coordinates": [130.447159, 33.238285]}, "properties": {"name": "フロアＥｎｊｏｙ（株）", "address": "福岡県三潴郡大木町大字笹渕７１７ー５", "tel": "0944-85-0839"}}, {"type": "Feature", "geometry": {"type": "Point", "coordinates": [130.317368, 33.553234]}, "properties": {"name": "（株）あさひ", "address": "福岡県福岡市西区戸切２ー１１ー２５", "tel": "092-600-0470"}}, {"type": "Feature", "geometry": {"type": "Point", "coordinates": [130.211121, 33.635181]}, "properties": {"name": "（株）西建設", "address": "福岡県福岡市西区大字小田１８９５", "tel": "092-809-2797"}}, {"type": "Feature", "geometry": {"type": "Point", "coordinates": [130.676636, 33.653629]}, "properties": {"name": "（株）宮崎建設", "address": "福岡県飯塚市川津９５ー２８５", "tel": "0948-43-8707"}}, {"type": "Feature", "geometry": {"type": "Point", "coordinates": [130.727982, 33.742584]}, "properties": {"name": "（株）マスト建設", "address": "福岡県直方市新町１ー２ー８", "tel": "0949-28-9396"}}, {"type": "Feature", "geometry": {"type": "Point", "coordinates": [130.403534, 33.599274]}, "properties": {"name": "（株）エルアールエス", "address": "福岡県福岡市博多区古門戸町１０ー２０ー３０１", "tel": "092-409-9313"}}, {"type": "Feature", "geometry": {"type": "Point", "coordinates": [130.708603, 33.560463]}, "properties": {"name": "（株）住宅工房福岡", "address": "福岡県嘉麻市上臼井２０７８", "tel": "0948-52-6609"}}, {"type": "Feature", "geometry": {"type": "Point", "coordinates": [130.995163, 33.731247]}, "properties": {"name": "（株）アジアライン", "address": "福岡県行橋市大字金屋６８１ー１", "tel": "0930-24-5338"}}, {"type": "Feature", "geometry": {"type": "Point", "coordinates": [130.412994, 33.589039]}, "properties": {"name": "（株）九州ダイケン", "address": "福岡県福岡市博多区住吉２ー２ー１", "tel": "092-271-5056"}}, {"type": "Feature", "geometry": {"type": "Point", "coordinates": [130.586456, 33.870823]}, "properties": {"name": "（株）吉田建設", "address": "福岡県遠賀郡岡垣町大字手野５０５", "tel": "093-282-5988"}}, {"type": "Feature", "geometry": {"type": "Point", "coordinates": [130.596527, 33.798988]}, "properties": {"name": "（有）ヤマサキ装飾", "address": "福岡県宗像市冨地原１８１４ー１", "tel": "0940-32-3344"}}, {"type": "Feature", "geometry": {"type": "Point", "coordinates": [130.971909, 33.679749]}, "properties": {"name": "ＳーＴＥＣ", "address": "福岡県京都郡みやこ町豊津１９３", "tel": "0930-55-0930"}}, {"type": "Feature", "geometry": {"type": "Point", "coordinates": [130.390701, 33.584549]}, "properties": {"name": "（株）三和美研", "address": "福岡県福岡市中央区警固２ー１８ー５", "tel": "092-718-0088"}}, {"type": "Feature", "geometry": {"type": "Point", "coordinates": [130.463699, 33.637402]}, "properties": {"name": "（株）宮崎本店", "address": "福岡県福岡市東区青葉７ー１ー１５", "tel": "092-691-2740"}}, {"type": "Feature", "geometry": {"type": "Point", "coordinates": [130.531143, 33.485161]}, "properties": {"name": "（株）筑紫ビル管理", "address": "福岡県筑紫野市針摺西１ー６ー６ー２Ｆ", "tel": "092-924-5636"}}, {"type": "Feature", "geometry": {"type": "Point", "coordinates": [130.988846, 33.675701]}, "properties": {"name": "（株）吉留建設", "address": "福岡県京都郡みやこ町綾野１２７ー１", "tel": "0930-33-3475"}}, {"type": "Feature", "geometry": {"type": "Point", "coordinates": [131.151459, 33.603222]}, "properties": {"name": "北豊設備工業", "address": "福岡県豊前市大字三楽３８５ー３", "tel": "0979-83-4552"}}, {"type": "Feature", "geometry": {"type": "Point", "coordinates": [130.524033, 33.21442]}, "properties": {"name": "（株）アール・Ｊ建築", "address": "福岡県八女市室岡７４６ー１１", "tel": "0943-24-9220"}}, {"type": "Feature", "geometry": {"type": "Point", "coordinates": [130.848892, 33.65398]}, "properties": {"name": "長野興産（株）", "address": "福岡県田川郡香春町大字中津原１５４８ー８", "tel": "0947-32-2789"}}, {"type": "Feature", "geometry": {"type": "Point", "coordinates": [130.406555, 33.555847]}, "properties": {"name": "（株）福岡ペイント", "address": "福岡県福岡市南区大池１ー２３ー１５", "tel": "092-836-8708"}}, {"type": "Feature", "geometry": {"type": "Point", "coordinates": [130.416504, 33.565277]}, "properties": {"name": "（株）福岡九州クボタ", "address": "福岡県福岡市南区野間１ー１１ー３６", "tel": "092-541-2031"}}, {"type": "Feature", "geometry": {"type": "Point", "coordinates": [130.751572, 33.826008]}, "properties": {"name": "（株）ＤＡＩＥＩアーキテクツ", "address": "福岡県北九州市八幡西区町上津役西１ー１ー２４", "tel": "093-613-5702"}}, {"type": "Feature", "geometry": {"type": "Point", "coordinates": [130.261444, 33.567463]}, "properties": {"name": "（株）オカリュウ", "address": "福岡県福岡市西区女原４２６ー１", "tel": "092-845-0344"}}, {"type": "Feature", "geometry": {"type": "Point", "coordinates": [130.849579, 33.628174]}, "properties": {"name": "（株）福徳建設", "address": "福岡県田川郡大任町大字今任原９９２ー１", "tel": "0947-63-2775"}}, {"type": "Feature", "geometry": {"type": "Point", "coordinates": [130.424805, 33.577045]}, "properties": {"name": "（株）リノプロテック", "address": "福岡県福岡市博多区博多駅南５ー１８ー２０", "tel": "092-473-8621"}}, {"type": "Feature", "geometry": {"type": "Point", "coordinates": [130.451981, 33.004532]}, "properties": {"name": "（株）池尻畳店", "address": "福岡県大牟田市神田町２１８ー３", "tel": "0944-53-6833"}}, {"type": "Feature", "geometry": {"type": "Point", "coordinates": [130.416199, 33.584747]}, "properties": {"name": "上村建設（株）", "address": "福岡県福岡市博多区住吉４ー３ー２", "tel": "092-475-6551"}}, {"type": "Feature", "geometry": {"type": "Point", "coordinates": [130.963013, 33.72665]}, "properties": {"name": "（株）水口", "address": "福岡県行橋市西宮市５ー２ー３ー８０３", "tel": "0930-28-8171"}}, {"type": "Feature", "geometry": {"type": "Point", "coordinates": [130.732635, 33.765697]}, "properties": {"name": "福島畳表具店", "address": "福岡県直方市感田２６８５ー１", "tel": "0949-26-0379"}}, {"type": "Feature", "geometry": {"type": "Point", "coordinates": [130.668533, 33.880756]}, "properties": {"name": "芦屋産業（株）", "address": "福岡県遠賀郡芦屋町浜口町９ー１２", "tel": "093-223-2255"}}, {"type": "Feature", "geometry": {"type": "Point", "coordinates": [130.764633, 33.675369]}, "properties": {"name": "（株）永芯工業", "address": "福岡県田川郡福智町神崎１０９８ー１６４", "tel": "0947-75-8085"}}, {"type": "Feature", "geometry": {"type": "Point", "coordinates": [130.307526, 33.272724]}, "properties": {"name": "（株）大和建設", "address": "佐賀県佐賀市兵庫北５ー３ー３５", "tel": "0952-32-1202"}}, {"type": "Feature", "geometry": {"type": "Point", "coordinates": [130.235809, 33.250755]}, "properties": {"name": "（株）丸福建設", "address": "佐賀県佐賀市久保田町徳万１６４７", "tel": "0952-68-2215"}}, {"type": "Feature", "geometry": {"type": "Point", "coordinates": [130.091156, 33.260723]}, "properties": {"name": "山口産業（株）", "address": "佐賀県多久市多久町３５５５ー１２０", "tel": "0952-74-2525"}}, {"type": "Feature", "geometry": {"type": "Point", "coordinates": [129.956497, 33.462452]}, "properties": {"name": "唐津土建工業（株）", "address": "佐賀県唐津市二タ子２ー７ー５１", "tel": "0955-73-3118"}}, {"type": "Feature", "geometry": {"type": "Point", "coordinates": [130.763519, 32.19997]}, "properties": {"name": "丸昭建設（株）", "address": "熊本県人吉市西間上町２４７９ー１", "tel": "0966-24-5650"}}, {"type": "Feature", "geometry": {"type": "Point", "coordinates": [131.186829, 33.581642]}, "properties": {"name": "伸和建設（株）", "address": "大分県中津市大字万田６４８ー１", "tel": "0979-23-7733"}}, {"type": "Feature", "geometry": {"type": "Point", "coordinates": [130.53447, 31.525972]}, "properties": {"name": "（株）グリップメソッド", "address": "鹿児島県鹿児島市東開町８ー２", "tel": "099-806-8686"}}]}