{"type": "FeatureCollection", "features": [{"type": "Feature", "geometry": {"type": "Point", "coordinates": [139.920731, 35.875957]}, "properties": {"name": "（株）ＡＲＴ工業", "address": "千葉県流山市おおたかの森西四丁目１７４番地の３", "tel": "04-7197-5137"}}, {"type": "Feature", "geometry": {"type": "Point", "coordinates": [140.243378, 35.549706]}, "properties": {"name": "（有）アートシャッター", "address": "千葉市緑区平川町１９５６番地の２", "tel": "043-293-2931"}}, {"type": "Feature", "geometry": {"type": "Point", "coordinates": [140.096191, 35.72274]}, "properties": {"name": "ｉ＆ｃ（株）", "address": "千葉県八千代市大和田新田３５５番地９３", "tel": "047-409-0965"}}, {"type": "Feature", "geometry": {"type": "Point", "coordinates": [140.562271, 35.849003]}, "properties": {"name": "アイケイ商事（株）", "address": "千葉県香取市虫幡９４２番地", "tel": "0478-82-7121"}}, {"type": "Feature", "geometry": {"type": "Point", "coordinates": [140.182693, 35.599197]}, "properties": {"name": "（株）アイケイホームズ", "address": "千葉市若葉区大宮台七丁目５番１０号", "tel": "043-265-8810"}}, {"type": "Feature", "geometry": {"type": "Point", "coordinates": [140.683228, 35.82547]}, "properties": {"name": "愛和建設（株）", "address": "千葉県香取郡東庄町羽計１７９９番地１", "tel": "0478-86-1344"}}, {"type": "Feature", "geometry": {"type": "Point", "coordinates": [139.906815, 35.34581]}, "properties": {"name": "（株）葵商事", "address": "千葉県木更津市畑沢三丁目７番５号", "tel": "0438-36-5816"}}, {"type": "Feature", "geometry": {"type": "Point", "coordinates": [139.854309, 35.323463]}, "properties": {"name": "（株）青木建材土木", "address": "千葉県富津市下飯野１１２８番地４９", "tel": "0439-87-0436"}}, {"type": "Feature", "geometry": {"type": "Point", "coordinates": [140.067764, 35.063042]}, "properties": {"name": "青木総業（株）", "address": "千葉県鴨川市江見青木８６番地の１", "tel": "04-7096-1211"}}, {"type": "Feature", "geometry": {"type": "Point", "coordinates": [140.023193, 35.770176]}, "properties": {"name": "（株）青野工務店", "address": "千葉県白井市冨士６５番地の６", "tel": "047-446-1141"}}, {"type": "Feature", "geometry": {"type": "Point", "coordinates": [140.487473, 35.660671]}, "properties": {"name": "（株）青柳建設", "address": "千葉県山武郡横芝光町横芝２０９５番地の１", "tel": "0479-82-5811"}}, {"type": "Feature", "geometry": {"type": "Point", "coordinates": [139.919418, 35.716961]}, "properties": {"name": "赤堀工業（株）", "address": "千葉県市川市大和田一丁目６番８号", "tel": "047-376-1185"}}, {"type": "Feature", "geometry": {"type": "Point", "coordinates": [140.184464, 35.29808]}, "properties": {"name": "（有）アキタ建設", "address": "千葉県市原市月出１１０２番地", "tel": "0436-36-8560"}}, {"type": "Feature", "geometry": {"type": "Point", "coordinates": [140.51091, 35.720554]}, "properties": {"name": "秋葉建設（株）", "address": "千葉県匝瑳市南神崎５２番地の１", "tel": "0479-72-0814"}}, {"type": "Feature", "geometry": {"type": "Point", "coordinates": [139.915558, 35.741436]}, "properties": {"name": "（株）秋元", "address": "千葉県市川市国分二丁目８番２３号", "tel": "047-374-0123"}}, {"type": "Feature", "geometry": {"type": "Point", "coordinates": [140.135727, 35.564201]}, "properties": {"name": "（株）アクアプラント", "address": "千葉市中央区塩田町８２６番地６", "tel": "043-265-6803"}}, {"type": "Feature", "geometry": {"type": "Point", "coordinates": [140.119293, 35.54261]}, "properties": {"name": "アクアライズ（株）", "address": "千葉県市原市八幡北町１丁目２番地５", "tel": "0436-42-1347"}}, {"type": "Feature", "geometry": {"type": "Point", "coordinates": [140.413086, 35.508408]}, "properties": {"name": "浅岡建設（株）", "address": "千葉県山武郡九十九里町真亀１００７番地１", "tel": "0475-76-3203"}}, {"type": "Feature", "geometry": {"type": "Point", "coordinates": [139.926514, 35.828609]}, "properties": {"name": "（株）浅野工務店", "address": "千葉県松戸市小金清志町三丁目５９番地", "tel": "047-341-1234"}}, {"type": "Feature", "geometry": {"type": "Point", "coordinates": [139.879929, 35.949814]}, "properties": {"name": "浅野さく泉管工（株）", "address": "千葉県野田市横内４２番地１１", "tel": "04-7125-5511"}}, {"type": "Feature", "geometry": {"type": "Point", "coordinates": [140.12413, 35.574673]}, "properties": {"name": "旭建設（株）", "address": "千葉市中央区川崎町１番地３９", "tel": "043-268-7151"}}, {"type": "Feature", "geometry": {"type": "Point", "coordinates": [139.991882, 35.692356]}, "properties": {"name": "（株）朝日ネクスト", "address": "千葉県船橋市宮本３丁目２番２号", "tel": "047-433-1511"}}, {"type": "Feature", "geometry": {"type": "Point", "coordinates": [140.105103, 35.521915]}, "properties": {"name": "（株）アシスト", "address": "千葉県市原市君塚３丁目８番地１９", "tel": "0436-63-7715"}}, {"type": "Feature", "geometry": {"type": "Point", "coordinates": [139.842194, 35.123341]}, "properties": {"name": "（株）網代工務店", "address": "千葉県安房郡鋸南町大六７３番地", "tel": "0470-55-1206"}}, {"type": "Feature", "geometry": {"type": "Point", "coordinates": [140.773407, 35.714386]}, "properties": {"name": "（株）アスカテクニカ", "address": "千葉県銚子市小浜町２２００番地の３", "tel": "0479-21-6663"}}, {"type": "Feature", "geometry": {"type": "Point", "coordinates": [140.11731, 35.487057]}, "properties": {"name": "（株）アスク", "address": "千葉県市原市西広５５０番地２", "tel": "0436-20-8677"}}, {"type": "Feature", "geometry": {"type": "Point", "coordinates": [139.912064, 35.799801]}, "properties": {"name": "アスク（株）", "address": "千葉県松戸市上本郷８９５番地の２", "tel": "047-330-1172"}}, {"type": "Feature", "geometry": {"type": "Point", "coordinates": [139.907715, 35.913738]}, "properties": {"name": "東建設（株）", "address": "千葉県流山市大字東深井４５１番地の１９９", "tel": "04-7152-2663"}}, {"type": "Feature", "geometry": {"type": "Point", "coordinates": [140.156006, 35.630577]}, "properties": {"name": "アズマハウス（株）", "address": "千葉市若葉区桜木六丁目５番３６号", "tel": "043-231-5711"}}, {"type": "Feature", "geometry": {"type": "Point", "coordinates": [139.865463, 35.948658]}, "properties": {"name": "愛宕建設工業（株）", "address": "千葉県野田市野田７９２番地", "tel": "04-7124-5771"}}, {"type": "Feature", "geometry": {"type": "Point", "coordinates": [140.101837, 35.678211]}, "properties": {"name": "（株）足立建設工業", "address": "千葉市花見川区犢橋町１６１８番地４号", "tel": "043-257-5711"}}, {"type": "Feature", "geometry": {"type": "Point", "coordinates": [140.010513, 35.842094]}, "properties": {"name": "安達鉄工（株）", "address": "千葉県柏市大島田１３７番地", "tel": "04-7192-2582"}}, {"type": "Feature", "geometry": {"type": "Point", "coordinates": [140.528839, 35.633106]}, "properties": {"name": "（株）畔蒜工務店", "address": "千葉県山武郡横芝光町木戸１０１１０番地", "tel": "0479-84-1221"}}, {"type": "Feature", "geometry": {"type": "Point", "coordinates": [140.629852, 35.720512]}, "properties": {"name": "阿部建設（株）", "address": "千葉県旭市ニの５２８番地", "tel": "0479-62-1221"}}, {"type": "Feature", "geometry": {"type": "Point", "coordinates": [140.027679, 35.699841]}, "properties": {"name": "（株）天野さく泉建総", "address": "千葉県船橋市前原東四丁目１９番９号", "tel": "047-472-1650"}}, {"type": "Feature", "geometry": {"type": "Point", "coordinates": [140.1427, 35.55965]}, "properties": {"name": "（株）奄美電設", "address": "千葉市中央区生実町６８番地１", "tel": "043-261-7188"}}, {"type": "Feature", "geometry": {"type": "Point", "coordinates": [139.803619, 36.057083]}, "properties": {"name": "（有）荒井建設", "address": "千葉県野田市桐ケ作１２３７番地", "tel": "04-7196-0048"}}, {"type": "Feature", "geometry": {"type": "Point", "coordinates": [140.106659, 35.522369]}, "properties": {"name": "（株）荒井工務店", "address": "千葉県市原市君塚３丁目１４番地１７", "tel": "0436-21-0421"}}, {"type": "Feature", "geometry": {"type": "Point", "coordinates": [140.022583, 35.820736]}, "properties": {"name": "（株）荒木工務店", "address": "千葉県柏市藤ケ谷新田９３番地６", "tel": "04-7191-4832"}}, {"type": "Feature", "geometry": {"type": "Point", "coordinates": [139.93071, 35.70937]}, "properties": {"name": "新建設（株）", "address": "千葉県市川市鬼高四丁目１２番１８号", "tel": "047-379-6901"}}, {"type": "Feature", "geometry": {"type": "Point", "coordinates": [139.998779, 35.762962]}, "properties": {"name": "（株）アルファ", "address": "千葉県鎌ヶ谷市道野辺本町一丁目４番２７号", "tel": "047-446-8386"}}, {"type": "Feature", "geometry": {"type": "Point", "coordinates": [139.950745, 34.968369]}, "properties": {"name": "安房住宅（株）", "address": "千葉県南房総市千倉町北朝夷２８０番地の１", "tel": "0470-44-2196"}}, {"type": "Feature", "geometry": {"type": "Point", "coordinates": [140.45665, 35.856014]}, "properties": {"name": "（有）飯島工業", "address": "千葉県成田市所５３５番地", "tel": "0476-73-2543"}}, {"type": "Feature", "geometry": {"type": "Point", "coordinates": [139.947098, 35.701523]}, "properties": {"name": "飯塚建設（株）", "address": "千葉県市川市原木２丁目８番１号", "tel": "047-328-0993"}}, {"type": "Feature", "geometry": {"type": "Point", "coordinates": [140.295135, 35.43961]}, "properties": {"name": "池澤建業（株）", "address": "千葉県茂原市高師２１７０番地", "tel": "0475-23-2205"}}, {"type": "Feature", "geometry": {"type": "Point", "coordinates": [140.343231, 35.289513]}, "properties": {"name": "池田建設（株）", "address": "千葉県いすみ市岬町嘉谷８１５番地", "tel": "0470-87-3561"}}, {"type": "Feature", "geometry": {"type": "Point", "coordinates": [140.12384, 35.605427]}, "properties": {"name": "池田工建（株）", "address": "千葉市中央区市場町３番１号", "tel": "043-225-4361"}}, {"type": "Feature", "geometry": {"type": "Point", "coordinates": [140.378357, 35.583359]}, "properties": {"name": "石井建設（株）", "address": "千葉県東金市道庭４３７番地", "tel": "0475-52-2739"}}, {"type": "Feature", "geometry": {"type": "Point", "coordinates": [140.49379, 35.896378]}, "properties": {"name": "石井工業（株）", "address": "千葉県香取市北二丁目６番３", "tel": "0478-55-1511"}}, {"type": "Feature", "geometry": {"type": "Point", "coordinates": [140.428604, 35.743713]}, "properties": {"name": "（株）石井興業", "address": "千葉県山武郡芝山町大里９７４番地", "tel": "0479-78-0026"}}, {"type": "Feature", "geometry": {"type": "Point", "coordinates": [139.864365, 34.989861]}, "properties": {"name": "（株）石井工務店", "address": "千葉県館山市北条１５９９番地", "tel": "0470-22-3211"}}, {"type": "Feature", "geometry": {"type": "Point", "coordinates": [140.652863, 35.720306]}, "properties": {"name": "（株）石川商会", "address": "千葉県旭市ロの１２４７番地", "tel": "0479-63-3115"}}, {"type": "Feature", "geometry": {"type": "Point", "coordinates": [140.629852, 35.720512]}, "properties": {"name": "（株）石川商会住宅機材", "address": "千葉県旭市ニの１７１０番地", "tel": "0479-62-1341"}}, {"type": "Feature", "geometry": {"type": "Point", "coordinates": [140.010681, 35.868004]}, "properties": {"name": "石坂建設（株）", "address": "千葉県我孫子市白山１丁目１０番３０号", "tel": "04-7184-2151"}}, {"type": "Feature", "geometry": {"type": "Point", "coordinates": [140.069382, 35.767963]}, "properties": {"name": "（有）石田建設", "address": "千葉県船橋市豊富町６０３番地１０", "tel": "047-457-1290"}}, {"type": "Feature", "geometry": {"type": "Point", "coordinates": [139.850555, 35.043945]}, "properties": {"name": "和泉建設（株）", "address": "千葉県南房総市富浦町深名１４６２番地", "tel": "0470-33-3571"}}, {"type": "Feature", "geometry": {"type": "Point", "coordinates": [140.011917, 35.731171]}, "properties": {"name": "（有）イセ化工", "address": "千葉県船橋市金杉８丁目３番３５号", "tel": "047-448-3778"}}, {"type": "Feature", "geometry": {"type": "Point", "coordinates": [140.349792, 35.572983]}, "properties": {"name": "（同）イチエダ", "address": "千葉県東金市日吉台六丁目５番地１", "tel": "0475-53-6030"}}, {"type": "Feature", "geometry": {"type": "Point", "coordinates": [139.930115, 35.704647]}, "properties": {"name": "（株）市川環境エンジニアリング", "address": "千葉県市川市田尻二丁目１１番２５号", "tel": "047-376-1711"}}, {"type": "Feature", "geometry": {"type": "Point", "coordinates": [139.926575, 35.750595]}, "properties": {"name": "市川建設（株）", "address": "千葉県市川市曽谷八丁目１１番２５号", "tel": "047-372-1603"}}, {"type": "Feature", "geometry": {"type": "Point", "coordinates": [140.315536, 35.738224]}, "properties": {"name": "（株）市川工務店", "address": "千葉県富里市七栄１２７番地", "tel": "0476-93-0130"}}, {"type": "Feature", "geometry": {"type": "Point", "coordinates": [140.388077, 35.37207]}, "properties": {"name": "一宮不動産（株）", "address": "千葉県長生郡一宮町一宮１０１２９番地１", "tel": "0475-40-6123"}}, {"type": "Feature", "geometry": {"type": "Point", "coordinates": [140.041412, 35.664165]}, "properties": {"name": "（株）市原組", "address": "千葉市美浜区幕張西三丁目１番１５号", "tel": "043-271-5191"}}, {"type": "Feature", "geometry": {"type": "Point", "coordinates": [140.111938, 35.775158]}, "properties": {"name": "市原建設工業（株）", "address": "千葉県八千代市佐山２００９番地", "tel": "047-488-2300"}}, {"type": "Feature", "geometry": {"type": "Point", "coordinates": [140.393127, 35.252728]}, "properties": {"name": "（株）市原工務店", "address": "千葉県いすみ市大原８８８２番地", "tel": "0470-62-1085"}}, {"type": "Feature", "geometry": {"type": "Point", "coordinates": [140.025177, 35.697872]}, "properties": {"name": "伊藤建設（株）", "address": "千葉県船橋市前原西７丁目１番１８号", "tel": "047-472-3166"}}, {"type": "Feature", "geometry": {"type": "Point", "coordinates": [139.916443, 35.215149]}, "properties": {"name": "伊東建設興業（株）", "address": "千葉県富津市六野１２番地の２", "tel": "0439-68-0711"}}, {"type": "Feature", "geometry": {"type": "Point", "coordinates": [140.130417, 35.575031]}, "properties": {"name": "（株）伊藤工務店", "address": "千葉市中央区蘇我一丁目１０番５号", "tel": "043-261-4445"}}, {"type": "Feature", "geometry": {"type": "Point", "coordinates": [140.124161, 35.605709]}, "properties": {"name": "伊藤仁塗装（株）", "address": "千葉市中央区市場町３番４号", "tel": "043-222-7825"}}, {"type": "Feature", "geometry": {"type": "Point", "coordinates": [140.629852, 35.720512]}, "properties": {"name": "伊藤土建（株）", "address": "千葉県旭市ニの１４６９番地", "tel": "0479-62-1489"}}, {"type": "Feature", "geometry": {"type": "Point", "coordinates": [139.920395, 35.752087]}, "properties": {"name": "（株）稲葉商店", "address": "千葉県市川市国分七丁目１番１号", "tel": "047-371-5906"}}, {"type": "Feature", "geometry": {"type": "Point", "coordinates": [140.087601, 35.618881]}, "properties": {"name": "（有）いなばん", "address": "千葉市美浜区新港１５０番地の２", "tel": "043-242-2937"}}, {"type": "Feature", "geometry": {"type": "Point", "coordinates": [140.113876, 35.496819]}, "properties": {"name": "（株）井原商工", "address": "千葉県市原市惣社一丁目１番地２３", "tel": "0436-21-8400"}}, {"type": "Feature", "geometry": {"type": "Point", "coordinates": [140.637253, 35.757648]}, "properties": {"name": "（株）入野土木", "address": "千葉県旭市入野１３６７番地", "tel": "0479-68-3150"}}, {"type": "Feature", "geometry": {"type": "Point", "coordinates": [140.155762, 35.610069]}, "properties": {"name": "（株）彩", "address": "千葉市若葉区加曽利町７１０番地", "tel": "043-214-0566"}}, {"type": "Feature", "geometry": {"type": "Point", "coordinates": [140.359543, 35.88118]}, "properties": {"name": "岩瀬建築（有）", "address": "千葉県成田市大和田１６４番地", "tel": "0476-96-0104"}}, {"type": "Feature", "geometry": {"type": "Point", "coordinates": [139.94075, 35.702]}, "properties": {"name": "岩堀建設（株）", "address": "千葉県市川市高谷一丁目７番１７号", "tel": "047-328-3952"}}, {"type": "Feature", "geometry": {"type": "Point", "coordinates": [140.140732, 35.720051]}, "properties": {"name": "（株）インテリアうざわ", "address": "千葉県佐倉市井野１４１０番地１０", "tel": "043-463-5421"}}, {"type": "Feature", "geometry": {"type": "Point", "coordinates": [140.216324, 35.694073]}, "properties": {"name": "インバ建設（株）", "address": "千葉県佐倉市太田２０４２番地１８", "tel": "043-486-1984"}}, {"type": "Feature", "geometry": {"type": "Point", "coordinates": [139.927612, 35.733669]}, "properties": {"name": "（有）ウェル", "address": "千葉県市川市東菅野二丁目１９番８号", "tel": "047-326-7151"}}, {"type": "Feature", "geometry": {"type": "Point", "coordinates": [140.082581, 35.511967]}, "properties": {"name": "（株）上田塗装工業", "address": "千葉県市原市五井中央南一丁目２７番地８", "tel": "0436-21-0978"}}, {"type": "Feature", "geometry": {"type": "Point", "coordinates": [139.815689, 36.057453]}, "properties": {"name": "上原建設工業（株）", "address": "千葉県野田市桐ケ作１６１４番地", "tel": "04-7196-0015"}}, {"type": "Feature", "geometry": {"type": "Point", "coordinates": [140.006866, 35.75024]}, "properties": {"name": "（株）ウォシュマン", "address": "千葉県鎌ヶ谷市鎌ケ谷九丁目１４番３８号", "tel": "047-442-5719"}}, {"type": "Feature", "geometry": {"type": "Point", "coordinates": [140.183731, 35.626152]}, "properties": {"name": "鵜沢建設（株）", "address": "千葉市若葉区千城台西一丁目３８番１号", "tel": "043-237-1155"}}, {"type": "Feature", "geometry": {"type": "Point", "coordinates": [140.151703, 35.546753]}, "properties": {"name": "（株）浦建設", "address": "千葉市緑区椎名崎町１１５６番地３‐１０２", "tel": "043-312-9296"}}, {"type": "Feature", "geometry": {"type": "Point", "coordinates": [139.893814, 35.65094]}, "properties": {"name": "（株）ウラタ", "address": "千葉県浦安市富士見１丁目８番２４号", "tel": "047-359-2111"}}, {"type": "Feature", "geometry": {"type": "Point", "coordinates": [139.940781, 35.701416]}, "properties": {"name": "（株）エージェンシー", "address": "千葉県市川市高谷一丁目１０番７号", "tel": "047-327-2871"}}, {"type": "Feature", "geometry": {"type": "Point", "coordinates": [140.294556, 35.650013]}, "properties": {"name": "（株）エールテック", "address": "千葉県八街市八街い１８３番地１０", "tel": "043-441-0825"}}, {"type": "Feature", "geometry": {"type": "Point", "coordinates": [140.629852, 35.720512]}, "properties": {"name": "栄豊建設（株）", "address": "千葉県旭市ニの２３８５番地", "tel": "0479-62-0213"}}, {"type": "Feature", "geometry": {"type": "Point", "coordinates": [139.955048, 35.747669]}, "properties": {"name": "エイワ建商（株）", "address": "千葉県市川市南大野三丁目１７番２７号", "tel": "047-337-8201"}}, {"type": "Feature", "geometry": {"type": "Point", "coordinates": [140.009232, 35.81424]}, "properties": {"name": "（株）エクエコ", "address": "千葉県柏市高柳８６３番地１", "tel": "04-7193-5893"}}, {"type": "Feature", "geometry": {"type": "Point", "coordinates": [140.29805, 35.302628]}, "properties": {"name": "（有）江澤土木", "address": "千葉県いすみ市今関６８９番地９", "tel": "0470-86-4202"}}, {"type": "Feature", "geometry": {"type": "Point", "coordinates": [139.971527, 35.70639]}, "properties": {"name": "越中電気工業（株）", "address": "千葉県船橋市海神５丁目１番１１号", "tel": "047-431-6366"}}, {"type": "Feature", "geometry": {"type": "Point", "coordinates": [140.370987, 35.749569]}, "properties": {"name": "（株）ＮＡＡファシリティーズ", "address": "千葉県成田市三里塚字御料牧場１番地２", "tel": "0476-32-6551"}}, {"type": "Feature", "geometry": {"type": "Point", "coordinates": [140.095978, 35.550522]}, "properties": {"name": "（株）ＮＨファシリティーズ", "address": "千葉県市原市八幡海岸通１番地", "tel": "0436-41-2150"}}, {"type": "Feature", "geometry": {"type": "Point", "coordinates": [139.925095, 35.776684]}, "properties": {"name": "（有）江原工務店", "address": "千葉県松戸市和名ケ谷７７５番地の１２", "tel": "047-392-4911"}}, {"type": "Feature", "geometry": {"type": "Point", "coordinates": [139.999741, 35.702789]}, "properties": {"name": "（株）エフティ", "address": "千葉県船橋市市場四丁目１２番２２号", "tel": "047-423-7663"}}, {"type": "Feature", "geometry": {"type": "Point", "coordinates": [139.944138, 35.738483]}, "properties": {"name": "（株）エムコレクト", "address": "千葉県市川市宮久保六丁目１８番１８号", "tel": "047-375-0028"}}, {"type": "Feature", "geometry": {"type": "Point", "coordinates": [140.682358, 35.727451]}, "properties": {"name": "遠藤建設（株）", "address": "千葉県旭市後草７５番地", "tel": "0479-55-5171"}}, {"type": "Feature", "geometry": {"type": "Point", "coordinates": [140.377914, 35.571556]}, "properties": {"name": "（株）О企画", "address": "千葉県東金市田間８５４番地２", "tel": "0475-51-5230"}}, {"type": "Feature", "geometry": {"type": "Point", "coordinates": [139.98291, 35.832802]}, "properties": {"name": "（有）及川工務店", "address": "千葉県柏市増尾六丁目１５番３１号", "tel": "04-7173-2319"}}, {"type": "Feature", "geometry": {"type": "Point", "coordinates": [140.484818, 35.76878]}, "properties": {"name": "（有）大木組", "address": "千葉県香取郡多古町西古内４６６番地４", "tel": "0479-75-1006"}}, {"type": "Feature", "geometry": {"type": "Point", "coordinates": [140.019241, 35.706753]}, "properties": {"name": "（株）大嶋建設興業", "address": "千葉県船橋市飯山満町２丁目４８８番地８１", "tel": "047-467-6205"}}, {"type": "Feature", "geometry": {"type": "Point", "coordinates": [139.911865, 35.733723]}, "properties": {"name": "（株）大城組", "address": "千葉県市川市真間三丁目１０番２３号", "tel": "047-322-1166"}}, {"type": "Feature", "geometry": {"type": "Point", "coordinates": [139.949219, 35.877697]}, "properties": {"name": "太田建設（株）", "address": "千葉県柏市高田字上野台子１３１３番地４", "tel": "04-7143-0506"}}, {"type": "Feature", "geometry": {"type": "Point", "coordinates": [140.489441, 35.664524]}, "properties": {"name": "大谷建設工業（株）", "address": "千葉県山武郡横芝光町横芝９９５番地１１１", "tel": "0479-80-1377"}}, {"type": "Feature", "geometry": {"type": "Point", "coordinates": [140.373077, 35.439102]}, "properties": {"name": "（株）大多和組", "address": "千葉県長生郡白子町驚８０番地", "tel": "0475-33-4111"}}, {"type": "Feature", "geometry": {"type": "Point", "coordinates": [140.178925, 35.641212]}, "properties": {"name": "大塚建工（株）", "address": "千葉市若葉区若松町２２４９番地", "tel": "043-232-2233"}}, {"type": "Feature", "geometry": {"type": "Point", "coordinates": [140.465164, 35.646931]}, "properties": {"name": "（有）大藤建設", "address": "千葉県山武市松尾町八田２７１５番地６", "tel": "0479-86-2244"}}, {"type": "Feature", "geometry": {"type": "Point", "coordinates": [139.896255, 35.668648]}, "properties": {"name": "（株）オオヤギ", "address": "千葉県浦安市北栄二丁目１４番２６号", "tel": "047-354-5861"}}, {"type": "Feature", "geometry": {"type": "Point", "coordinates": [139.998047, 35.727989]}, "properties": {"name": "（株）大吉工業", "address": "千葉県船橋市夏見台四丁目２２番１号", "tel": "047-439-8710"}}, {"type": "Feature", "geometry": {"type": "Point", "coordinates": [139.903397, 35.658592]}, "properties": {"name": "岡島建設（有）", "address": "千葉県浦安市猫実一丁目２０番４６号", "tel": "047-351-2851"}}, {"type": "Feature", "geometry": {"type": "Point", "coordinates": [139.87645, 35.208946]}, "properties": {"name": "岡田建設（株）", "address": "千葉県富津市売津１８番地", "tel": "0439-67-0493"}}, {"type": "Feature", "geometry": {"type": "Point", "coordinates": [140.830231, 35.731041]}, "properties": {"name": "岡田土建（株）", "address": "千葉県銚子市東芝町３番地の１", "tel": "0479-22-6411"}}, {"type": "Feature", "geometry": {"type": "Point", "coordinates": [140.082581, 35.511967]}, "properties": {"name": "（株）オカモト", "address": "千葉県市原市五井中央南一丁目１１番地８", "tel": "0436-22-1188"}}, {"type": "Feature", "geometry": {"type": "Point", "coordinates": [139.967987, 35.809711]}, "properties": {"name": "（株）小川工務店", "address": "千葉県柏市新逆井２丁目９番１７号", "tel": "04-7174-4102"}}, {"type": "Feature", "geometry": {"type": "Point", "coordinates": [139.955963, 35.777256]}, "properties": {"name": "（株）小川防災", "address": "千葉県松戸市紙敷一丁目１６番地３", "tel": "047-710-7776"}}, {"type": "Feature", "geometry": {"type": "Point", "coordinates": [139.955719, 35.893398]}, "properties": {"name": "小倉建設（株）", "address": "千葉県柏市若柴１６２番地１", "tel": "04-7132-3556"}}, {"type": "Feature", "geometry": {"type": "Point", "coordinates": [139.822937, 35.315266]}, "properties": {"name": "（株）桶岩産業", "address": "千葉県富津市富津７７番地", "tel": "0439-87-3111"}}, {"type": "Feature", "geometry": {"type": "Point", "coordinates": [139.974167, 35.004742]}, "properties": {"name": "小澤建設（株）", "address": "千葉県南房総市白子８３１番地", "tel": "0470-46-2505"}}, {"type": "Feature", "geometry": {"type": "Point", "coordinates": [140.288376, 35.423874]}, "properties": {"name": "（株）小沢工務店", "address": "千葉県茂原市茂原１０４７番地９", "tel": "0475-26-6636"}}, {"type": "Feature", "geometry": {"type": "Point", "coordinates": [139.855713, 35.024982]}, "properties": {"name": "（株）オシダリ", "address": "千葉県館山市那古６８９番地１", "tel": "0470-27-3331"}}, {"type": "Feature", "geometry": {"type": "Point", "coordinates": [139.996536, 35.764492]}, "properties": {"name": "（有）小田建設", "address": "千葉県鎌ヶ谷市道野辺中央二丁目３番１５号", "tel": "047-441-4188"}}, {"type": "Feature", "geometry": {"type": "Point", "coordinates": [139.980087, 35.700073]}, "properties": {"name": "（株）小田原工務店", "address": "千葉県船橋市海神一丁目３１番３２号", "tel": "047-434-1366"}}, {"type": "Feature", "geometry": {"type": "Point", "coordinates": [140.17421, 35.678448]}, "properties": {"name": "尾出建設（株）", "address": "千葉県四街道市栗山９４６番地の８", "tel": "043-422-2352"}}, {"type": "Feature", "geometry": {"type": "Point", "coordinates": [140.321136, 35.783951]}, "properties": {"name": "（株）小野瀬工務店", "address": "千葉県成田市田町５９番地", "tel": "0476-22-1010"}}, {"type": "Feature", "geometry": {"type": "Point", "coordinates": [140.139221, 35.8032]}, "properties": {"name": "（株）小幡工務店", "address": "千葉県印西市草深１０４２番地", "tel": "0476-46-0259"}}, {"type": "Feature", "geometry": {"type": "Point", "coordinates": [140.125153, 35.606842]}, "properties": {"name": "（株）開周堂", "address": "千葉市中央区中央四丁目９番７号", "tel": "043-227-6336"}}, {"type": "Feature", "geometry": {"type": "Point", "coordinates": [140.124802, 35.609272]}, "properties": {"name": "（株）海成", "address": "千葉市中央区中央三丁目１０番６号", "tel": "043-306-5351"}}, {"type": "Feature", "geometry": {"type": "Point", "coordinates": [140.314011, 35.663322]}, "properties": {"name": "（株）海寶製材所", "address": "千葉県八街市八街ほ２３５番地", "tel": "043-444-0013"}}, {"type": "Feature", "geometry": {"type": "Point", "coordinates": [139.900253, 35.789963]}, "properties": {"name": "輝建設（株）", "address": "千葉県松戸市根本１２４番地", "tel": "047-362-2164"}}, {"type": "Feature", "geometry": {"type": "Point", "coordinates": [139.910248, 35.378765]}, "properties": {"name": "（株）角井", "address": "千葉県木更津市潮浜一丁目１７番１９号", "tel": "0438-37-4121"}}, {"type": "Feature", "geometry": {"type": "Point", "coordinates": [140.188049, 35.627155]}, "properties": {"name": "かしの木建設（株）", "address": "千葉市若葉区千城台西２丁目２番５号", "tel": "043-237-1886"}}, {"type": "Feature", "geometry": {"type": "Point", "coordinates": [139.840057, 35.321323]}, "properties": {"name": "（有）鹿島建工", "address": "千葉県富津市青木７１８番地", "tel": "0439-87-0272"}}, {"type": "Feature", "geometry": {"type": "Point", "coordinates": [139.967392, 35.840229]}, "properties": {"name": "柏ファミリー建設（有）", "address": "千葉県柏市豊住五丁目４番７号", "tel": "04-7199-3781"}}, {"type": "Feature", "geometry": {"type": "Point", "coordinates": [140.008377, 35.806602]}, "properties": {"name": "（株）和工務店", "address": "千葉県柏市高柳９２９‐１", "tel": "04-7179-5014"}}, {"type": "Feature", "geometry": {"type": "Point", "coordinates": [139.933411, 35.40765]}, "properties": {"name": "上総工業（株）", "address": "千葉県木更津市高砂一丁目９番３０号", "tel": "0438-41-1862"}}, {"type": "Feature", "geometry": {"type": "Point", "coordinates": [140.533615, 35.646839]}, "properties": {"name": "（有）加瀬建設", "address": "千葉県山武郡横芝光町原方１０８８番地の１", "tel": "0479-84-1824"}}, {"type": "Feature", "geometry": {"type": "Point", "coordinates": [140.599564, 35.714062]}, "properties": {"name": "（株）加瀬工業", "address": "千葉県旭市川口２６６８番地の２", "tel": "0479-63-2019"}}, {"type": "Feature", "geometry": {"type": "Point", "coordinates": [140.380539, 35.3694]}, "properties": {"name": "片岡工業（株）", "address": "千葉県長生郡一宮町一宮３１７８番地", "tel": "0475-42-3633"}}, {"type": "Feature", "geometry": {"type": "Point", "coordinates": [140.473206, 35.872517]}, "properties": {"name": "片野建設（株）", "address": "千葉県香取市与倉９１７番地", "tel": "0478-55-1801"}}, {"type": "Feature", "geometry": {"type": "Point", "coordinates": [139.923508, 35.711815]}, "properties": {"name": "勝美建設（株）", "address": "千葉県市川市稲荷木一丁目２３番１３号", "tel": "047-378-4141"}}, {"type": "Feature", "geometry": {"type": "Point", "coordinates": [139.942108, 35.025276]}, "properties": {"name": "加藤建設（株）", "address": "千葉県南房総市沓見１２番地の１", "tel": "0470-46-3953"}}, {"type": "Feature", "geometry": {"type": "Point", "coordinates": [140.103989, 35.103745]}, "properties": {"name": "加藤工業（株）", "address": "千葉県鴨川市前原２５７番地", "tel": "04-7092-2158"}}, {"type": "Feature", "geometry": {"type": "Point", "coordinates": [139.997879, 35.697609]}, "properties": {"name": "カネケン京葉コミュニティ（株）", "address": "千葉県船橋市東船橋一丁目１番８号", "tel": "047-422-1580"}}, {"type": "Feature", "geometry": {"type": "Point", "coordinates": [140.16008, 35.670483]}, "properties": {"name": "（株）金正", "address": "千葉県四街道市大日２９９番地９", "tel": "043-422-3038"}}, {"type": "Feature", "geometry": {"type": "Point", "coordinates": [140.378296, 35.398232]}, "properties": {"name": "（株）狩野建設", "address": "千葉県長生郡長生村一松丙２５５９番地", "tel": "0475-32-1533"}}, {"type": "Feature", "geometry": {"type": "Point", "coordinates": [139.960129, 35.911266]}, "properties": {"name": "鏑木建設（株）", "address": "千葉県柏市大室２丁目２番地ー１５", "tel": "04-7157-0777"}}, {"type": "Feature", "geometry": {"type": "Point", "coordinates": [140.469696, 35.735806]}, "properties": {"name": "鎌形建設（株）", "address": "千葉県香取郡多古町多古５９１番地", "tel": "0479-76-2225"}}, {"type": "Feature", "geometry": {"type": "Point", "coordinates": [140.0728, 35.294956]}, "properties": {"name": "（有）神子建設", "address": "千葉県君津市久留里市場４４１番地１", "tel": "0439-27-2075"}}, {"type": "Feature", "geometry": {"type": "Point", "coordinates": [139.950226, 35.725006]}, "properties": {"name": "上條建設（株）", "address": "千葉県市川市若宮三丁目１番１８号", "tel": "047-335-0234"}}, {"type": "Feature", "geometry": {"type": "Point", "coordinates": [140.12796, 35.636345]}, "properties": {"name": "（有）カミハマ企画", "address": "千葉市若葉区みつわ台二丁目１番３", "tel": "043-441-8317"}}, {"type": "Feature", "geometry": {"type": "Point", "coordinates": [140.039886, 35.871998]}, "properties": {"name": "上村建設工業（株）", "address": "千葉県我孫子市天王台１丁目２４番１０号", "tel": "04-7185-2121"}}, {"type": "Feature", "geometry": {"type": "Point", "coordinates": [140.314453, 35.535175]}, "properties": {"name": "（株）萱生工務店", "address": "千葉県大網白里市大網２９９６番地", "tel": "0475-72-0658"}}, {"type": "Feature", "geometry": {"type": "Point", "coordinates": [140.601471, 35.799316]}, "properties": {"name": "（有）川口建設", "address": "千葉県香取市長岡１０６番地の２", "tel": "0478-78-3302"}}, {"type": "Feature", "geometry": {"type": "Point", "coordinates": [140.103409, 35.718323]}, "properties": {"name": "（株）川城建設", "address": "千葉県八千代市大和田１１２番地", "tel": "047-482-5511"}}, {"type": "Feature", "geometry": {"type": "Point", "coordinates": [140.082123, 35.509254]}, "properties": {"name": "（株）河名工業", "address": "千葉県市原市五井１８４５‐１", "tel": "0436-20-7021"}}, {"type": "Feature", "geometry": {"type": "Point", "coordinates": [140.084045, 35.274342]}, "properties": {"name": "（株）川名工務店", "address": "千葉県君津市浦田１７番地", "tel": "0439-27-2050"}}, {"type": "Feature", "geometry": {"type": "Point", "coordinates": [140.12442, 35.612202]}, "properties": {"name": "カヲル興業（株）", "address": "千葉市中央区院内二丁目１４番１号", "tel": "043-222-4060"}}, {"type": "Feature", "geometry": {"type": "Point", "coordinates": [139.864059, 35.042507]}, "properties": {"name": "神作建設", "address": "千葉県南房総市富浦町福澤１９８番地", "tel": "0470-20-4136"}}, {"type": "Feature", "geometry": {"type": "Point", "coordinates": [140.359238, 35.489971]}, "properties": {"name": "（株）関東調査事務所", "address": "千葉県茂原市粟生野３６００番地の２", "tel": "0475-34-8314"}}, {"type": "Feature", "geometry": {"type": "Point", "coordinates": [140.30629, 35.422714]}, "properties": {"name": "関東天然瓦斯開発（株）", "address": "千葉県茂原市茂原６６１番地", "tel": "0475-23-1313"}}, {"type": "Feature", "geometry": {"type": "Point", "coordinates": [140.578049, 35.869343]}, "properties": {"name": "（有）木内建設", "address": "千葉県香取市増田５００番地の１", "tel": "0478-83-6552"}}, {"type": "Feature", "geometry": {"type": "Point", "coordinates": [139.903076, 35.262104]}, "properties": {"name": "企業組合千葉県森林整備協会", "address": "千葉県富津市宝竜寺３２番地", "tel": "0439-66-0720"}}, {"type": "Feature", "geometry": {"type": "Point", "coordinates": [139.910858, 35.677158]}, "properties": {"name": "岸本工業（株）", "address": "千葉県市川市福栄一丁目６番１０号", "tel": "047-359-4881"}}, {"type": "Feature", "geometry": {"type": "Point", "coordinates": [140.002701, 35.443153]}, "properties": {"name": "（株）北袖商事", "address": "千葉県袖ケ浦市蔵波台７丁目９番地３", "tel": "0438-63-3271"}}, {"type": "Feature", "geometry": {"type": "Point", "coordinates": [140.840973, 35.726082]}, "properties": {"name": "木之内建設（株）", "address": "千葉県銚子市前宿町６９８番地", "tel": "0479-22-0125"}}, {"type": "Feature", "geometry": {"type": "Point", "coordinates": [139.922836, 35.383324]}, "properties": {"name": "（株）キミツ鐵構建設", "address": "千葉県木更津市中央一丁目５番９号", "tel": "0438-23-3211"}}, {"type": "Feature", "geometry": {"type": "Point", "coordinates": [139.941345, 35.905888]}, "properties": {"name": "（株）木村ガラス", "address": "千葉県柏市中十余二４０７番地の３", "tel": "04-7133-3321"}}, {"type": "Feature", "geometry": {"type": "Point", "coordinates": [139.958908, 35.709415]}, "properties": {"name": "木村建設工業（株）", "address": "千葉県船橋市西船四丁目１４番１２号", "tel": "047-433-2311"}}, {"type": "Feature", "geometry": {"type": "Point", "coordinates": [140.116882, 35.626438]}, "properties": {"name": "木村土建工業（株）", "address": "千葉市稲毛区作草部二丁目３番１号", "tel": "043-254-3023"}}, {"type": "Feature", "geometry": {"type": "Point", "coordinates": [139.933228, 35.84827]}, "properties": {"name": "（株）木谷工業", "address": "千葉県流山市前ヶ崎４１１番地１", "tel": "04-7146-2840"}}, {"type": "Feature", "geometry": {"type": "Point", "coordinates": [140.057404, 35.749779]}, "properties": {"name": "共栄企画建設（株）", "address": "千葉県船橋市楠が山町２１３番地１", "tel": "047-404-5707"}}, {"type": "Feature", "geometry": {"type": "Point", "coordinates": [140.069916, 35.677818]}, "properties": {"name": "協進建設（株）", "address": "千葉市花見川区長作町３５５番地４", "tel": "043-258-6513"}}, {"type": "Feature", "geometry": {"type": "Point", "coordinates": [140.127533, 35.535744]}, "properties": {"name": "（有）共成建設", "address": "千葉県市原市八幡６７１‐１", "tel": "0436-63-7763"}}, {"type": "Feature", "geometry": {"type": "Point", "coordinates": [139.97641, 35.396343]}, "properties": {"name": "共和建設（株）", "address": "千葉県木更津市大寺１０７５番地", "tel": "0438-98-0338"}}, {"type": "Feature", "geometry": {"type": "Point", "coordinates": [140.562378, 35.889736]}, "properties": {"name": "協和建設工業（株）", "address": "千葉県香取市大倉５３６４番地１", "tel": "0478-57-3111"}}, {"type": "Feature", "geometry": {"type": "Point", "coordinates": [140.111847, 35.754993]}, "properties": {"name": "協和建装工業（株）", "address": "千葉県八千代市米本２１６２番地", "tel": "047-488-2154"}}, {"type": "Feature", "geometry": {"type": "Point", "coordinates": [140.4245, 35.513855]}, "properties": {"name": "（株）技建", "address": "千葉県山武郡九十九里町不動堂３５８番地１", "tel": "0475-76-3720"}}, {"type": "Feature", "geometry": {"type": "Point", "coordinates": [139.928665, 35.723389]}, "properties": {"name": "（株）クープ", "address": "千葉県市川市八幡二丁目３番１６号", "tel": "047-333-3161"}}, {"type": "Feature", "geometry": {"type": "Point", "coordinates": [140.3013, 35.751961]}, "properties": {"name": "国井建設（株）", "address": "千葉県成田市並木町２１１番地", "tel": "0476-23-3040"}}, {"type": "Feature", "geometry": {"type": "Point", "coordinates": [140.108063, 35.121498]}, "properties": {"name": "（株）久保工務店", "address": "千葉県鴨川市広場１６１２番地", "tel": "04-7092-0768"}}, {"type": "Feature", "geometry": {"type": "Point", "coordinates": [140.30574, 35.757412]}, "properties": {"name": "（株）蔵元工房", "address": "千葉県成田市並木町１６７番地３７", "tel": "0476-85-8280"}}, {"type": "Feature", "geometry": {"type": "Point", "coordinates": [140.124054, 35.597748]}, "properties": {"name": "栗原建工（株）", "address": "千葉市中央区末広一丁目１７番１号", "tel": "043-224-4426"}}, {"type": "Feature", "geometry": {"type": "Point", "coordinates": [139.930557, 34.953335]}, "properties": {"name": "（株）黒川建設", "address": "千葉県南房総市千倉町南朝夷１３２３番地の１", "tel": "0470-44-1727"}}, {"type": "Feature", "geometry": {"type": "Point", "coordinates": [140.0728, 35.294956]}, "properties": {"name": "（株）桑田工務店", "address": "千葉県君津市久留里市場８８９番地の２", "tel": "0439-27-3222"}}, {"type": "Feature", "geometry": {"type": "Point", "coordinates": [139.9655, 35.794205]}, "properties": {"name": "（株）グッドユース", "address": "千葉県松戸市五香西一丁目１１番地８", "tel": "047-311-2211"}}, {"type": "Feature", "geometry": {"type": "Point", "coordinates": [139.897675, 35.845676]}, "properties": {"name": "（株）グロース", "address": "千葉県流山市流山八丁目１０３９番地の１３", "tel": "04-7150-0399"}}, {"type": "Feature", "geometry": {"type": "Point", "coordinates": [139.962799, 35.897419]}, "properties": {"name": "Ｋ’ＰＬＵＳ（株）", "address": "千葉県柏市花野井７３８番地５３ベッラプリーモ１階", "tel": "04-7135-5514"}}, {"type": "Feature", "geometry": {"type": "Point", "coordinates": [140.002274, 35.687939]}, "properties": {"name": "（株）Ｋ　ＧＲＩＴ", "address": "千葉県船橋市宮本９丁目１１番１号", "tel": "047-432-4321"}}, {"type": "Feature", "geometry": {"type": "Point", "coordinates": [140.3992, 35.253712]}, "properties": {"name": "（株）慶興", "address": "千葉県いすみ市大原１００９５番地", "tel": "0470-62-0354"}}, {"type": "Feature", "geometry": {"type": "Point", "coordinates": [139.994141, 35.691372]}, "properties": {"name": "京成建設（株）", "address": "千葉県船橋市宮本四丁目１７番３号", "tel": "047-435-6311"}}, {"type": "Feature", "geometry": {"type": "Point", "coordinates": [140.093674, 35.703583]}, "properties": {"name": "京成電設工業（株）", "address": "千葉県八千代市八千代台東１丁目４５番３号", "tel": "047-482-8211"}}, {"type": "Feature", "geometry": {"type": "Point", "coordinates": [140.12326, 35.12075]}, "properties": {"name": "（株）ケイテイエス", "address": "千葉県鴨川市東町５７０番地", "tel": "04-7092-0900"}}, {"type": "Feature", "geometry": {"type": "Point", "coordinates": [139.988083, 35.869946]}, "properties": {"name": "（株）ＫＤ企画", "address": "千葉県柏市北柏４丁目５番地の２８", "tel": "04-7163-7741"}}, {"type": "Feature", "geometry": {"type": "Point", "coordinates": [139.997055, 35.704918]}, "properties": {"name": "（株）ケイハイ", "address": "千葉県船橋市市場三丁目１７番１号", "tel": "047-460-0815"}}, {"type": "Feature", "geometry": {"type": "Point", "coordinates": [139.981705, 35.721478]}, "properties": {"name": "京葉エステート（株）", "address": "千葉県船橋市行田一丁目４８番７号", "tel": "047-429-7272"}}, {"type": "Feature", "geometry": {"type": "Point", "coordinates": [139.928772, 35.711521]}, "properties": {"name": "京葉ガスエナジーソリューション（株）", "address": "千葉県市川市鬼高四丁目３番５号", "tel": "047-314-1540"}}, {"type": "Feature", "geometry": {"type": "Point", "coordinates": [140.00116, 35.704144]}, "properties": {"name": "京葉都市開発（株）", "address": "千葉県船橋市市場五丁目９番２２号", "tel": "047-423-7715"}}, {"type": "Feature", "geometry": {"type": "Point", "coordinates": [140.126556, 35.581329]}, "properties": {"name": "（株）京葉内装", "address": "千葉市中央区今井１‐２０‐１　Ｙ’ｓ２１ビル５Ｆ", "tel": "043-309-4711"}}, {"type": "Feature", "geometry": {"type": "Point", "coordinates": [139.905197, 35.85257]}, "properties": {"name": "京和住設（株）", "address": "千葉県流山市平和台四丁目３５番地４", "tel": "04-7158-1500"}}, {"type": "Feature", "geometry": {"type": "Point", "coordinates": [140.107285, 35.638073]}, "properties": {"name": "検見川リフォーム工業（株）", "address": "千葉市稲毛区穴川町３８７番地１", "tel": "043-256-3900"}}, {"type": "Feature", "geometry": {"type": "Point", "coordinates": [140.293777, 35.651943]}, "properties": {"name": "（株）けやき建設", "address": "千葉県八街市八街い１８８番地２３", "tel": "043-443-2088"}}, {"type": "Feature", "geometry": {"type": "Point", "coordinates": [139.989731, 35.882427]}, "properties": {"name": "（株）建翔", "address": "千葉県柏市根戸４７０番地２９‐３０１号", "tel": "04-7157-2044"}}, {"type": "Feature", "geometry": {"type": "Point", "coordinates": [140.69899, 35.714863]}, "properties": {"name": "（株）ケンシン設計", "address": "千葉県旭市三川４４４８番地", "tel": "0479-50-6101"}}, {"type": "Feature", "geometry": {"type": "Point", "coordinates": [139.92691, 35.373695]}, "properties": {"name": "（株）ケンソー", "address": "千葉県木更津市文京六丁目１１番１６号", "tel": "0438-37-2020"}}, {"type": "Feature", "geometry": {"type": "Point", "coordinates": [139.92691, 35.373695]}, "properties": {"name": "ケンソー・日建経常建設共同企業体", "address": "千葉県木更津市文京六丁目１１番１６号　（株）ケンソー内", "tel": "0438-37-2020"}}, {"type": "Feature", "geometry": {"type": "Point", "coordinates": [139.95491, 35.876377]}, "properties": {"name": "建創（株）", "address": "千葉県柏市高田５３７番地１", "tel": "04-7128-6120"}}, {"type": "Feature", "geometry": {"type": "Point", "coordinates": [140.025818, 35.703293]}, "properties": {"name": "（株）建築サポート", "address": "千葉県船橋市前原西６丁目４番３１号３０１号室", "tel": "047-404-5192"}}, {"type": "Feature", "geometry": {"type": "Point", "coordinates": [140.191132, 35.619633]}, "properties": {"name": "（株）ゲツヨウホーム", "address": "千葉市若葉区千城台南一丁目３番２号", "tel": "043-226-6899"}}, {"type": "Feature", "geometry": {"type": "Point", "coordinates": [139.994858, 35.890831]}, "properties": {"name": "（有）小池塗装店", "address": "千葉県柏市布施６８６番地の６", "tel": "04-7131-6648"}}, {"type": "Feature", "geometry": {"type": "Point", "coordinates": [139.992096, 35.436394]}, "properties": {"name": "（株）古泉工業", "address": "千葉県袖ケ浦市蔵波２９０３番地６０", "tel": "0438-40-5641"}}, {"type": "Feature", "geometry": {"type": "Point", "coordinates": [139.912048, 35.673389]}, "properties": {"name": "（株）小板橋工務店", "address": "千葉県市川市福栄３丁目３番２０号", "tel": "047-397-5855"}}, {"type": "Feature", "geometry": {"type": "Point", "coordinates": [140.162125, 35.669167]}, "properties": {"name": "小出土木工業（株）", "address": "千葉県四街道市大日２８４番地の４", "tel": "043-422-1772"}}, {"type": "Feature", "geometry": {"type": "Point", "coordinates": [139.899963, 34.917847]}, "properties": {"name": "（株）光栄開発", "address": "千葉県南房総市白浜町白浜２８３７番地", "tel": "0470-38-3461"}}, {"type": "Feature", "geometry": {"type": "Point", "coordinates": [140.69899, 35.714863]}, "properties": {"name": "向後建設（株）", "address": "千葉県旭市三川５７１７番地の８８", "tel": "0479-57-2370"}}, {"type": "Feature", "geometry": {"type": "Point", "coordinates": [139.920319, 35.368649]}, "properties": {"name": "光商産業（株）", "address": "千葉県木更津市桜井新町三丁目３番地１", "tel": "0438-36-4121"}}, {"type": "Feature", "geometry": {"type": "Point", "coordinates": [140.333374, 35.373581]}, "properties": {"name": "（有）幸治工務店", "address": "千葉県長生郡睦沢町上市場１０３６番地１", "tel": "0475-42-2250"}}, {"type": "Feature", "geometry": {"type": "Point", "coordinates": [140.106323, 35.618225]}, "properties": {"name": "孝和建商（株）", "address": "千葉市中央区汐見丘町１６番１２号", "tel": "043-245-4111"}}, {"type": "Feature", "geometry": {"type": "Point", "coordinates": [140.148834, 35.497021]}, "properties": {"name": "（株）佼和テクノス", "address": "千葉県市原市能満２１４３番地７５", "tel": "0436-75-3507"}}, {"type": "Feature", "geometry": {"type": "Point", "coordinates": [139.91304, 35.844959]}, "properties": {"name": "興和流通商事（株）", "address": "千葉県流山市宮園二丁目２番地２２", "tel": "04-7158-5566"}}, {"type": "Feature", "geometry": {"type": "Point", "coordinates": [140.273941, 35.738907]}, "properties": {"name": "（株）小坂建設工業", "address": "千葉県印旛郡酒々井町上岩橋２９６番地", "tel": "043-496-0231"}}, {"type": "Feature", "geometry": {"type": "Point", "coordinates": [139.860306, 35.3008]}, "properties": {"name": "（株）小島建設", "address": "千葉県富津市西大和田１２８５番地", "tel": "0439-65-2414"}}, {"type": "Feature", "geometry": {"type": "Point", "coordinates": [140.363983, 35.763569]}, "properties": {"name": "小林建設（株）", "address": "千葉県成田市大清水１２８番地", "tel": "0476-35-2831"}}, {"type": "Feature", "geometry": {"type": "Point", "coordinates": [140.353012, 35.555519]}, "properties": {"name": "小林工業（株）", "address": "千葉県東金市台方８１番地の１", "tel": "0475-54-1747"}}, {"type": "Feature", "geometry": {"type": "Point", "coordinates": [139.980194, 35.744835]}, "properties": {"name": "（株）小林工務店", "address": "千葉県船橋市藤原六丁目１２番１２号", "tel": "047-438-5427"}}, {"type": "Feature", "geometry": {"type": "Point", "coordinates": [140.396622, 35.53677]}, "properties": {"name": "（株）子安建設工業", "address": "千葉県東金市広瀬４３３番地", "tel": "0475-58-5578"}}, {"type": "Feature", "geometry": {"type": "Point", "coordinates": [140.131683, 35.638927]}, "properties": {"name": "小山工務店（株）", "address": "千葉市若葉区みつわ台二丁目１３番２０号", "tel": "043-253-2737"}}, {"type": "Feature", "geometry": {"type": "Point", "coordinates": [140.399551, 35.296803]}, "properties": {"name": "（有）金剛建設", "address": "千葉県いすみ市岬町江場土２２１３番地１", "tel": "0470-87-3538"}}, {"type": "Feature", "geometry": {"type": "Point", "coordinates": [140.364395, 35.552444]}, "properties": {"name": "五木田コンストラクション（株）", "address": "千葉県東金市東金３６６番地", "tel": "0475-52-3063"}}, {"type": "Feature", "geometry": {"type": "Point", "coordinates": [139.913055, 35.81081]}, "properties": {"name": "呉光塗装（株）", "address": "千葉県松戸市中根長津町２５番地", "tel": "047-365-1531"}}, {"type": "Feature", "geometry": {"type": "Point", "coordinates": [140.128906, 35.641788]}, "properties": {"name": "五稜建設（株）", "address": "千葉市若葉区源町１０７番地", "tel": "043-251-7370"}}, {"type": "Feature", "geometry": {"type": "Point", "coordinates": [139.920288, 35.378624]}, "properties": {"name": "斉藤建設（有）", "address": "千葉県木更津市新田二丁目７番３３号", "tel": "0438-22-6331"}}, {"type": "Feature", "geometry": {"type": "Point", "coordinates": [140.459595, 35.88776]}, "properties": {"name": "斎藤工業（株）", "address": "千葉県香取市大戸１６８３番地", "tel": "0478-52-6373"}}, {"type": "Feature", "geometry": {"type": "Point", "coordinates": [140.698776, 35.729107]}, "properties": {"name": "（株）Ｓｉｄｅ", "address": "千葉県旭市蛇園３０４０番地２", "tel": "0479-55-5199"}}, {"type": "Feature", "geometry": {"type": "Point", "coordinates": [139.904037, 35.841949]}, "properties": {"name": "（株）三枝", "address": "千葉県流山市南流山四丁目１０番地の５　三枝ビル３Ｆ", "tel": "04-7157-9611"}}, {"type": "Feature", "geometry": {"type": "Point", "coordinates": [140.284302, 35.425266]}, "properties": {"name": "（株）三枝組", "address": "千葉県茂原市茂原１３１０番地", "tel": "0475-23-5225"}}, {"type": "Feature", "geometry": {"type": "Point", "coordinates": [139.990051, 35.379906]}, "properties": {"name": "（株）三枝建設", "address": "千葉県木更津市笹子９８番地", "tel": "0438-98-0256"}}, {"type": "Feature", "geometry": {"type": "Point", "coordinates": [140.127594, 35.80978]}, "properties": {"name": "栄産業（株）", "address": "千葉県印西市泉８１番地", "tel": "0476-47-5055"}}, {"type": "Feature", "geometry": {"type": "Point", "coordinates": [139.872925, 35.957432]}, "properties": {"name": "（株）坂斉建設", "address": "千葉県野田市鶴奉１３番地", "tel": "04-7122-4745"}}, {"type": "Feature", "geometry": {"type": "Point", "coordinates": [140.122711, 35.490887]}, "properties": {"name": "（株）坂本", "address": "千葉県市原市西広五丁目２番地３", "tel": "0436-24-9493"}}, {"type": "Feature", "geometry": {"type": "Point", "coordinates": [140.319595, 35.152584]}, "properties": {"name": "佐久間建設（株）", "address": "千葉県勝浦市新官１３３９番地", "tel": "0470-73-2125"}}, {"type": "Feature", "geometry": {"type": "Point", "coordinates": [140.123581, 35.630123]}, "properties": {"name": "（株）佐久間工務店", "address": "千葉市稲毛区作草部町１３４９番地１", "tel": "043-254-4511"}}, {"type": "Feature", "geometry": {"type": "Point", "coordinates": [140.309814, 35.665779]}, "properties": {"name": "櫻井建設（株）", "address": "千葉県八街市八街ほ２１１番地", "tel": "043-444-1555"}}, {"type": "Feature", "geometry": {"type": "Point", "coordinates": [140.37471, 35.87471]}, "properties": {"name": "（株）サクラ建設工業", "address": "千葉県成田市小野９１８番地", "tel": "0476-96-0718"}}, {"type": "Feature", "geometry": {"type": "Point", "coordinates": [139.956512, 35.900539]}, "properties": {"name": "桜田建設（株）", "address": "千葉県柏市正連寺３８６番地", "tel": "04-7132-0969"}}, {"type": "Feature", "geometry": {"type": "Point", "coordinates": [139.937759, 35.382812]}, "properties": {"name": "（株）佐々木工務店", "address": "千葉県木更津市木更津三丁目１４番２３号", "tel": "0438-22-7278"}}, {"type": "Feature", "geometry": {"type": "Point", "coordinates": [140.172241, 35.532658]}, "properties": {"name": "（株）笹原工務店", "address": "千葉県市原市ちはら台西二丁目８番２", "tel": "0436-74-1421"}}, {"type": "Feature", "geometry": {"type": "Point", "coordinates": [140.52388, 35.885853]}, "properties": {"name": "（株）笹本土建", "address": "千葉県香取市香取１８２０番地１", "tel": "0478-79-7731"}}, {"type": "Feature", "geometry": {"type": "Point", "coordinates": [139.856308, 35.282394]}, "properties": {"name": "（株）佐生", "address": "千葉県富津市岩瀬８６０番地４", "tel": "0439-65-0078"}}, {"type": "Feature", "geometry": {"type": "Point", "coordinates": [140.510605, 35.602024]}, "properties": {"name": "佐瀬土建（株）", "address": "千葉県山武市蓮沼ロの３１２９番地", "tel": "0475-86-3141"}}, {"type": "Feature", "geometry": {"type": "Point", "coordinates": [140.035202, 35.690628]}, "properties": {"name": "（株）佐野工務店", "address": "千葉県習志野市藤崎一丁目１１番１号", "tel": "047-472-1573"}}, {"type": "Feature", "geometry": {"type": "Point", "coordinates": [140.316559, 35.149715]}, "properties": {"name": "（株）沢工務店", "address": "千葉県勝浦市出水１２７８番地", "tel": "0470-73-0082"}}, {"type": "Feature", "geometry": {"type": "Point", "coordinates": [139.957779, 35.709721]}, "properties": {"name": "山京建設（株）", "address": "千葉県船橋市西船四丁目１８番１４号", "tel": "047-433-6301"}}, {"type": "Feature", "geometry": {"type": "Point", "coordinates": [140.376373, 35.744354]}, "properties": {"name": "（有）サンキョウ総業", "address": "千葉県成田市三里塚１５０番地", "tel": "0476-35-2880"}}, {"type": "Feature", "geometry": {"type": "Point", "coordinates": [139.901184, 35.837704]}, "properties": {"name": "サンコーテクノ（株）", "address": "千葉県流山市南流山三丁目１０番地７", "tel": "04-7157-7735"}}, {"type": "Feature", "geometry": {"type": "Point", "coordinates": [140.163467, 35.590656]}, "properties": {"name": "（有）サンコー内装", "address": "千葉市中央区仁戸名町１７８番地４", "tel": "043-263-1598"}}, {"type": "Feature", "geometry": {"type": "Point", "coordinates": [140.157562, 35.819672]}, "properties": {"name": "山晃興業（株）", "address": "千葉県印西市別所５９９番地", "tel": "0476-42-3270"}}, {"type": "Feature", "geometry": {"type": "Point", "coordinates": [140.320892, 35.746433]}, "properties": {"name": "（株）三勢", "address": "千葉県富里市七栄４８９番地４９", "tel": "0476-93-5539"}}, {"type": "Feature", "geometry": {"type": "Point", "coordinates": [139.887146, 35.639778]}, "properties": {"name": "（株）サンベルク", "address": "千葉県浦安市舞浜二丁目３４番４号", "tel": "047-352-3405"}}, {"type": "Feature", "geometry": {"type": "Point", "coordinates": [139.913467, 35.352627]}, "properties": {"name": "サンヨー建設（株）", "address": "千葉県木更津市港南台二丁目１番地１１", "tel": "0438-37-8100"}}, {"type": "Feature", "geometry": {"type": "Point", "coordinates": [140.472702, 35.863804]}, "properties": {"name": "（株）サンライト建設", "address": "千葉県香取市観音７７１番地９", "tel": "0478-55-0381"}}, {"type": "Feature", "geometry": {"type": "Point", "coordinates": [140.273117, 35.428383]}, "properties": {"name": "（有）サンワトータル", "address": "千葉県茂原市上茂原３５４番地２", "tel": "0475-27-4191"}}, {"type": "Feature", "geometry": {"type": "Point", "coordinates": [139.95575, 35.707664]}, "properties": {"name": "（株）シーエスピー", "address": "千葉県船橋市葛飾町二丁目３７６番地１金子ビル３階", "tel": "047-404-9995"}}, {"type": "Feature", "geometry": {"type": "Point", "coordinates": [140.173096, 35.627983]}, "properties": {"name": "椎木建設（株）", "address": "千葉市若葉区小倉台三丁目２番４号", "tel": "043-231-9211"}}, {"type": "Feature", "geometry": {"type": "Point", "coordinates": [139.955002, 35.88448]}, "properties": {"name": "椎名建設（株）", "address": "千葉県柏市十余二３１３番地３１８", "tel": "04-7133-1261"}}, {"type": "Feature", "geometry": {"type": "Point", "coordinates": [140.04213, 35.86755]}, "properties": {"name": "（有）椎名匠店", "address": "千葉県我孫子市天王台六丁目１番１２号", "tel": "04-7182-0333"}}, {"type": "Feature", "geometry": {"type": "Point", "coordinates": [140.257874, 35.785831]}, "properties": {"name": "（有）シェル工業", "address": "千葉県成田市北須賀１６７５番地", "tel": "0476-27-0504"}}, {"type": "Feature", "geometry": {"type": "Point", "coordinates": [139.901627, 35.663803]}, "properties": {"name": "（株）鹿野建設", "address": "千葉県浦安市北栄四丁目２６番１４号", "tel": "047-355-0190"}}, {"type": "Feature", "geometry": {"type": "Point", "coordinates": [139.919006, 35.741535]}, "properties": {"name": "（株）シカマ体育施設", "address": "千葉県市川市国分一丁目１８番１９号", "tel": "047-372-5566"}}, {"type": "Feature", "geometry": {"type": "Point", "coordinates": [139.857788, 35.948521]}, "properties": {"name": "（株）嶋工務店", "address": "千葉県野田市中野台１４１番地４", "tel": "04-7125-3862"}}, {"type": "Feature", "geometry": {"type": "Point", "coordinates": [140.300873, 35.763714]}, "properties": {"name": "島田建設（株）", "address": "千葉県成田市公津の杜二丁目４２番地６", "tel": "0476-26-0686"}}, {"type": "Feature", "geometry": {"type": "Point", "coordinates": [140.682358, 35.727451]}, "properties": {"name": "（株）島田材木店", "address": "千葉県旭市後草２０２４番地の１", "tel": "0479-55-2828"}}, {"type": "Feature", "geometry": {"type": "Point", "coordinates": [140.056503, 35.764885]}, "properties": {"name": "（株）シャイニングサービス", "address": "千葉県船橋市神保町２７８番地", "tel": "047-457-2345"}}, {"type": "Feature", "geometry": {"type": "Point", "coordinates": [140.137924, 35.661678]}, "properties": {"name": "（株）秀建", "address": "千葉市稲毛区山王町３０３番地２", "tel": "043-304-8115"}}, {"type": "Feature", "geometry": {"type": "Point", "coordinates": [140.018173, 35.744495]}, "properties": {"name": "（株）正栄", "address": "千葉県船橋市二和西三丁目１３番２２号", "tel": "047-407-7135"}}, {"type": "Feature", "geometry": {"type": "Point", "coordinates": [140.125122, 35.609844]}, "properties": {"name": "松栄建設（株）", "address": "千葉市中央区本町１丁目５番１２号", "tel": "043-227-6481"}}, {"type": "Feature", "geometry": {"type": "Point", "coordinates": [140.129959, 35.673058]}, "properties": {"name": "（株）昇和産業", "address": "千葉市稲毛区長沼原町５０５番地１", "tel": "043-259-1011"}}, {"type": "Feature", "geometry": {"type": "Point", "coordinates": [139.925583, 35.725166]}, "properties": {"name": "昭和塗装（株）", "address": "千葉県市川市八幡三丁目１５番１３号", "tel": "047-324-5589"}}, {"type": "Feature", "geometry": {"type": "Point", "coordinates": [140.105072, 35.621433]}, "properties": {"name": "白井興業（株）", "address": "千葉市中央区松波二丁目４番１３号", "tel": "043-251-6141"}}, {"type": "Feature", "geometry": {"type": "Point", "coordinates": [140.133316, 35.611897]}, "properties": {"name": "白戸工業（株）", "address": "千葉市中央区道場南二丁目１２番１７号", "tel": "043-222-0637"}}, {"type": "Feature", "geometry": {"type": "Point", "coordinates": [139.878357, 35.021503]}, "properties": {"name": "白幡興業（株）", "address": "千葉県館山市亀ケ原６８２番地３", "tel": "0470-27-2448"}}, {"type": "Feature", "geometry": {"type": "Point", "coordinates": [139.918869, 35.720364]}, "properties": {"name": "伸榮建設（株）", "address": "千葉県市川市平田四丁目１２番３号", "tel": "047-376-2207"}}, {"type": "Feature", "geometry": {"type": "Point", "coordinates": [140.417999, 35.696983]}, "properties": {"name": "（株）真行寺建設", "address": "千葉県山武郡芝山町小池１３３６番地１", "tel": "0479-77-0003"}}, {"type": "Feature", "geometry": {"type": "Point", "coordinates": [139.888916, 35.641315]}, "properties": {"name": "（株）新巧", "address": "千葉県浦安市富士見五丁目２３番２８号", "tel": "047-305-8841"}}, {"type": "Feature", "geometry": {"type": "Point", "coordinates": [139.891296, 35.337437]}, "properties": {"name": "（株）新昭和", "address": "千葉県君津市東坂田四丁目３番３号", "tel": "0439-55-7711"}}, {"type": "Feature", "geometry": {"type": "Point", "coordinates": [140.181793, 35.751377]}, "properties": {"name": "（株）新星建設", "address": "千葉県印西市師戸７６４番地１９", "tel": "043-463-0400"}}, {"type": "Feature", "geometry": {"type": "Point", "coordinates": [140.023712, 35.796127]}, "properties": {"name": "（有）新星興業", "address": "千葉県鎌ヶ谷市軽井沢２０９７番地３", "tel": "047-446-7312"}}, {"type": "Feature", "geometry": {"type": "Point", "coordinates": [140.305557, 35.284973]}, "properties": {"name": "（株）新清ハイツ", "address": "千葉県いすみ市弥正２６７番地４", "tel": "0470-86-4590"}}, {"type": "Feature", "geometry": {"type": "Point", "coordinates": [140.04924, 35.490967]}, "properties": {"name": "新千葉建設（株）", "address": "千葉県市原市今津朝山３７３番地１", "tel": "0436-61-2696"}}, {"type": "Feature", "geometry": {"type": "Point", "coordinates": [140.281616, 35.779705]}, "properties": {"name": "新東建設（株）", "address": "千葉県成田市吾妻一丁目２１番地２２", "tel": "0476-26-3836"}}, {"type": "Feature", "geometry": {"type": "Point", "coordinates": [140.045013, 35.650475]}, "properties": {"name": "新日本建設（株）", "address": "千葉市美浜区ひび野一丁目４番３", "tel": "043-213-1111"}}, {"type": "Feature", "geometry": {"type": "Point", "coordinates": [140.264984, 35.429714]}, "properties": {"name": "神明建設（株）", "address": "千葉県茂原市箕輪８８番地の２", "tel": "0475-24-2244"}}, {"type": "Feature", "geometry": {"type": "Point", "coordinates": [140.146027, 35.657963]}, "properties": {"name": "伸和建工（株）", "address": "千葉市稲毛区六方町４４番地１", "tel": "043-420-6554"}}, {"type": "Feature", "geometry": {"type": "Point", "coordinates": [140.099182, 35.527969]}, "properties": {"name": "進和建設（株）", "address": "千葉県市原市白金町四丁目５７番地", "tel": "0436-22-8181"}}, {"type": "Feature", "geometry": {"type": "Point", "coordinates": [139.958923, 34.980331]}, "properties": {"name": "（有）シンワ・トータル・サービス", "address": "千葉県南房総市千倉町瀬戸１４１４番地", "tel": "0470-44-5533"}}, {"type": "Feature", "geometry": {"type": "Point", "coordinates": [139.99379, 35.876537]}, "properties": {"name": "ジーンアーキテクツ（有）", "address": "千葉県柏市北柏台１３番地２　北柏パークホームズ壱番館２０４号", "tel": "04-7165-8966"}}, {"type": "Feature", "geometry": {"type": "Point", "coordinates": [140.52211, 35.692585]}, "properties": {"name": "（株）ジェイホーム", "address": "千葉県匝瑳市飯倉台２丁目１１番２０号", "tel": "0479-79-2001"}}, {"type": "Feature", "geometry": {"type": "Point", "coordinates": [140.109451, 35.1152]}, "properties": {"name": "（株）十文字土木", "address": "千葉県鴨川市広場９３３番地", "tel": "04-7092-2358"}}, {"type": "Feature", "geometry": {"type": "Point", "coordinates": [140.469971, 35.720352]}, "properties": {"name": "（株）スガサワ", "address": "千葉県香取郡多古町島堤中１８２５番地", "tel": "0479-76-5022"}}, {"type": "Feature", "geometry": {"type": "Point", "coordinates": [139.959579, 35.755398]}, "properties": {"name": "（有）菅原塗装店", "address": "千葉県市川市大野町四丁目３０４２番地", "tel": "047-338-2526"}}, {"type": "Feature", "geometry": {"type": "Point", "coordinates": [140.119537, 35.610966]}, "properties": {"name": "杉田建設（株）", "address": "千葉市中央区富士見一丁目１５番８号", "tel": "043-215-7787"}}, {"type": "Feature", "geometry": {"type": "Point", "coordinates": [140.065659, 35.686165]}, "properties": {"name": "杉山建設工業（株）", "address": "千葉県習志野市実籾二丁目２０番２号", "tel": "047-474-1131"}}, {"type": "Feature", "geometry": {"type": "Point", "coordinates": [139.978531, 35.864048]}, "properties": {"name": "（株）助川工務店", "address": "千葉県柏市柏六丁目６番１８号", "tel": "04-7163-1011"}}, {"type": "Feature", "geometry": {"type": "Point", "coordinates": [140.091644, 35.723305]}, "properties": {"name": "周郷建設（株）", "address": "千葉県八千代市大和田新田４０６番地", "tel": "047-450-3024"}}, {"type": "Feature", "geometry": {"type": "Point", "coordinates": [140.503418, 35.885738]}, "properties": {"name": "（株）鈴木組", "address": "千葉県香取市佐原イ２５８７番地１", "tel": "0478-54-3511"}}, {"type": "Feature", "geometry": {"type": "Point", "coordinates": [140.510864, 35.66188]}, "properties": {"name": "（有）鈴木建業", "address": "千葉県山武郡横芝光町宮川３７１６番地１", "tel": "0479-84-0124"}}, {"type": "Feature", "geometry": {"type": "Point", "coordinates": [140.682358, 35.727451]}, "properties": {"name": "鈴木建設（株）", "address": "千葉県旭市後草２３６４番地の３", "tel": "0479-55-3221"}}, {"type": "Feature", "geometry": {"type": "Point", "coordinates": [140.429214, 35.637272]}, "properties": {"name": "（株）鈴木興業", "address": "千葉県山武市松尾町上大蔵３１８番地", "tel": "0479-86-2964"}}, {"type": "Feature", "geometry": {"type": "Point", "coordinates": [140.664124, 35.695183]}, "properties": {"name": "鈴木工業（株）", "address": "千葉県旭市足川２９０２番地の１", "tel": "0479-63-7111"}}, {"type": "Feature", "geometry": {"type": "Point", "coordinates": [139.829056, 35.111034]}, "properties": {"name": "（株）鈴木工務店", "address": "千葉県安房郡鋸南町勝山３５３番地", "tel": "0470-55-2801"}}, {"type": "Feature", "geometry": {"type": "Point", "coordinates": [140.574783, 35.884167]}, "properties": {"name": "（株）鈴木産業", "address": "千葉県香取市一ノ分目１１７５番地", "tel": "0478-82-1175"}}, {"type": "Feature", "geometry": {"type": "Point", "coordinates": [140.391205, 35.498131]}, "properties": {"name": "鈴木土建（株）", "address": "千葉県大網白里市細草１６２４番地１", "tel": "0475-77-6111"}}, {"type": "Feature", "geometry": {"type": "Point", "coordinates": [140.499359, 35.646816]}, "properties": {"name": "鈴木木材工業（株）", "address": "千葉県山武郡横芝光町栗山８４０番地", "tel": "0479-82-2138"}}, {"type": "Feature", "geometry": {"type": "Point", "coordinates": [140.537613, 35.701088]}, "properties": {"name": "鈴久建設（株）", "address": "千葉県匝瑳市八日市場イの４３２番地１", "tel": "0479-72-3077"}}, {"type": "Feature", "geometry": {"type": "Point", "coordinates": [140.112869, 35.678646]}, "properties": {"name": "（株）鈴木ユニット", "address": "千葉市花見川区千種町２４１番地１１", "tel": "043-257-5754"}}, {"type": "Feature", "geometry": {"type": "Point", "coordinates": [140.496521, 35.8419]}, "properties": {"name": "（株）鈴徳", "address": "千葉県香取市九美上１２番地", "tel": "0478-59-2332"}}, {"type": "Feature", "geometry": {"type": "Point", "coordinates": [140.131439, 35.556717]}, "properties": {"name": "鈴原産業（株）", "address": "千葉市中央区浜野町６５５番地の３", "tel": "043-264-7878"}}, {"type": "Feature", "geometry": {"type": "Point", "coordinates": [140.177231, 35.604336]}, "properties": {"name": "（有）スズユウ工務店", "address": "千葉市若葉区大宮町２８４１番地の１", "tel": "043-233-6090"}}, {"type": "Feature", "geometry": {"type": "Point", "coordinates": [140.071838, 35.628178]}, "properties": {"name": "（株）ストラクス", "address": "千葉市美浜区高洲三丁目１０番１号", "tel": "043-270-3811"}}, {"type": "Feature", "geometry": {"type": "Point", "coordinates": [140.164276, 35.662067]}, "properties": {"name": "（株）須藤工務店", "address": "千葉県四街道市四街道二丁目１番１３号", "tel": "043-432-2303"}}, {"type": "Feature", "geometry": {"type": "Point", "coordinates": [140.159576, 35.618198]}, "properties": {"name": "スマート（株）", "address": "千葉市若葉区桜木二丁目１番８号", "tel": "043-312-8991"}}, {"type": "Feature", "geometry": {"type": "Point", "coordinates": [140.111847, 35.614769]}, "properties": {"name": "（株）スリーヴイホーム", "address": "千葉市中央区弁天一丁目２番８号", "tel": "043-290-7333"}}, {"type": "Feature", "geometry": {"type": "Point", "coordinates": [140.721481, 35.798706]}, "properties": {"name": "清永建設（株）", "address": "千葉県銚子市桜井町４７２番地", "tel": "0479-30-1919"}}, {"type": "Feature", "geometry": {"type": "Point", "coordinates": [140.07164, 35.642918]}, "properties": {"name": "清建（株）", "address": "千葉市花見川区検見川町五丁目２７３番地", "tel": "043-271-8844"}}, {"type": "Feature", "geometry": {"type": "Point", "coordinates": [139.923889, 35.812057]}, "properties": {"name": "（有）関工業", "address": "千葉県松戸市馬橋２８７７番地", "tel": "047-347-5039"}}, {"type": "Feature", "geometry": {"type": "Point", "coordinates": [140.008087, 35.746605]}, "properties": {"name": "関本工業（株）", "address": "千葉県鎌ヶ谷市南鎌ケ谷二丁目７番１４号", "tel": "047-443-1110"}}, {"type": "Feature", "geometry": {"type": "Point", "coordinates": [139.962006, 35.866253]}, "properties": {"name": "千家工業（有）", "address": "千葉県柏市明原三丁目４番１９号", "tel": "04-7141-6767"}}, {"type": "Feature", "geometry": {"type": "Point", "coordinates": [140.110077, 35.620899]}, "properties": {"name": "善場建設（株）", "address": "千葉市中央区松波三丁目１９番１１号", "tel": "043-251-8422"}}, {"type": "Feature", "geometry": {"type": "Point", "coordinates": [139.881332, 35.947536]}, "properties": {"name": "創英建興（株）", "address": "千葉県野田市横内６６番地の３３", "tel": "04-7123-6611"}}, {"type": "Feature", "geometry": {"type": "Point", "coordinates": [139.905792, 35.851772]}, "properties": {"name": "（株）荘栄建設", "address": "千葉県流山市平和台四丁目７８番地の１０", "tel": "04-7159-9000"}}, {"type": "Feature", "geometry": {"type": "Point", "coordinates": [139.898849, 35.662174]}, "properties": {"name": "（株）ソウケン", "address": "千葉県浦安市猫実三丁目１６番２９号", "tel": "047-355-2012"}}, {"type": "Feature", "geometry": {"type": "Point", "coordinates": [140.042847, 35.76403]}, "properties": {"name": "（株）創建", "address": "千葉県船橋市八木が谷町７番地４６", "tel": "047-404-2319"}}, {"type": "Feature", "geometry": {"type": "Point", "coordinates": [139.936523, 35.719341]}, "properties": {"name": "（株）創研", "address": "千葉県市川市鬼越一丁目５番１号", "tel": "047-712-7506"}}, {"type": "Feature", "geometry": {"type": "Point", "coordinates": [140.419418, 35.526196]}, "properties": {"name": "（株）綜建社", "address": "千葉県山武郡九十九里町粟生２３３番地９", "tel": "0475-76-1171"}}, {"type": "Feature", "geometry": {"type": "Point", "coordinates": [139.961594, 35.707924]}, "properties": {"name": "創建プランニング（株）", "address": "千葉県船橋市西船四丁目３１番２０号", "tel": "047-495-5454"}}, {"type": "Feature", "geometry": {"type": "Point", "coordinates": [140.066254, 35.52087]}, "properties": {"name": "（株）相互", "address": "千葉県市原市玉前西二丁目８番地５", "tel": "0436-22-5665"}}, {"type": "Feature", "geometry": {"type": "Point", "coordinates": [139.93367, 35.368755]}, "properties": {"name": "（株）創翔", "address": "千葉県木更津市請西８８２番地", "tel": "0438-97-7615"}}, {"type": "Feature", "geometry": {"type": "Point", "coordinates": [140.300369, 35.36898]}, "properties": {"name": "（株）創真", "address": "千葉県長生郡長南町芝原２５０６番地", "tel": "0475-47-1333"}}, {"type": "Feature", "geometry": {"type": "Point", "coordinates": [140.133286, 35.644989]}, "properties": {"name": "（有）総信設備", "address": "千葉市若葉区みつわ台四丁目２９番９号", "tel": "043-287-4433"}}, {"type": "Feature", "geometry": {"type": "Point", "coordinates": [140.184402, 35.728798]}, "properties": {"name": "創政建設（株）", "address": "千葉県佐倉市王子台二丁目１３番地１２", "tel": "043-462-7256"}}, {"type": "Feature", "geometry": {"type": "Point", "coordinates": [140.143188, 35.568031]}, "properties": {"name": "（株）ソウビ", "address": "千葉市中央区生実町１１１８番地５", "tel": "043-268-8011"}}, {"type": "Feature", "geometry": {"type": "Point", "coordinates": [140.425934, 35.529167]}, "properties": {"name": "總部建設（株）", "address": "千葉県山武郡九十九里町片貝６８２番地", "tel": "0475-76-7770"}}, {"type": "Feature", "geometry": {"type": "Point", "coordinates": [140.376373, 35.744354]}, "properties": {"name": "總武建設（株）", "address": "千葉県成田市三里塚１５８番地", "tel": "0476-85-6434"}}, {"type": "Feature", "geometry": {"type": "Point", "coordinates": [140.309891, 35.750504]}, "properties": {"name": "（株）創家", "address": "千葉県富里市七栄５３２番地２６４", "tel": "0476-91-0200"}}, {"type": "Feature", "geometry": {"type": "Point", "coordinates": [140.064377, 35.697777]}, "properties": {"name": "（株）総和", "address": "千葉県習志野市東習志野六丁目１番１３号", "tel": "047-478-4591"}}, {"type": "Feature", "geometry": {"type": "Point", "coordinates": [140.229431, 35.708412]}, "properties": {"name": "（株）ソウワプロスパ", "address": "千葉県佐倉市六崎７００番地３", "tel": "043-290-9660"}}, {"type": "Feature", "geometry": {"type": "Point", "coordinates": [140.032608, 35.37571]}, "properties": {"name": "曽我構建（株）", "address": "千葉県袖ケ浦市下根岸１８２番地１", "tel": "0438-75-3094"}}, {"type": "Feature", "geometry": {"type": "Point", "coordinates": [139.996353, 35.450985]}, "properties": {"name": "袖ヶ浦興産（株）", "address": "千葉県袖ケ浦市蔵波２６番地２", "tel": "0438-62-1111"}}, {"type": "Feature", "geometry": {"type": "Point", "coordinates": [139.889587, 35.338806]}, "properties": {"name": "大起建設（株）", "address": "千葉県君津市西坂田四丁目３番２０号", "tel": "0439-55-2038"}}, {"type": "Feature", "geometry": {"type": "Point", "coordinates": [139.865601, 34.91354]}, "properties": {"name": "大秀工業（株）", "address": "千葉県南房総市白浜町滝口７３２０番地", "tel": "0470-38-3311"}}, {"type": "Feature", "geometry": {"type": "Point", "coordinates": [140.343887, 35.393993]}, "properties": {"name": "大昌建設（株）", "address": "千葉県長生郡長生村金田２６９５番地", "tel": "0475-32-0077"}}, {"type": "Feature", "geometry": {"type": "Point", "coordinates": [140.424026, 35.513733]}, "properties": {"name": "（有）大成組", "address": "千葉県山武郡九十九里町不動堂３３５番地１", "tel": "0475-76-8141"}}, {"type": "Feature", "geometry": {"type": "Point", "coordinates": [139.918793, 35.31171]}, "properties": {"name": "太勢建設（株）", "address": "千葉県君津市常代一丁目１２番２６号", "tel": "0439-55-6511"}}, {"type": "Feature", "geometry": {"type": "Point", "coordinates": [140.531235, 35.934174]}, "properties": {"name": "太成興業（株）", "address": "千葉県香取市扇島２１８６番地", "tel": "0478-56-1116"}}, {"type": "Feature", "geometry": {"type": "Point", "coordinates": [140.070114, 35.719242]}, "properties": {"name": "大成産業（株）", "address": "千葉県八千代市大和田新田２番地", "tel": "047-450-7201"}}, {"type": "Feature", "geometry": {"type": "Point", "coordinates": [140.138992, 35.612244]}, "properties": {"name": "大誠産業（株）", "address": "千葉市中央区都町二丁目１５番３号", "tel": "043-233-5211"}}, {"type": "Feature", "geometry": {"type": "Point", "coordinates": [140.115311, 35.783489]}, "properties": {"name": "（株）タイトウ", "address": "千葉県印西市戸神１３６番地２", "tel": "0476-46-0651"}}, {"type": "Feature", "geometry": {"type": "Point", "coordinates": [140.118927, 35.419933]}, "properties": {"name": "太陽工業（株）", "address": "千葉県市原市馬立４１４番地１", "tel": "0436-95-3023"}}, {"type": "Feature", "geometry": {"type": "Point", "coordinates": [140.109283, 35.709801]}, "properties": {"name": "太陽産業（有）", "address": "千葉市花見川区横戸町５番地の２７", "tel": "047-485-8381"}}, {"type": "Feature", "geometry": {"type": "Point", "coordinates": [139.920883, 35.829685]}, "properties": {"name": "太陽ハウス（株）", "address": "千葉県松戸市新松戸一丁目２０４番地", "tel": "047-343-1111"}}, {"type": "Feature", "geometry": {"type": "Point", "coordinates": [140.393127, 35.252728]}, "properties": {"name": "平・池田経常建設共同企業体", "address": "千葉県いすみ市大原８７９２番地１　平建設（株）内", "tel": "0470-66-1327"}}, {"type": "Feature", "geometry": {"type": "Point", "coordinates": [140.393127, 35.252728]}, "properties": {"name": "平建設（株）", "address": "千葉県いすみ市大原８７９２番地１", "tel": "0470-66-1327"}}, {"type": "Feature", "geometry": {"type": "Point", "coordinates": [140.773666, 35.718216]}, "properties": {"name": "（株）高岡組", "address": "千葉県銚子市小浜町２５５９番地の１９", "tel": "0479-21-6507"}}, {"type": "Feature", "geometry": {"type": "Point", "coordinates": [139.971008, 35.879276]}, "properties": {"name": "高木建設（株）", "address": "千葉県柏市松ケ崎１１７０番地３９６", "tel": "04-7128-9486"}}, {"type": "Feature", "geometry": {"type": "Point", "coordinates": [140.504013, 35.863815]}, "properties": {"name": "高木工務店（株）", "address": "千葉県香取市大根７６０番地", "tel": "0478-59-3120"}}, {"type": "Feature", "geometry": {"type": "Point", "coordinates": [140.591003, 35.851673]}, "properties": {"name": "高須建設（株）", "address": "千葉県香取市野田３４１番地の２", "tel": "0478-83-9555"}}, {"type": "Feature", "geometry": {"type": "Point", "coordinates": [140.498672, 35.892796]}, "properties": {"name": "（株）高誠", "address": "千葉県香取市佐原二６５７９番地１", "tel": "0478-56-2278"}}, {"type": "Feature", "geometry": {"type": "Point", "coordinates": [140.238922, 35.83939]}, "properties": {"name": "高野内建設（株）", "address": "千葉県印旛郡栄町安食３５４８番地", "tel": "0476-95-0217"}}, {"type": "Feature", "geometry": {"type": "Point", "coordinates": [140.615082, 35.754463]}, "properties": {"name": "高野建設（株）", "address": "千葉県旭市米込９０５番地の３", "tel": "0479-68-4335"}}, {"type": "Feature", "geometry": {"type": "Point", "coordinates": [140.381851, 35.574474]}, "properties": {"name": "高松工業（株）", "address": "千葉県東金市田間１２５９番地５", "tel": "0475-52-4417"}}, {"type": "Feature", "geometry": {"type": "Point", "coordinates": [140.638184, 35.753311]}, "properties": {"name": "高安建設（株）", "address": "千葉県旭市琴田３２７８番地", "tel": "0479-63-1231"}}, {"type": "Feature", "geometry": {"type": "Point", "coordinates": [139.943695, 35.8638]}, "properties": {"name": "（有）滝村建設工業", "address": "千葉県柏市豊四季２６５番地８", "tel": "04-7147-1119"}}, {"type": "Feature", "geometry": {"type": "Point", "coordinates": [140.00975, 35.683666]}, "properties": {"name": "田久保建設（株）", "address": "千葉県習志野市谷津４丁目２番１９号", "tel": "047-452-0611"}}, {"type": "Feature", "geometry": {"type": "Point", "coordinates": [140.369644, 35.741386]}, "properties": {"name": "拓弥建設（株）", "address": "千葉県成田市本城４２番地３５", "tel": "0476-35-2022"}}, {"type": "Feature", "geometry": {"type": "Point", "coordinates": [140.135361, 35.5816]}, "properties": {"name": "工建設（株）", "address": "千葉市中央区南町二丁目１３番１２号", "tel": "043-265-5551"}}, {"type": "Feature", "geometry": {"type": "Point", "coordinates": [140.8311, 35.730743]}, "properties": {"name": "田杭建設（株）", "address": "千葉県銚子市東芝町７番地の４", "tel": "0479-22-1792"}}, {"type": "Feature", "geometry": {"type": "Point", "coordinates": [139.893204, 35.659382]}, "properties": {"name": "田口住宅工業（株）", "address": "千葉県浦安市堀江三丁目２０番７号", "tel": "047-351-2829"}}, {"type": "Feature", "geometry": {"type": "Point", "coordinates": [140.161423, 35.628262]}, "properties": {"name": "（有）タケイ", "address": "千葉市若葉区桜木８丁目１２番８号", "tel": "043-214-5448"}}, {"type": "Feature", "geometry": {"type": "Point", "coordinates": [140.166794, 35.802177]}, "properties": {"name": "竹内建設（株）", "address": "千葉県印西市原一丁目１番地５", "tel": "0476-40-0033"}}, {"type": "Feature", "geometry": {"type": "Point", "coordinates": [139.971909, 35.776829]}, "properties": {"name": "（株）タザキ", "address": "千葉県松戸市串崎新田６番地の１", "tel": "047-385-9993"}}, {"type": "Feature", "geometry": {"type": "Point", "coordinates": [140.044281, 35.664413]}, "properties": {"name": "達成工業（株）", "address": "千葉市花見川区幕張本郷三丁目１６番７号", "tel": "043-441-8144"}}, {"type": "Feature", "geometry": {"type": "Point", "coordinates": [140.021454, 35.870834]}, "properties": {"name": "立沢建設（株）", "address": "千葉県我孫子市寿二丁目１番１５号", "tel": "04-7184-1181"}}, {"type": "Feature", "geometry": {"type": "Point", "coordinates": [139.897644, 35.016911]}, "properties": {"name": "辰巳建設（株）", "address": "千葉県南房総市本織３４４番地２", "tel": "0470-36-3355"}}, {"type": "Feature", "geometry": {"type": "Point", "coordinates": [139.974167, 35.004742]}, "properties": {"name": "田中建設（株）", "address": "千葉県南房総市白子６６８番地", "tel": "0470-46-2525"}}, {"type": "Feature", "geometry": {"type": "Point", "coordinates": [140.397018, 35.812683]}, "properties": {"name": "（有）田中建設", "address": "千葉県成田市吉岡１１１６番地", "tel": "0476-73-7710"}}, {"type": "Feature", "geometry": {"type": "Point", "coordinates": [140.025925, 35.694511]}, "properties": {"name": "（株）田中工務店", "address": "千葉県船橋市前原東３丁目９番２号", "tel": "047-475-1371"}}, {"type": "Feature", "geometry": {"type": "Point", "coordinates": [139.899887, 35.028767]}, "properties": {"name": "（有）田仲木工所", "address": "千葉県南房総市谷向１２２番地１", "tel": "0470-20-6177"}}, {"type": "Feature", "geometry": {"type": "Point", "coordinates": [139.875732, 35.020767]}, "properties": {"name": "（株）田辺工務店", "address": "千葉県館山市亀ケ原５４７番地５", "tel": "0470-27-6361"}}, {"type": "Feature", "geometry": {"type": "Point", "coordinates": [139.924072, 35.768166]}, "properties": {"name": "（株）谷内工務店", "address": "千葉県松戸市秋山７５４番地", "tel": "047-391-0539"}}, {"type": "Feature", "geometry": {"type": "Point", "coordinates": [140.056854, 35.064964]}, "properties": {"name": "（株）谷工務店", "address": "千葉県鴨川市西江見１６５番地の１", "tel": "04-7096-1231"}}, {"type": "Feature", "geometry": {"type": "Point", "coordinates": [140.010086, 35.705746]}, "properties": {"name": "田丸興業（株）", "address": "千葉県船橋市駿河台一丁目２９番１６号", "tel": "047-425-0022"}}, {"type": "Feature", "geometry": {"type": "Point", "coordinates": [140.130783, 35.568058]}, "properties": {"name": "第一仮設工業（株）", "address": "千葉市中央区蘇我３丁目２４番１２号", "tel": "043-265-7710"}}, {"type": "Feature", "geometry": {"type": "Point", "coordinates": [140.097015, 35.525066]}, "properties": {"name": "大栄技工（株）", "address": "千葉県市原市五井金杉一丁目４１番地２", "tel": "0436-67-1234"}}, {"type": "Feature", "geometry": {"type": "Point", "coordinates": [140.11586, 35.117065]}, "properties": {"name": "大映興業（株）", "address": "千葉県鴨川市西町１０８７番地", "tel": "04-7092-0230"}}, {"type": "Feature", "geometry": {"type": "Point", "coordinates": [139.925751, 35.786785]}, "properties": {"name": "（株）ダイエックス", "address": "千葉県松戸市稔台七丁目７番地の１３井上ビル２階", "tel": "047-361-3000"}}, {"type": "Feature", "geometry": {"type": "Point", "coordinates": [139.950745, 34.968369]}, "properties": {"name": "（株）大兼工務店", "address": "千葉県南房総市千倉町北朝夷２８３０番地の２", "tel": "0470-44-0324"}}, {"type": "Feature", "geometry": {"type": "Point", "coordinates": [140.199493, 35.634403]}, "properties": {"name": "（株）大幹", "address": "千葉市若葉区御成台三丁目１１６８番地２３", "tel": "043-236-7855"}}, {"type": "Feature", "geometry": {"type": "Point", "coordinates": [140.21463, 35.543018]}, "properties": {"name": "大金興業（株）", "address": "千葉市緑区誉田町三丁目７８番地", "tel": "043-291-3770"}}, {"type": "Feature", "geometry": {"type": "Point", "coordinates": [139.989609, 35.75153]}, "properties": {"name": "（有）大黒建装", "address": "千葉県船橋市丸山二丁目３０番３号", "tel": "047-407-2276"}}, {"type": "Feature", "geometry": {"type": "Point", "coordinates": [140.59494, 35.750645]}, "properties": {"name": "大真工業（株）", "address": "千葉県旭市萬力１３７０番地の１", "tel": "0479-68-4331"}}, {"type": "Feature", "geometry": {"type": "Point", "coordinates": [140.167145, 35.765099]}, "properties": {"name": "第進産業（株）", "address": "千葉県印西市岩戸２５９５番地", "tel": "0476-99-0151"}}, {"type": "Feature", "geometry": {"type": "Point", "coordinates": [139.880676, 35.963036]}, "properties": {"name": "（株）大宿", "address": "千葉県野田市金杉２３２１番地３", "tel": "04-7122-0923"}}, {"type": "Feature", "geometry": {"type": "Point", "coordinates": [140.04805, 35.486458]}, "properties": {"name": "（株）ＤＩＣＥ’Ｓ．Ｃｏ．", "address": "千葉県市原市姉崎９８３番地３", "tel": "0436-60-7211"}}, {"type": "Feature", "geometry": {"type": "Point", "coordinates": [139.941162, 35.735737]}, "properties": {"name": "大誠建設（株）", "address": "千葉県市川市宮久保三丁目２０番１６号", "tel": "047-371-1131"}}, {"type": "Feature", "geometry": {"type": "Point", "coordinates": [139.987717, 35.752632]}, "properties": {"name": "（株）大創建設", "address": "千葉県鎌ヶ谷市西道野辺６番３４号", "tel": "047-444-9318"}}, {"type": "Feature", "geometry": {"type": "Point", "coordinates": [140.017685, 35.382446]}, "properties": {"name": "（株）大鐵建設", "address": "千葉県袖ケ浦市横田２５７０番地", "tel": "0438-75-3121"}}, {"type": "Feature", "geometry": {"type": "Point", "coordinates": [140.154175, 35.549686]}, "properties": {"name": "（株）大塗", "address": "千葉市緑区椎名崎町１６０番地４", "tel": "043-309-6187"}}, {"type": "Feature", "geometry": {"type": "Point", "coordinates": [140.327271, 35.842625]}, "properties": {"name": "大徳産業（株）", "address": "千葉県成田市磯部５４１番地の１", "tel": "0476-36-1514"}}, {"type": "Feature", "geometry": {"type": "Point", "coordinates": [140.202408, 35.253319]}, "properties": {"name": "（株）大磐", "address": "千葉県夷隅郡大多喜町中野３３２番地の１", "tel": "0470-83-1001"}}, {"type": "Feature", "geometry": {"type": "Point", "coordinates": [140.369751, 35.742752]}, "properties": {"name": "（株）ダイマツ", "address": "千葉県成田市本城３３番地９", "tel": "0476-37-3055"}}, {"type": "Feature", "geometry": {"type": "Point", "coordinates": [140.361069, 35.74403]}, "properties": {"name": "（株）大松建設", "address": "千葉県成田市西三里塚１番地６３", "tel": "0476-33-6663"}}, {"type": "Feature", "geometry": {"type": "Point", "coordinates": [140.111755, 35.61068]}, "properties": {"name": "大葉開発（株）", "address": "千葉市中央区新町１７番地９", "tel": "043-246-1000"}}, {"type": "Feature", "geometry": {"type": "Point", "coordinates": [140.141281, 35.666317]}, "properties": {"name": "（株）ダイリン", "address": "千葉市稲毛区山王町１３５番地３", "tel": "043-423-2135"}}, {"type": "Feature", "geometry": {"type": "Point", "coordinates": [140.382278, 35.319607]}, "properties": {"name": "（株）大和工務店", "address": "千葉県いすみ市岬町椎木３４８番地の１", "tel": "0470-87-3505"}}, {"type": "Feature", "geometry": {"type": "Point", "coordinates": [139.988983, 35.893639]}, "properties": {"name": "（株）千田工務店", "address": "千葉県柏市布施２４８番地の５", "tel": "04-7132-5138"}}, {"type": "Feature", "geometry": {"type": "Point", "coordinates": [139.915268, 35.726604]}, "properties": {"name": "千東建設（株）", "address": "千葉県市川市新田一丁目２３番１４号", "tel": "047-322-3131"}}, {"type": "Feature", "geometry": {"type": "Point", "coordinates": [139.900391, 35.342049]}, "properties": {"name": "（株）千葉エンジニア", "address": "千葉県木更津市畑沢南一丁目１７番１７号", "tel": "0438-36-0062"}}, {"type": "Feature", "geometry": {"type": "Point", "coordinates": [140.181259, 35.561417]}, "properties": {"name": "千葉グリーンセールス（株）", "address": "千葉市緑区鎌取町７１番地の６", "tel": "043-291-2101"}}, {"type": "Feature", "geometry": {"type": "Point", "coordinates": [140.123779, 35.60936]}, "properties": {"name": "千葉グローブシップ（株）", "address": "千葉市中央区中央三丁目９番１６号", "tel": "043-221-6336"}}, {"type": "Feature", "geometry": {"type": "Point", "coordinates": [139.925705, 35.318214]}, "properties": {"name": "（株）千葉工業", "address": "千葉県君津市外箕輪四丁目３番１１号", "tel": "0439-55-1865"}}, {"type": "Feature", "geometry": {"type": "Point", "coordinates": [139.929794, 35.780861]}, "properties": {"name": "千葉住設（株）", "address": "千葉県松戸市稔台五丁目７番地８", "tel": "047-368-8686"}}, {"type": "Feature", "geometry": {"type": "Point", "coordinates": [140.138809, 35.572655]}, "properties": {"name": "千葉装飾（株）", "address": "千葉市中央区今井町１４９１番地の１０", "tel": "043-266-4359"}}, {"type": "Feature", "geometry": {"type": "Point", "coordinates": [140.140427, 35.611214]}, "properties": {"name": "（株）千葉測器", "address": "千葉市中央区都町二丁目１９番３号", "tel": "043-231-2351"}}, {"type": "Feature", "geometry": {"type": "Point", "coordinates": [140.090683, 35.712231]}, "properties": {"name": "（株）中央企画", "address": "千葉県八千代市八千代台北十丁目２０番１１号", "tel": "047-484-1163"}}, {"type": "Feature", "geometry": {"type": "Point", "coordinates": [140.101837, 35.678211]}, "properties": {"name": "中央日化サービス（株）", "address": "千葉市花見川区犢橋町１６２７番地１２", "tel": "043-259-2971"}}, {"type": "Feature", "geometry": {"type": "Point", "coordinates": [140.275726, 35.417751]}, "properties": {"name": "（有）長栄建設", "address": "千葉県茂原市八幡原７５８番地", "tel": "0475-47-3026"}}, {"type": "Feature", "geometry": {"type": "Point", "coordinates": [140.018112, 35.844357]}, "properties": {"name": "（株）ツールワーク勝", "address": "千葉県柏市手賀の杜５丁目２２番地２", "tel": "04-7189-7231"}}, {"type": "Feature", "geometry": {"type": "Point", "coordinates": [140.18132, 35.515541]}, "properties": {"name": "（有）柘植建工", "address": "千葉県市原市潤井戸２７３番地８", "tel": "0436-74-9906"}}, {"type": "Feature", "geometry": {"type": "Point", "coordinates": [139.902725, 35.863262]}, "properties": {"name": "（有）綱木工業", "address": "千葉県流山市加五丁目１６８３番地１", "tel": "04-7159-3726"}}, {"type": "Feature", "geometry": {"type": "Point", "coordinates": [140.408752, 35.866184]}, "properties": {"name": "椿建設（株）", "address": "千葉県香取郡神崎町古原甲６９８番地", "tel": "0478-72-2326"}}, {"type": "Feature", "geometry": {"type": "Point", "coordinates": [140.141876, 35.124134]}, "properties": {"name": "（有）妻本商店", "address": "千葉県鴨川市浜荻４３０番地１", "tel": "04-7094-2610"}}, {"type": "Feature", "geometry": {"type": "Point", "coordinates": [140.20108, 35.429512]}, "properties": {"name": "鶴岡工務店", "address": "千葉県長生郡長柄町金谷３５０番地１", "tel": "0475-35-4188"}}, {"type": "Feature", "geometry": {"type": "Point", "coordinates": [139.994751, 35.674999]}, "properties": {"name": "（株）ティーエスケー", "address": "千葉県船橋市高瀬町３１番３号", "tel": "047-434-1751"}}, {"type": "Feature", "geometry": {"type": "Point", "coordinates": [139.980835, 35.694977]}, "properties": {"name": "（株）ＴＳトラスト", "address": "千葉県船橋市湊町二丁目８番１０号", "tel": "047-495-5140"}}, {"type": "Feature", "geometry": {"type": "Point", "coordinates": [140.134064, 35.724537]}, "properties": {"name": "ＴＫＫ（株）", "address": "千葉県八千代市上高野１５６９番地", "tel": "047-485-1211"}}, {"type": "Feature", "geometry": {"type": "Point", "coordinates": [140.005478, 35.754894]}, "properties": {"name": "Ｔ．Ｔ．Ｃ（株）", "address": "千葉県鎌ヶ谷市鎌ケ谷八丁目１番８５号", "tel": "047-441-8739"}}, {"type": "Feature", "geometry": {"type": "Point", "coordinates": [140.111572, 35.703365]}, "properties": {"name": "（有）テクノエコパネル", "address": "千葉市花見川区横戸町１４２７番９", "tel": "047-480-1361"}}, {"type": "Feature", "geometry": {"type": "Point", "coordinates": [139.95282, 35.757137]}, "properties": {"name": "テッコウエンジニアリング（株）", "address": "千葉県市川市大野町三丁目１６８７番地３", "tel": "047-339-3911"}}, {"type": "Feature", "geometry": {"type": "Point", "coordinates": [139.857834, 35.149078]}, "properties": {"name": "（有）手塚工務店", "address": "千葉県安房郡鋸南町保田３６３番地", "tel": "0470-55-0910"}}, {"type": "Feature", "geometry": {"type": "Point", "coordinates": [140.335892, 35.169914]}, "properties": {"name": "（同）寺尾建築事務所", "address": "千葉県勝浦市部原１１５８番地５", "tel": "0470-73-7777"}}, {"type": "Feature", "geometry": {"type": "Point", "coordinates": [140.133377, 35.68359]}, "properties": {"name": "（株）展装", "address": "千葉市花見川区大日町１２７４番地", "tel": "043-215-6222"}}, {"type": "Feature", "geometry": {"type": "Point", "coordinates": [139.944412, 35.843464]}, "properties": {"name": "トーカツ建興（株）", "address": "千葉県流山市名都借８２７番地", "tel": "04-7146-0863"}}, {"type": "Feature", "geometry": {"type": "Point", "coordinates": [140.128662, 35.594856]}, "properties": {"name": "（株）トーホープラス", "address": "千葉市中央区末広三丁目７番９号", "tel": "043-263-0033"}}, {"type": "Feature", "geometry": {"type": "Point", "coordinates": [140.629852, 35.720512]}, "properties": {"name": "藤英建設（株）", "address": "千葉県旭市ニの６２９２番地の４", "tel": "0479-63-5878"}}, {"type": "Feature", "geometry": {"type": "Point", "coordinates": [140.176132, 35.564014]}, "properties": {"name": "藤旺建設（株）", "address": "千葉市緑区おゆみ野二丁目４番１２号", "tel": "043-291-5084"}}, {"type": "Feature", "geometry": {"type": "Point", "coordinates": [139.844254, 35.094154]}, "properties": {"name": "東海・青木経常建設共同企業体", "address": "千葉県南房総市久枝１２４４番地１リバージュ２０２　東海建設（株）内", "tel": "0470-57-4050"}}, {"type": "Feature", "geometry": {"type": "Point", "coordinates": [139.844254, 35.094154]}, "properties": {"name": "東海建設（株）", "address": "千葉県南房総市久枝１２４４番地１リバージュ２０２", "tel": "0470-57-4050"}}, {"type": "Feature", "geometry": {"type": "Point", "coordinates": [139.834351, 35.984932]}, "properties": {"name": "東葛工業（株）", "address": "千葉県野田市尾崎１３番地４", "tel": "04-7129-6100"}}, {"type": "Feature", "geometry": {"type": "Point", "coordinates": [140.005814, 35.688232]}, "properties": {"name": "藤建（株）", "address": "千葉県習志野市谷津五丁目４０番３７号", "tel": "047-475-1331"}}, {"type": "Feature", "geometry": {"type": "Point", "coordinates": [140.053146, 35.703869]}, "properties": {"name": "（有）東建ハウジング", "address": "千葉県船橋市三山五丁目２６番１３号", "tel": "047-477-1136"}}, {"type": "Feature", "geometry": {"type": "Point", "coordinates": [139.956955, 35.798405]}, "properties": {"name": "（株）東松園", "address": "千葉県松戸市常盤平四丁目２０番地", "tel": "047-387-6211"}}, {"type": "Feature", "geometry": {"type": "Point", "coordinates": [140.658142, 35.800415]}, "properties": {"name": "（株）東庄建商", "address": "千葉県香取郡東庄町大友５４３番地２", "tel": "0478-87-1220"}}, {"type": "Feature", "geometry": {"type": "Point", "coordinates": [140.394135, 35.282158]}, "properties": {"name": "（株）東昭建設", "address": "千葉県いすみ市日在２１３３番地の２", "tel": "0470-63-0681"}}, {"type": "Feature", "geometry": {"type": "Point", "coordinates": [140.138809, 35.572655]}, "properties": {"name": "（有）東信商会", "address": "千葉市中央区今井町１４９１番地の１４", "tel": "043-266-7676"}}, {"type": "Feature", "geometry": {"type": "Point", "coordinates": [140.372131, 35.355019]}, "properties": {"name": "東日総業（株）", "address": "千葉県長生郡一宮町東浪見２６２０番地", "tel": "0475-42-5511"}}, {"type": "Feature", "geometry": {"type": "Point", "coordinates": [140.036438, 35.752228]}, "properties": {"name": "（株）東豊", "address": "千葉県船橋市三咲四丁目１６番１８号", "tel": "047-448-5470"}}, {"type": "Feature", "geometry": {"type": "Point", "coordinates": [140.339386, 35.782848]}, "properties": {"name": "東邦建設（株）", "address": "千葉県成田市吉倉１５０番地の１８", "tel": "0476-22-7301"}}, {"type": "Feature", "geometry": {"type": "Point", "coordinates": [139.957596, 35.706974]}, "properties": {"name": "東葉技建（株）", "address": "千葉県船橋市葛飾町二丁目３４０番地フロントンビル７階", "tel": "047-435-4350"}}, {"type": "Feature", "geometry": {"type": "Point", "coordinates": [140.717377, 35.800598]}, "properties": {"name": "東和建設（株）", "address": "千葉県銚子市桜井町３４４番地１", "tel": "0479-33-3500"}}, {"type": "Feature", "geometry": {"type": "Point", "coordinates": [140.018631, 35.753952]}, "properties": {"name": "（株）東和工業", "address": "千葉県船橋市二和西六丁目２４番１７号", "tel": "047-447-0461"}}, {"type": "Feature", "geometry": {"type": "Point", "coordinates": [139.972412, 35.856102]}, "properties": {"name": "（株）トキタ工務店", "address": "千葉県柏市中央二丁目３番４号", "tel": "04-7167-2929"}}, {"type": "Feature", "geometry": {"type": "Point", "coordinates": [140.11882, 35.611355]}, "properties": {"name": "常盤興業（株）", "address": "千葉市中央区富士見一丁目１４番１１号", "tel": "043-225-1281"}}, {"type": "Feature", "geometry": {"type": "Point", "coordinates": [140.652863, 35.720306]}, "properties": {"name": "（株）徳英興業", "address": "千葉県旭市ロの３５６番地の８", "tel": "0479-63-6269"}}, {"type": "Feature", "geometry": {"type": "Point", "coordinates": [140.035019, 35.751751]}, "properties": {"name": "土佐工業（株）", "address": "千葉県船橋市三咲四丁目１１番６号", "tel": "047-449-7305"}}, {"type": "Feature", "geometry": {"type": "Point", "coordinates": [140.124603, 35.604969]}, "properties": {"name": "（株）都市環境", "address": "千葉市中央区市場町２番５号", "tel": "043-224-2387"}}, {"type": "Feature", "geometry": {"type": "Point", "coordinates": [140.029343, 35.871643]}, "properties": {"name": "冨弘建設（株）", "address": "千葉県我孫子市泉１７番３７号", "tel": "04-7183-0237"}}, {"type": "Feature", "geometry": {"type": "Point", "coordinates": [140.078644, 35.653988]}, "properties": {"name": "（株）戸村建設", "address": "千葉市花見川区花園町４１番地", "tel": "043-273-7531"}}, {"type": "Feature", "geometry": {"type": "Point", "coordinates": [140.183441, 35.594334]}, "properties": {"name": "（株）トヨクラメント", "address": "千葉市若葉区大宮台一丁目６番１号", "tel": "043-305-1511"}}, {"type": "Feature", "geometry": {"type": "Point", "coordinates": [139.833679, 36.02565]}, "properties": {"name": "（有）トライワーク", "address": "千葉県野田市木間ケ瀬１８３１番地７", "tel": "04-7198-3499"}}, {"type": "Feature", "geometry": {"type": "Point", "coordinates": [139.910995, 35.903542]}, "properties": {"name": "（株）トラストワーク", "address": "千葉県流山市江戸川台東四丁目１８７番地", "tel": "04-7197-3391"}}, {"type": "Feature", "geometry": {"type": "Point", "coordinates": [139.934296, 35.764168]}, "properties": {"name": "（株）トラストワン", "address": "千葉県松戸市秋山三丁目１番地１０ミルーナヒルズＤ松戸４０８号室", "tel": "047-375-8362"}}, {"type": "Feature", "geometry": {"type": "Point", "coordinates": [139.923553, 35.682041]}, "properties": {"name": "（株）トラバース", "address": "千葉県市川市末広二丁目４番１０号", "tel": "047-359-4111"}}, {"type": "Feature", "geometry": {"type": "Point", "coordinates": [140.471191, 35.741226]}, "properties": {"name": "（有）土井産業", "address": "千葉県香取郡多古町多古２７９１番地の３", "tel": "0479-76-2637"}}, {"type": "Feature", "geometry": {"type": "Point", "coordinates": [139.956802, 35.741756]}, "properties": {"name": "（株）中川工務店", "address": "千葉県市川市奉免町５７番地", "tel": "047-337-0228"}}, {"type": "Feature", "geometry": {"type": "Point", "coordinates": [139.954773, 35.743847]}, "properties": {"name": "（株）中川塗装工業", "address": "千葉県市川市南大野二丁目２番７号", "tel": "047-303-8331"}}, {"type": "Feature", "geometry": {"type": "Point", "coordinates": [139.981125, 35.840481]}, "properties": {"name": "（株）仲原建設", "address": "千葉県柏市名戸ケ谷１１６６番地", "tel": "04-7163-6978"}}, {"type": "Feature", "geometry": {"type": "Point", "coordinates": [140.134842, 35.708878]}, "properties": {"name": "（株）ナカムラ", "address": "千葉県佐倉市西志津五丁目１４番６号", "tel": "043-461-6666"}}, {"type": "Feature", "geometry": {"type": "Point", "coordinates": [139.9095, 35.869308]}, "properties": {"name": "（株）中村組", "address": "千葉県流山市三輪野山四丁目１８番地の６０", "tel": "04-7158-5525"}}, {"type": "Feature", "geometry": {"type": "Point", "coordinates": [139.98793, 35.694027]}, "properties": {"name": "中村建設（株）", "address": "千葉県船橋市湊町一丁目１０番６号", "tel": "047-431-0500"}}, {"type": "Feature", "geometry": {"type": "Point", "coordinates": [139.873749, 35.226234]}, "properties": {"name": "（株）中山工務店", "address": "千葉県富津市湊２９３番地７", "tel": "0439-67-0234"}}, {"type": "Feature", "geometry": {"type": "Point", "coordinates": [140.524582, 35.895477]}, "properties": {"name": "永井建設（株）", "address": "千葉県香取市津宮２２７５番地２", "tel": "0478-54-4107"}}, {"type": "Feature", "geometry": {"type": "Point", "coordinates": [139.95372, 35.848087]}, "properties": {"name": "永岡建設工業（株）", "address": "千葉県柏市南柏二丁目１２番１４号", "tel": "04-7145-3121"}}, {"type": "Feature", "geometry": {"type": "Point", "coordinates": [139.898193, 35.281296]}, "properties": {"name": "（株）永塚建設", "address": "千葉県富津市上１４１１番地２", "tel": "0439-65-1686"}}, {"type": "Feature", "geometry": {"type": "Point", "coordinates": [139.902237, 35.868687]}, "properties": {"name": "流山設備工業（有）", "address": "千葉県流山市下花輪１３１４番地の２", "tel": "04-7158-1319"}}, {"type": "Feature", "geometry": {"type": "Point", "coordinates": [140.00058, 35.761917]}, "properties": {"name": "那須設計工務（株）", "address": "千葉県鎌ヶ谷市道野辺本町二丁目１１番７ー７０１号", "tel": "047-443-3207"}}, {"type": "Feature", "geometry": {"type": "Point", "coordinates": [140.130112, 35.671799]}, "properties": {"name": "（株）なのはなハウジング", "address": "千葉市稲毛区長沼原町２８３番地３", "tel": "043-215-6056"}}, {"type": "Feature", "geometry": {"type": "Point", "coordinates": [140.164886, 35.803074]}, "properties": {"name": "行川工業（株）", "address": "千葉県印西市原一丁目２番地バリューモール・２Ｆ１１６", "tel": "0476-85-8617"}}, {"type": "Feature", "geometry": {"type": "Point", "coordinates": [140.077148, 35.704865]}, "properties": {"name": "（株）習志野工業", "address": "千葉県習志野市東習志野八丁目２８番１１号", "tel": "047-478-8131"}}, {"type": "Feature", "geometry": {"type": "Point", "coordinates": [140.373718, 35.750614]}, "properties": {"name": "（株）ナリコー", "address": "千葉県成田市三里塚光ケ丘１番地１３３１", "tel": "0476-35-5325"}}, {"type": "Feature", "geometry": {"type": "Point", "coordinates": [139.932999, 35.886459]}, "properties": {"name": "南洲興業（株）", "address": "千葉県柏市十余二１５６番地", "tel": "04-7133-4123"}}, {"type": "Feature", "geometry": {"type": "Point", "coordinates": [140.280701, 35.532951]}, "properties": {"name": "（株）鳰川組", "address": "千葉市緑区土気町６４２番地", "tel": "043-294-6655"}}, {"type": "Feature", "geometry": {"type": "Point", "coordinates": [140.138489, 35.652534]}, "properties": {"name": "（有）西川塗装店", "address": "千葉市若葉区愛生町２６番地３", "tel": "043-284-0808"}}, {"type": "Feature", "geometry": {"type": "Point", "coordinates": [140.11969, 35.753086]}, "properties": {"name": "（株）西澤建築", "address": "千葉県八千代市大字米本２２７７番地", "tel": "047-488-5550"}}, {"type": "Feature", "geometry": {"type": "Point", "coordinates": [140.601715, 35.851452]}, "properties": {"name": "（株）西宮建設", "address": "千葉県香取市本郷１２２番地", "tel": "0478-82-3301"}}, {"type": "Feature", "geometry": {"type": "Point", "coordinates": [140.770462, 35.721329]}, "properties": {"name": "（株）日栄", "address": "千葉県銚子市小浜町２８１７番地の３", "tel": "0479-26-3896"}}, {"type": "Feature", "geometry": {"type": "Point", "coordinates": [140.258713, 35.418465]}, "properties": {"name": "（有）ニチタケ建設", "address": "千葉県長生郡長南町須田１３８番地３", "tel": "0475-46-3421"}}, {"type": "Feature", "geometry": {"type": "Point", "coordinates": [140.143799, 35.643604]}, "properties": {"name": "（株）日揮工業", "address": "千葉市若葉区都賀の台３丁目５番１５号", "tel": "043-306-9620"}}, {"type": "Feature", "geometry": {"type": "Point", "coordinates": [139.926361, 35.373535]}, "properties": {"name": "日建（株）", "address": "千葉県木更津市幸町一丁目１番６号", "tel": "0438-38-6021"}}, {"type": "Feature", "geometry": {"type": "Point", "coordinates": [140.108429, 35.60854]}, "properties": {"name": "日幸建設（株）", "address": "千葉市中央区登戸一丁目２３番４号", "tel": "043-246-5511"}}, {"type": "Feature", "geometry": {"type": "Point", "coordinates": [140.294189, 35.414337]}, "properties": {"name": "日伸建設（株）", "address": "千葉県茂原市早野１９７６番地", "tel": "0475-24-0555"}}, {"type": "Feature", "geometry": {"type": "Point", "coordinates": [140.320892, 35.746433]}, "properties": {"name": "日生千葉建設事業（協）", "address": "千葉県富里市七栄４８９番地４９", "tel": "0476-93-0771"}}, {"type": "Feature", "geometry": {"type": "Point", "coordinates": [140.143661, 35.548992]}, "properties": {"name": "（株）日東", "address": "千葉市緑区古市場町４７４番地２９０", "tel": "043-266-6831"}}, {"type": "Feature", "geometry": {"type": "Point", "coordinates": [140.084, 35.620647]}, "properties": {"name": "日本カレット（株）", "address": "千葉市美浜区新港１４２番地１", "tel": "043-242-2155"}}, {"type": "Feature", "geometry": {"type": "Point", "coordinates": [139.988266, 35.705051]}, "properties": {"name": "日本建設（株）", "address": "千葉県船橋市本町六丁目１６番７号", "tel": "047-423-7859"}}, {"type": "Feature", "geometry": {"type": "Point", "coordinates": [139.896454, 35.819832]}, "properties": {"name": "日本サービス（株）", "address": "千葉県松戸市主水新田４７６番地１０", "tel": "047-345-5665"}}, {"type": "Feature", "geometry": {"type": "Point", "coordinates": [139.977615, 35.746155]}, "properties": {"name": "糠信瀝青（株）", "address": "千葉県船橋市藤原六丁目２７番３号", "tel": "047-438-4511"}}, {"type": "Feature", "geometry": {"type": "Point", "coordinates": [140.161179, 35.663338]}, "properties": {"name": "（株）のざわ", "address": "千葉県四街道市四街道一丁目１５番１６号", "tel": "043-312-6245"}}, {"type": "Feature", "geometry": {"type": "Point", "coordinates": [140.328812, 35.74939]}, "properties": {"name": "（有）野路工業", "address": "千葉県富里市久能７５３番地１", "tel": "0476-94-5710"}}, {"type": "Feature", "geometry": {"type": "Point", "coordinates": [140.385223, 35.25927]}, "properties": {"name": "（有）野村土建", "address": "千葉県いすみ市深堀６６２番地５", "tel": "0470-63-0437"}}, {"type": "Feature", "geometry": {"type": "Point", "coordinates": [140.682358, 35.727451]}, "properties": {"name": "（株）萩原工務店", "address": "千葉県旭市後草３２９１番地", "tel": "0479-55-2267"}}, {"type": "Feature", "geometry": {"type": "Point", "coordinates": [140.430115, 35.740284]}, "properties": {"name": "萩原土建（株）", "address": "千葉県山武郡芝山町大里１５５３番地の３", "tel": "0479-78-1131"}}, {"type": "Feature", "geometry": {"type": "Point", "coordinates": [140.003265, 35.851654]}, "properties": {"name": "ＨＡＫＵＥＩ　ＨＯＭＥ　ＭＡＤＥ（株）", "address": "千葉県柏市大井１７３４‐１", "tel": "04-7170-4007"}}, {"type": "Feature", "geometry": {"type": "Point", "coordinates": [139.963058, 35.852261]}, "properties": {"name": "（株）柏塗", "address": "千葉県柏市富里三丁目３番２８号", "tel": "047-138-5993"}}, {"type": "Feature", "geometry": {"type": "Point", "coordinates": [140.109924, 35.681877]}, "properties": {"name": "（有）長谷川製作所", "address": "千葉市花見川区千種町５５番地９", "tel": "043-259-4416"}}, {"type": "Feature", "geometry": {"type": "Point", "coordinates": [140.310242, 35.350868]}, "properties": {"name": "（有）長谷川設備", "address": "千葉県長生郡睦沢町上之郷４６７番地", "tel": "0475-25-4747"}}, {"type": "Feature", "geometry": {"type": "Point", "coordinates": [140.231903, 35.693981]}, "properties": {"name": "長谷川木材（株）", "address": "千葉県佐倉市城３５７番地の１", "tel": "043-484-0387"}}, {"type": "Feature", "geometry": {"type": "Point", "coordinates": [140.00766, 35.669926]}, "properties": {"name": "畠山建設（株）", "address": "千葉県習志野市茜浜一丁目１３番９号", "tel": "047-451-2626"}}, {"type": "Feature", "geometry": {"type": "Point", "coordinates": [140.333878, 35.659584]}, "properties": {"name": "（株）八起産業", "address": "千葉県山武市大木８０２番地", "tel": "043-444-1101"}}, {"type": "Feature", "geometry": {"type": "Point", "coordinates": [140.133072, 35.63261]}, "properties": {"name": "博興建設（株）", "address": "千葉市若葉区東寺山町３２９番地", "tel": "043-251-4812"}}, {"type": "Feature", "geometry": {"type": "Point", "coordinates": [139.954514, 35.743698]}, "properties": {"name": "（株）八功コミュニティ建設", "address": "千葉県市川市南大野二丁目３番１号", "tel": "047-337-6531"}}, {"type": "Feature", "geometry": {"type": "Point", "coordinates": [140.136841, 35.649151]}, "properties": {"name": "（株）初芝", "address": "千葉市若葉区みつわ台五丁目１９番地５", "tel": "043-254-8248"}}, {"type": "Feature", "geometry": {"type": "Point", "coordinates": [140.106567, 35.621887]}, "properties": {"name": "花澤建設（株）", "address": "千葉市中央区松波二丁目２１番５号", "tel": "043-254-9271"}}, {"type": "Feature", "geometry": {"type": "Point", "coordinates": [139.963608, 35.78426]}, "properties": {"name": "（株）ハナノイ", "address": "千葉県松戸市松飛台２１５番地２", "tel": "047-311-8701"}}, {"type": "Feature", "geometry": {"type": "Point", "coordinates": [139.906906, 35.726135]}, "properties": {"name": "（有）英設備工業", "address": "千葉県市川市市川南一丁目６番９号", "tel": "047-324-3804"}}, {"type": "Feature", "geometry": {"type": "Point", "coordinates": [139.914963, 35.368984]}, "properties": {"name": "（株）ハマダ", "address": "千葉県木更津市潮見四丁目１４番地９", "tel": "0438-36-7721"}}, {"type": "Feature", "geometry": {"type": "Point", "coordinates": [140.271759, 35.429428]}, "properties": {"name": "（有）浜谷総業", "address": "千葉県茂原市長谷６２９番地５", "tel": "0475-25-7556"}}, {"type": "Feature", "geometry": {"type": "Point", "coordinates": [140.69899, 35.714863]}, "properties": {"name": "（株）ハヤシ工務店", "address": "千葉県旭市三川１２１５６‐１", "tel": "0479-50-5666"}}, {"type": "Feature", "geometry": {"type": "Point", "coordinates": [139.857727, 35.333508]}, "properties": {"name": "（株）ハヤシ造園土木", "address": "千葉県富津市大堀一丁目９番地２", "tel": "0439-88-0067"}}, {"type": "Feature", "geometry": {"type": "Point", "coordinates": [139.857834, 35.149078]}, "properties": {"name": "（有）半十郎", "address": "千葉県安房郡鋸南町保田３５７番地", "tel": "0470-55-0924"}}, {"type": "Feature", "geometry": {"type": "Point", "coordinates": [140.199493, 35.634403]}, "properties": {"name": "光工商（株）", "address": "千葉市若葉区御成台三丁目１１６８番地１５", "tel": "043-237-2600"}}, {"type": "Feature", "geometry": {"type": "Point", "coordinates": [139.985504, 35.700726]}, "properties": {"name": "東日本都市開発（株）", "address": "千葉県船橋市本町一丁目３番１号", "tel": "047-460-3000"}}, {"type": "Feature", "geometry": {"type": "Point", "coordinates": [140.172531, 35.678246]}, "properties": {"name": "（株）引地組", "address": "千葉県四街道市栗山９９１番地２", "tel": "043-423-0570"}}, {"type": "Feature", "geometry": {"type": "Point", "coordinates": [140.141876, 35.124134]}, "properties": {"name": "（株）久野工業", "address": "千葉県鴨川市浜荻４０５番地", "tel": "04-7094-0631"}}, {"type": "Feature", "geometry": {"type": "Point", "coordinates": [140.074188, 35.697174]}, "properties": {"name": "（株）日立産機グリーンテック", "address": "千葉県習志野市東習志野三丁目１５番１１号", "tel": "047-477-5300"}}, {"type": "Feature", "geometry": {"type": "Point", "coordinates": [140.043716, 35.48251]}, "properties": {"name": "（株）ひらい", "address": "千葉県市原市姉崎７３６番地１", "tel": "0436-62-2359"}}, {"type": "Feature", "geometry": {"type": "Point", "coordinates": [139.848724, 35.940659]}, "properties": {"name": "平井建設（株）", "address": "千葉県野田市中野台７１８番地", "tel": "04-7123-3175"}}, {"type": "Feature", "geometry": {"type": "Point", "coordinates": [140.20015, 35.613945]}, "properties": {"name": "（株）平野塗装", "address": "千葉市若葉区金親町２０６番地３‐１０３号", "tel": "043-237-1980"}}, {"type": "Feature", "geometry": {"type": "Point", "coordinates": [140.260757, 35.287319]}, "properties": {"name": "平林建設（株）", "address": "千葉県夷隅郡大多喜町森宮１０９番地１", "tel": "0470-82-4982"}}, {"type": "Feature", "geometry": {"type": "Point", "coordinates": [140.316544, 35.775349]}, "properties": {"name": "平山建設（株）", "address": "千葉県成田市花崎町９４３番地１", "tel": "0476-23-1111"}}, {"type": "Feature", "geometry": {"type": "Point", "coordinates": [139.940308, 35.86515]}, "properties": {"name": "広島建設（株）", "address": "千葉県柏市豊四季１００４番地", "tel": "04-7143-8411"}}, {"type": "Feature", "geometry": {"type": "Point", "coordinates": [139.961472, 35.879749]}, "properties": {"name": "（株）廣瀬工業", "address": "千葉県柏市高田１０１３番地５７号", "tel": "04-7128-5591"}}, {"type": "Feature", "geometry": {"type": "Point", "coordinates": [140.14006, 35.616917]}, "properties": {"name": "（株）ビーアイテック", "address": "千葉市若葉区貝塚町４０３番地５", "tel": "043-214-0555"}}, {"type": "Feature", "geometry": {"type": "Point", "coordinates": [140.149399, 35.700085]}, "properties": {"name": "（株）ビリーフデザイン", "address": "千葉県四街道市大日２０５５番地１０", "tel": "043-304-1211"}}, {"type": "Feature", "geometry": {"type": "Point", "coordinates": [140.147614, 35.666531]}, "properties": {"name": "（株）ビルフォーム", "address": "千葉市稲毛区山王町１１‐１７", "tel": "043-420-1981"}}, {"type": "Feature", "geometry": {"type": "Point", "coordinates": [140.19368, 35.735668]}, "properties": {"name": "（有）ファーストケア", "address": "千葉県佐倉市新臼井田１番１５号", "tel": "043-460-5666"}}, {"type": "Feature", "geometry": {"type": "Point", "coordinates": [139.979248, 35.783131]}, "properties": {"name": "（株）ファクト", "address": "千葉県鎌ヶ谷市くぬぎ山五丁目６番８号", "tel": "047-442-4455"}}, {"type": "Feature", "geometry": {"type": "Point", "coordinates": [139.927063, 35.713268]}, "properties": {"name": "（株）福田工務店", "address": "千葉県市川市南八幡二丁目２２番１６号", "tel": "047-370-8134"}}, {"type": "Feature", "geometry": {"type": "Point", "coordinates": [139.925049, 35.680801]}, "properties": {"name": "（有）福田シール興業", "address": "千葉県市川市宝二丁目５番２０号", "tel": "047-399-4838"}}, {"type": "Feature", "geometry": {"type": "Point", "coordinates": [140.096191, 35.72274]}, "properties": {"name": "（株）福本材木店", "address": "千葉県八千代市大和田新田３５５番地の１５", "tel": "047-450-3041"}}, {"type": "Feature", "geometry": {"type": "Point", "coordinates": [140.071304, 35.51836]}, "properties": {"name": "（株）伏見興業", "address": "千葉県市原市五井西４丁目１９番地１８", "tel": "0436-22-3911"}}, {"type": "Feature", "geometry": {"type": "Point", "coordinates": [140.003189, 35.760635]}, "properties": {"name": "（株）フジケン", "address": "千葉県鎌ヶ谷市丸山三丁目５番２５号", "tel": "047-445-8484"}}, {"type": "Feature", "geometry": {"type": "Point", "coordinates": [140.001114, 35.733616]}, "properties": {"name": "不二公業（株）", "address": "千葉県船橋市金杉町８９３番地の１", "tel": "047-438-2511"}}, {"type": "Feature", "geometry": {"type": "Point", "coordinates": [140.200745, 35.12162]}, "properties": {"name": "（有）藤後工務店", "address": "千葉県鴨川市小湊９８番地の１", "tel": "04-7095-2405"}}, {"type": "Feature", "geometry": {"type": "Point", "coordinates": [140.440445, 35.861912]}, "properties": {"name": "藤崎舗道（株）", "address": "千葉県成田市堀籠８３０番地", "tel": "0476-73-4448"}}, {"type": "Feature", "geometry": {"type": "Point", "coordinates": [140.102036, 35.10675]}, "properties": {"name": "冨士三建工業（株）", "address": "千葉県鴨川市横渚９３９番地の６", "tel": "04-7092-0185"}}, {"type": "Feature", "geometry": {"type": "Point", "coordinates": [139.917343, 35.68055]}, "properties": {"name": "（株）フジタカ", "address": "千葉県市川市行徳駅前三丁目７番２０号", "tel": "047-702-5840"}}, {"type": "Feature", "geometry": {"type": "Point", "coordinates": [140.118698, 35.609974]}, "properties": {"name": "（資）藤間シート装飾", "address": "千葉市中央区富士見２丁目８番１１号", "tel": "043-222-1221"}}, {"type": "Feature", "geometry": {"type": "Point", "coordinates": [140.527252, 35.899834]}, "properties": {"name": "（有）藤原製畳所", "address": "千葉県香取市津宮５１２番地", "tel": "0478-57-0800"}}, {"type": "Feature", "geometry": {"type": "Point", "coordinates": [139.991425, 35.444695]}, "properties": {"name": "（株）双葉アメニティ", "address": "千葉県袖ケ浦市蔵波台三丁目３番地１６", "tel": "0438-63-2887"}}, {"type": "Feature", "geometry": {"type": "Point", "coordinates": [140.08255, 35.699226]}, "properties": {"name": "（株）船越組", "address": "千葉県八千代市八千代台西８丁目１１番４号", "tel": "047-482-2621"}}, {"type": "Feature", "geometry": {"type": "Point", "coordinates": [140.3992, 35.253712]}, "properties": {"name": "（株）船忠", "address": "千葉県いすみ市大原１００９５番地４２", "tel": "0470-62-0361"}}, {"type": "Feature", "geometry": {"type": "Point", "coordinates": [139.994659, 35.86161]}, "properties": {"name": "古川建設（株）", "address": "千葉県柏市戸張１３７３番地の５", "tel": "04-7163-7202"}}, {"type": "Feature", "geometry": {"type": "Point", "coordinates": [140.42421, 35.645969]}, "properties": {"name": "フルカワ工業（株）", "address": "千葉県山武市松尾町金尾４４８番１", "tel": "0479-86-7878"}}, {"type": "Feature", "geometry": {"type": "Point", "coordinates": [139.909729, 35.657955]}, "properties": {"name": "（有）フルカワ商会", "address": "千葉県浦安市海楽２丁目１９番９号", "tel": "047-354-3657"}}, {"type": "Feature", "geometry": {"type": "Point", "coordinates": [139.873672, 35.939129]}, "properties": {"name": "（株）古橋鉄工所", "address": "千葉県野田市桜台２０６番地", "tel": "04-7124-5531"}}, {"type": "Feature", "geometry": {"type": "Point", "coordinates": [140.501038, 35.651524]}, "properties": {"name": "古谷建設（株）", "address": "千葉県山武郡横芝光町栗山３１９５番地の１", "tel": "0479-82-3311"}}, {"type": "Feature", "geometry": {"type": "Point", "coordinates": [140.109528, 35.630733]}, "properties": {"name": "（株）プール施設サービス", "address": "千葉市稲毛区轟町三丁目８番１２号", "tel": "043-285-1112"}}, {"type": "Feature", "geometry": {"type": "Point", "coordinates": [140.312332, 35.772705]}, "properties": {"name": "（有）プラス技研工業", "address": "千葉県成田市不動ヶ岡２０９５番地の５", "tel": "0476-24-2493"}}, {"type": "Feature", "geometry": {"type": "Point", "coordinates": [139.905777, 35.337151]}, "properties": {"name": "（株）プラスワンホーム", "address": "千葉県君津市陽光台三丁目１番２４号", "tel": "0439-55-1100"}}, {"type": "Feature", "geometry": {"type": "Point", "coordinates": [140.56134, 35.702026]}, "properties": {"name": "（株）プレスト", "address": "千葉県匝瑳市八日市場ハの７２５番地１", "tel": "0479-72-3312"}}, {"type": "Feature", "geometry": {"type": "Point", "coordinates": [140.380096, 35.781841]}, "properties": {"name": "（株）平成ゼネラル", "address": "千葉県成田市取香５２９番地９６プラザヤマサ３号室", "tel": "0476-94-3030"}}, {"type": "Feature", "geometry": {"type": "Point", "coordinates": [140.230423, 35.715778]}, "properties": {"name": "（株）平和建設", "address": "千葉県佐倉市鏑木町３７７番地１２", "tel": "043-485-0024"}}, {"type": "Feature", "geometry": {"type": "Point", "coordinates": [139.926483, 35.313366]}, "properties": {"name": "ホーナン建設工業（株）", "address": "千葉県君津市外箕輪４丁目３２番３４号", "tel": "0439-52-8023"}}, {"type": "Feature", "geometry": {"type": "Point", "coordinates": [140.00856, 35.842422]}, "properties": {"name": "（株）ホームプロテクトサービス", "address": "千葉県柏市大島田１２２番地６", "tel": "047-161-1661"}}, {"type": "Feature", "geometry": {"type": "Point", "coordinates": [140.160706, 35.550446]}, "properties": {"name": "（株）豊成建設興業", "address": "千葉市緑区椎名崎町４５番地２", "tel": "043-266-2035"}}, {"type": "Feature", "geometry": {"type": "Point", "coordinates": [139.949417, 35.88039]}, "properties": {"name": "（株）ホウツキ", "address": "千葉県柏市高田１０８８番地３", "tel": "04-7136-1214"}}, {"type": "Feature", "geometry": {"type": "Point", "coordinates": [140.152893, 35.585941]}, "properties": {"name": "（有）細谷工務店", "address": "千葉市中央区松ケ丘町６０７番地", "tel": "043-261-2832"}}, {"type": "Feature", "geometry": {"type": "Point", "coordinates": [139.862808, 35.950176]}, "properties": {"name": "（株）堀建設", "address": "千葉県野田市野田７２０番地１", "tel": "04-7124-1111"}}, {"type": "Feature", "geometry": {"type": "Point", "coordinates": [140.014206, 35.676632]}, "properties": {"name": "本田土木工業（株）", "address": "千葉県習志野市袖ケ浦一丁目１０番１１号", "tel": "047-453-6095"}}, {"type": "Feature", "geometry": {"type": "Point", "coordinates": [140.606308, 35.795231]}, "properties": {"name": "前田建設（株）", "address": "千葉県香取市府馬２９５７番地の１", "tel": "0478-78-3131"}}, {"type": "Feature", "geometry": {"type": "Point", "coordinates": [140.04039, 35.28754]}, "properties": {"name": "（有）前田鐵鋼建設", "address": "千葉県君津市向郷９８２番地", "tel": "0439-27-2273"}}, {"type": "Feature", "geometry": {"type": "Point", "coordinates": [139.95491, 35.856548]}, "properties": {"name": "正木建設興業（株）", "address": "千葉県柏市豊上町２０番地６", "tel": "04-7144-5953"}}, {"type": "Feature", "geometry": {"type": "Point", "coordinates": [139.864624, 35.938923]}, "properties": {"name": "（有）桝田建創", "address": "千葉県野田市野田９番地の４", "tel": "04-7125-8305"}}, {"type": "Feature", "geometry": {"type": "Point", "coordinates": [140.148758, 35.835575]}, "properties": {"name": "（株）マツイ", "address": "千葉県印西市木下６８０番地２５", "tel": "0476-49-4700"}}, {"type": "Feature", "geometry": {"type": "Point", "coordinates": [140.110641, 35.606667]}, "properties": {"name": "（有）松崎建築事務所", "address": "千葉市中央区新田町３８番１１号", "tel": "043-247-6631"}}, {"type": "Feature", "geometry": {"type": "Point", "coordinates": [140.124237, 35.701378]}, "properties": {"name": "（株）松戸商事", "address": "千葉県八千代市勝田４７１番地", "tel": "047-482-4865"}}, {"type": "Feature", "geometry": {"type": "Point", "coordinates": [140.031143, 35.742218]}, "properties": {"name": "（株）松丸開発工事", "address": "千葉県船橋市大穴南一丁目１７番１３号", "tel": "047-457-0854"}}, {"type": "Feature", "geometry": {"type": "Point", "coordinates": [140.161896, 35.841408]}, "properties": {"name": "（株）松丸塗装店", "address": "千葉県印西市木下東二丁目２番地１８", "tel": "0476-42-2811"}}, {"type": "Feature", "geometry": {"type": "Point", "coordinates": [140.143692, 35.464947]}, "properties": {"name": "松峰工業（株）", "address": "千葉県市原市武士４７１番地１", "tel": "0436-36-6410"}}, {"type": "Feature", "geometry": {"type": "Point", "coordinates": [140.314682, 35.148087]}, "properties": {"name": "丸一建設（株）", "address": "千葉県勝浦市勝浦１４８番地２", "tel": "0470-73-2231"}}, {"type": "Feature", "geometry": {"type": "Point", "coordinates": [140.359192, 35.439854]}, "properties": {"name": "（株）丸岡興業", "address": "千葉県長生郡白子町北高根３７６５番地", "tel": "0475-33-7056"}}, {"type": "Feature", "geometry": {"type": "Point", "coordinates": [140.151321, 35.615067]}, "properties": {"name": "（株）マルカミ装商", "address": "千葉市中央区都町六丁目２１番７号", "tel": "043-233-4411"}}, {"type": "Feature", "geometry": {"type": "Point", "coordinates": [140.091537, 35.523514]}, "properties": {"name": "（株）マルコウ中村組", "address": "千葉県市原市五井５６９８番地５", "tel": "0436-22-1954"}}, {"type": "Feature", "geometry": {"type": "Point", "coordinates": [140.393097, 35.259151]}, "properties": {"name": "（株）丸昇建設", "address": "千葉県いすみ市深堀１４５８番地", "tel": "0470-62-1978"}}, {"type": "Feature", "geometry": {"type": "Point", "coordinates": [140.405182, 35.460159]}, "properties": {"name": "丸信工業（株）", "address": "千葉県長生郡白子町牛込３９０９番地の６", "tel": "0475-33-3521"}}, {"type": "Feature", "geometry": {"type": "Point", "coordinates": [140.303589, 35.658081]}, "properties": {"name": "丸竹建設（株）", "address": "千葉県八街市八街ほ７９５番地", "tel": "043-444-0672"}}, {"type": "Feature", "geometry": {"type": "Point", "coordinates": [140.109924, 35.63237]}, "properties": {"name": "丸徳興業（株）", "address": "千葉市稲毛区轟町五丁目３番１１号", "tel": "043-255-1316"}}, {"type": "Feature", "geometry": {"type": "Point", "coordinates": [139.923615, 35.792774]}, "properties": {"name": "丸春木材（有）", "address": "千葉県松戸市松戸新田２９７番地の７", "tel": "047-362-6858"}}, {"type": "Feature", "geometry": {"type": "Point", "coordinates": [140.311966, 35.764206]}, "properties": {"name": "丸菱工業（株）", "address": "千葉県成田市不動ヶ岡１９１８番地", "tel": "0476-22-2236"}}, {"type": "Feature", "geometry": {"type": "Point", "coordinates": [140.698776, 35.729107]}, "properties": {"name": "丸美屋建設（株）", "address": "千葉県旭市蛇園３３０６番地", "tel": "0479-55-2195"}}, {"type": "Feature", "geometry": {"type": "Point", "coordinates": [139.858566, 35.952377]}, "properties": {"name": "丸要建設（株）", "address": "千葉県野田市清水１５９番地", "tel": "04-7122-8181"}}, {"type": "Feature", "geometry": {"type": "Point", "coordinates": [140.083374, 35.724327]}, "properties": {"name": "万葉建設（株）", "address": "千葉県八千代市大和田新田９２０番地１２", "tel": "047-450-2020"}}, {"type": "Feature", "geometry": {"type": "Point", "coordinates": [140.083374, 35.724327]}, "properties": {"name": "万葉建設・千葉エンジニア経常建設共同企業体", "address": "千葉県八千代市大和田新田９２０番地１２　万葉建設（株）内", "tel": "047-450-2020"}}, {"type": "Feature", "geometry": {"type": "Point", "coordinates": [139.981873, 35.018497]}, "properties": {"name": "三浦建設（株）", "address": "千葉県南房総市和田町海発１５１８番地３", "tel": "0470-47-2511"}}, {"type": "Feature", "geometry": {"type": "Point", "coordinates": [140.125641, 35.720676]}, "properties": {"name": "みかど建設（株）", "address": "千葉県八千代市村上２０９０番地５", "tel": "047-483-1331"}}, {"type": "Feature", "geometry": {"type": "Point", "coordinates": [140.015503, 35.716629]}, "properties": {"name": "（株）みくに建築", "address": "千葉県船橋市芝山一丁目３６番６号", "tel": "047-465-7131"}}, {"type": "Feature", "geometry": {"type": "Point", "coordinates": [139.953262, 35.71994]}, "properties": {"name": "（株）三邦工務店", "address": "千葉県市川市若宮一丁目１７番５号", "tel": "047-334-6259"}}, {"type": "Feature", "geometry": {"type": "Point", "coordinates": [140.385651, 35.429764]}, "properties": {"name": "（有）御園建設工業", "address": "千葉県長生郡白子町中里３３３３番地", "tel": "0475-33-3817"}}, {"type": "Feature", "geometry": {"type": "Point", "coordinates": [140.104889, 35.638565]}, "properties": {"name": "（有）三田工務店", "address": "千葉市稲毛区小仲台四丁目１４番３６号", "tel": "043-256-5168"}}, {"type": "Feature", "geometry": {"type": "Point", "coordinates": [140.212952, 35.429085]}, "properties": {"name": "（株）三橋土木", "address": "千葉県長生郡長柄町立鳥３９１番地", "tel": "0475-35-3331"}}, {"type": "Feature", "geometry": {"type": "Point", "coordinates": [140.434204, 35.893787]}, "properties": {"name": "三友建設（株）", "address": "千葉県香取市堀之内１番地の１", "tel": "0478-55-1199"}}, {"type": "Feature", "geometry": {"type": "Point", "coordinates": [140.335083, 35.469158]}, "properties": {"name": "（株）緑川組", "address": "千葉県茂原市南吉田３６４４番地の１", "tel": "0475-34-8311"}}, {"type": "Feature", "geometry": {"type": "Point", "coordinates": [140.427078, 35.741604]}, "properties": {"name": "南建設（株）", "address": "千葉県山武郡芝山町大里２２２１番地２", "tel": "0479-78-0106"}}, {"type": "Feature", "geometry": {"type": "Point", "coordinates": [139.967194, 35.027435]}, "properties": {"name": "三平産業（株）", "address": "千葉県南房総市岩糸２３６５番地の５", "tel": "0470-46-2115"}}, {"type": "Feature", "geometry": {"type": "Point", "coordinates": [140.320892, 35.746433]}, "properties": {"name": "三裕建設工業（株）", "address": "千葉県富里市七栄４８９番地４９", "tel": "0476-93-8139"}}, {"type": "Feature", "geometry": {"type": "Point", "coordinates": [139.963577, 35.84005]}, "properties": {"name": "（株）宮城建設", "address": "千葉県柏市豊住三丁目２番７号", "tel": "04-7174-0513"}}, {"type": "Feature", "geometry": {"type": "Point", "coordinates": [140.772827, 35.738327]}, "properties": {"name": "（株）宮崎工業", "address": "千葉県銚子市三宅町二丁目１４０４番地３", "tel": "0479-24-7558"}}, {"type": "Feature", "geometry": {"type": "Point", "coordinates": [140.085464, 35.513847]}, "properties": {"name": "（株）宮崎工務店", "address": "千葉県市原市五井中央西一丁目１０番地５", "tel": "0436-21-1616"}}, {"type": "Feature", "geometry": {"type": "Point", "coordinates": [139.997894, 35.711597]}, "properties": {"name": "（有）宮下工務店", "address": "千葉県船橋市夏見５丁目２０番１４号", "tel": "047-423-3027"}}, {"type": "Feature", "geometry": {"type": "Point", "coordinates": [140.124664, 35.502235]}, "properties": {"name": "宮田塗装工業（株）", "address": "千葉県市原市山田橋一丁目６番地４", "tel": "0436-41-7570"}}, {"type": "Feature", "geometry": {"type": "Point", "coordinates": [139.980042, 35.697556]}, "properties": {"name": "宮原建工（株）", "address": "千葉県船橋市南本町１番１２号", "tel": "047-431-2820"}}, {"type": "Feature", "geometry": {"type": "Point", "coordinates": [140.025452, 35.723503]}, "properties": {"name": "雅野建設（株）", "address": "千葉県船橋市芝山五丁目３９番１号", "tel": "047-404-7333"}}, {"type": "Feature", "geometry": {"type": "Point", "coordinates": [140.142746, 35.611477]}, "properties": {"name": "宮前建設（株）", "address": "千葉市中央区都町二丁目２４番１０号", "tel": "043-214-7781"}}, {"type": "Feature", "geometry": {"type": "Point", "coordinates": [139.911118, 35.79076]}, "properties": {"name": "三良建設（株）", "address": "千葉県松戸市南花島三丁目５４番地の１", "tel": "047-362-5234"}}, {"type": "Feature", "geometry": {"type": "Point", "coordinates": [140.144348, 35.666828]}, "properties": {"name": "武藤ルーフ工業（株）", "address": "千葉市稲毛区山王町８１番地４２", "tel": "043-423-8120"}}, {"type": "Feature", "geometry": {"type": "Point", "coordinates": [140.181763, 35.73048]}, "properties": {"name": "（株）村上建設", "address": "千葉県佐倉市王子台一丁目２１番地２", "tel": "043-461-8811"}}, {"type": "Feature", "geometry": {"type": "Point", "coordinates": [140.143661, 35.548992]}, "properties": {"name": "明正工業（株）", "address": "千葉市緑区古市場町４７４番地５３", "tel": "043-268-3388"}}, {"type": "Feature", "geometry": {"type": "Point", "coordinates": [140.099686, 35.665272]}, "properties": {"name": "明保住建（株）", "address": "千葉市花見川区さつきが丘１丁目３８番地１", "tel": "043-441-3363"}}, {"type": "Feature", "geometry": {"type": "Point", "coordinates": [140.110718, 35.472919]}, "properties": {"name": "（有）目黒建設", "address": "千葉県市原市新生５３５番地の４", "tel": "0436-36-3102"}}, {"type": "Feature", "geometry": {"type": "Point", "coordinates": [140.159027, 35.43375]}, "properties": {"name": "（株）本吉工務店", "address": "千葉県市原市川在３６４番地", "tel": "0436-36-0701"}}, {"type": "Feature", "geometry": {"type": "Point", "coordinates": [139.838715, 34.908806]}, "properties": {"name": "（株）森組", "address": "千葉県南房総市白浜町根本１５７８番地の２１", "tel": "0470-38-3186"}}, {"type": "Feature", "geometry": {"type": "Point", "coordinates": [140.134338, 35.611633]}, "properties": {"name": "（株）モリケン", "address": "千葉市中央区鶴沢町３番４号", "tel": "043-441-4083"}}, {"type": "Feature", "geometry": {"type": "Point", "coordinates": [139.947449, 35.824085]}, "properties": {"name": "森長建設（株）", "address": "千葉県松戸市小金原二丁目１３番地の５", "tel": "047-341-1236"}}, {"type": "Feature", "geometry": {"type": "Point", "coordinates": [139.910965, 35.789581]}, "properties": {"name": "（株）森山塗工", "address": "千葉県松戸市南花島三丁目５１番地８", "tel": "047-362-0656"}}, {"type": "Feature", "geometry": {"type": "Point", "coordinates": [140.369247, 35.427395]}, "properties": {"name": "（株）諸岡組", "address": "千葉県長生郡長生村本郷４４９６番地", "tel": "0475-32-1969"}}, {"type": "Feature", "geometry": {"type": "Point", "coordinates": [140.161163, 35.59433]}, "properties": {"name": "（株）ヤオキ", "address": "千葉市中央区仁戸名町１３１番地１８", "tel": "043-261-4565"}}, {"type": "Feature", "geometry": {"type": "Point", "coordinates": [139.99234, 35.776608]}, "properties": {"name": "（株）矢口建設", "address": "千葉県鎌ヶ谷市北初富３番８号", "tel": "047-444-1141"}}, {"type": "Feature", "geometry": {"type": "Point", "coordinates": [140.288452, 35.145351]}, "properties": {"name": "（株）安井工務店", "address": "千葉県勝浦市松部１６１２番地１６", "tel": "0470-73-3459"}}, {"type": "Feature", "geometry": {"type": "Point", "coordinates": [140.39151, 35.458004]}, "properties": {"name": "（株）安川", "address": "千葉県長生郡白子町剃金７０６番地３", "tel": "0475-33-4510"}}, {"type": "Feature", "geometry": {"type": "Point", "coordinates": [139.941727, 35.83947]}, "properties": {"name": "（株）安田建設", "address": "千葉県流山市前ヶ崎６８５番地の２９", "tel": "04-7174-5527"}}, {"type": "Feature", "geometry": {"type": "Point", "coordinates": [139.794418, 36.0849]}, "properties": {"name": "（株）谷中組", "address": "千葉県野田市関宿台町５６３４番地の２", "tel": "04-7196-0731"}}, {"type": "Feature", "geometry": {"type": "Point", "coordinates": [140.51329, 35.620461]}, "properties": {"name": "山一土建（株）", "address": "千葉県山武郡横芝光町屋形７３２番地", "tel": "0479-82-5181"}}, {"type": "Feature", "geometry": {"type": "Point", "coordinates": [140.143341, 35.401184]}, "properties": {"name": "山内工業（株）", "address": "千葉県市原市牛久９２２番地２", "tel": "0436-92-1221"}}, {"type": "Feature", "geometry": {"type": "Point", "coordinates": [140.281662, 35.47298]}, "properties": {"name": "（株）山崎組", "address": "千葉県茂原市下太田１１８３番地２", "tel": "0475-34-1211"}}, {"type": "Feature", "geometry": {"type": "Point", "coordinates": [139.865875, 34.995831]}, "properties": {"name": "（株）山崎工務店", "address": "千葉県館山市北条１８９０番地", "tel": "0470-22-3278"}}, {"type": "Feature", "geometry": {"type": "Point", "coordinates": [140.152588, 35.526814]}, "properties": {"name": "（株）山路", "address": "千葉県市原市大厩９６５番地１", "tel": "0436-75-2242"}}, {"type": "Feature", "geometry": {"type": "Point", "coordinates": [139.922058, 35.329819]}, "properties": {"name": "ヤマダ建設（株）", "address": "千葉県君津市南子安七丁目４番１０号", "tel": "0439-55-6005"}}, {"type": "Feature", "geometry": {"type": "Point", "coordinates": [140.015106, 35.875462]}, "properties": {"name": "（有）山田建築", "address": "千葉県我孫子市並木五丁目４番８号", "tel": "04-7185-2251"}}, {"type": "Feature", "geometry": {"type": "Point", "coordinates": [140.123077, 35.591022]}, "properties": {"name": "（株）山田工務所", "address": "千葉市中央区稲荷町一丁目３番１号", "tel": "043-261-4151"}}, {"type": "Feature", "geometry": {"type": "Point", "coordinates": [140.065308, 35.640572]}, "properties": {"name": "大和興業（株）", "address": "千葉市美浜区真砂二丁目１５番１ー６０２号", "tel": "043-277-2510"}}, {"type": "Feature", "geometry": {"type": "Point", "coordinates": [139.960663, 35.754349]}, "properties": {"name": "（株）山中工務店", "address": "千葉県市川市大野町四丁目２９６１番地", "tel": "047-339-7990"}}, {"type": "Feature", "geometry": {"type": "Point", "coordinates": [139.9254, 35.82098]}, "properties": {"name": "（株）山野辺建設", "address": "千葉県松戸市二ツ木１４２３番地", "tel": "047-344-4895"}}, {"type": "Feature", "geometry": {"type": "Point", "coordinates": [140.454971, 35.540337]}, "properties": {"name": "ヤマヒサ建設（株）", "address": "千葉県山武郡九十九里町小関２３３４番地", "tel": "0475-76-7440"}}, {"type": "Feature", "geometry": {"type": "Point", "coordinates": [140.155167, 35.724117]}, "properties": {"name": "山万総合サービス（株）", "address": "千葉県佐倉市ユーカリが丘四丁目１番地１", "tel": "043-462-6700"}}, {"type": "Feature", "geometry": {"type": "Point", "coordinates": [140.202408, 35.253319]}, "properties": {"name": "山本建設（株）", "address": "千葉県夷隅郡大多喜町中野２８１番地", "tel": "0470-83-0009"}}, {"type": "Feature", "geometry": {"type": "Point", "coordinates": [139.866653, 35.947445]}, "properties": {"name": "山本建設工業（株）", "address": "千葉県野田市野田８０７番地", "tel": "04-7123-3111"}}, {"type": "Feature", "geometry": {"type": "Point", "coordinates": [140.181839, 35.631985]}, "properties": {"name": "（株）弥生建設", "address": "千葉市若葉区小倉町１２６６番地１", "tel": "043-231-3007"}}, {"type": "Feature", "geometry": {"type": "Point", "coordinates": [139.950745, 34.968369]}, "properties": {"name": "（有）八幡工務店", "address": "千葉県南房総市千倉町北朝夷５１８番地", "tel": "0470-44-5000"}}, {"type": "Feature", "geometry": {"type": "Point", "coordinates": [139.942856, 35.790211]}, "properties": {"name": "（株）湯浅建設", "address": "千葉県松戸市日暮５丁目２５番地", "tel": "047-387-2281"}}, {"type": "Feature", "geometry": {"type": "Point", "coordinates": [140.637253, 35.757648]}, "properties": {"name": "（株）祐伸建設", "address": "千葉県旭市入野１３００番地", "tel": "0479-68-2804"}}, {"type": "Feature", "geometry": {"type": "Point", "coordinates": [139.955017, 35.841576]}, "properties": {"name": "湯山建設（株）", "address": "千葉県柏市今谷上町４５番地１２", "tel": "04-7174-3636"}}, {"type": "Feature", "geometry": {"type": "Point", "coordinates": [139.908066, 35.337761]}, "properties": {"name": "（株）陽光", "address": "千葉県君津市陽光台３丁目９番３７号", "tel": "0439-54-6441"}}, {"type": "Feature", "geometry": {"type": "Point", "coordinates": [140.483566, 35.660545]}, "properties": {"name": "吉岡建設（株）", "address": "千葉県山武郡横芝光町横芝８００番地", "tel": "0479-82-1231"}}, {"type": "Feature", "geometry": {"type": "Point", "coordinates": [140.69899, 35.714863]}, "properties": {"name": "（株）ヨシケン企画", "address": "千葉県旭市三川セ２３８９番地", "tel": "0479-50-5660"}}, {"type": "Feature", "geometry": {"type": "Point", "coordinates": [140.100342, 35.67366]}, "properties": {"name": "（株）与志建設", "address": "千葉市花見川区犢橋町１５５１番地１", "tel": "043-250-6661"}}, {"type": "Feature", "geometry": {"type": "Point", "coordinates": [140.386932, 35.297394]}, "properties": {"name": "（株）米本工務店", "address": "千葉県いすみ市岬町長者１３０番地", "tel": "0470-87-2321"}}, {"type": "Feature", "geometry": {"type": "Point", "coordinates": [139.885651, 35.646572]}, "properties": {"name": "（株）ライズ", "address": "千葉県浦安市富士見三丁目２１番１８‐１０２", "tel": "047-723-5648"}}, {"type": "Feature", "geometry": {"type": "Point", "coordinates": [140.049271, 35.790813]}, "properties": {"name": "（有）ランディックス・ガーデン", "address": "千葉県白井市根６３３番地１", "tel": "047-492-3390"}}, {"type": "Feature", "geometry": {"type": "Point", "coordinates": [139.944946, 35.715443]}, "properties": {"name": "利興建設（株）", "address": "千葉県船橋市本中山二丁目１３番７号", "tel": "047-333-6024"}}, {"type": "Feature", "geometry": {"type": "Point", "coordinates": [139.953949, 35.753014]}, "properties": {"name": "立建建設（株）", "address": "千葉県市川市大野町二丁目１８４９番地", "tel": "047-337-3615"}}, {"type": "Feature", "geometry": {"type": "Point", "coordinates": [140.158005, 35.563774]}, "properties": {"name": "（有）リフォームアシスト", "address": "千葉市中央区生実町２５３３番地１", "tel": "043-268-7111"}}, {"type": "Feature", "geometry": {"type": "Point", "coordinates": [140.110718, 35.472919]}, "properties": {"name": "レオ工業（株）", "address": "千葉県市原市新生５３２番地１", "tel": "0436-98-2461"}}, {"type": "Feature", "geometry": {"type": "Point", "coordinates": [139.941513, 35.769764]}, "properties": {"name": "（株）ＹＫＫ　ＡＰラクシー", "address": "千葉県松戸市東松戸三丁目７番地の２１", "tel": "047-312-8888"}}, {"type": "Feature", "geometry": {"type": "Point", "coordinates": [139.851685, 35.089298]}, "properties": {"name": "（有）若林製作所", "address": "千葉県南房総市竹内２５３番地", "tel": "0470-57-2069"}}, {"type": "Feature", "geometry": {"type": "Point", "coordinates": [140.829453, 35.731728]}, "properties": {"name": "和光設備（株）", "address": "千葉県銚子市東芝町１番地の７", "tel": "0479-23-3245"}}, {"type": "Feature", "geometry": {"type": "Point", "coordinates": [139.861038, 34.997566]}, "properties": {"name": "渡辺建設（株）", "address": "千葉県館山市北条２３６５番地", "tel": "0470-22-0613"}}, {"type": "Feature", "geometry": {"type": "Point", "coordinates": [140.127686, 35.611141]}, "properties": {"name": "ワタナベ建設（株）", "address": "千葉市中央区道場南一丁目１番１８号", "tel": "043-222-8816"}}, {"type": "Feature", "geometry": {"type": "Point", "coordinates": [139.931915, 35.045494]}, "properties": {"name": "渡辺建設工業（有）", "address": "千葉県南房総市山名２３番地", "tel": "0470-36-2711"}}, {"type": "Feature", "geometry": {"type": "Point", "coordinates": [139.979446, 35.832043]}, "properties": {"name": "ワタベ塗工（株）", "address": "千葉県柏市増尾二丁目１１番７号", "tel": "04-7173-2781"}}, {"type": "Feature", "geometry": {"type": "Point", "coordinates": [140.047729, 35.733932]}, "properties": {"name": "（有）蕨工務店", "address": "千葉県船橋市松が丘三丁目５番１８号", "tel": "047-461-6455"}}]}